architecture,target,event,occurrence,event_label,repetition,status,terminal_status,fault_reason,event_matched,event_match_mission_ms,halt_triggered,halt_recovered,halt_start_after_event_ms,requested_duration_ms,actual_down_ms,mission_ms,completion_delta_vs_arch_baseline_median_ms,coordinator_elapsed_ticks,batch_elapsed_ticks,production_elapsed_ticks,safety_elapsed_ticks,wall_seconds,result_file,debug_log
CENTRALISED,NONE,BASELINE,,,1,EVENT_NOT_REACHED,DRAINED,NONE,False,-1.0,False,False,-1.0,0,0.0,13636.5727,,3839,0,0,0,15.250684,C:\Users\cta10\OneDrive\Desktop\part4\704\704GP1\Integration\Zhiyuan\experiment_runs_event_v4\baseline_centralised_01.result.txt,
CENTRALISED,NONE,BASELINE,,,2,EVENT_NOT_REACHED,DRAINED,NONE,False,-1.0,False,False,-1.0,0,0.0,14020.1313,,2643,0,0,0,16.231803,C:\Users\cta10\OneDrive\Desktop\part4\704\704GP1\Integration\Zhiyuan\experiment_runs_event_v4\baseline_centralised_02.result.txt,
CENTRALISED,NONE,BASELINE,,,3,EVENT_NOT_REACHED,FAULT,TABLE_ALIGNMENT_TIMEOUT,False,-1.0,False,False,-1.0,0,0.0,17069.3762,,2819,0,0,0,20.295858,C:\Users\cta10\OneDrive\Desktop\part4\704\704GP1\Integration\Zhiyuan\experiment_runs_event_v4\baseline_centralised_03.result.txt,
CENTRALISED,NONE,BASELINE,,,4,EVENT_NOT_REACHED,DRAINED,NONE,False,-1.0,False,False,-1.0,0,0.0,14292.5865,,2344,0,0,0,16.500122,C:\Users\cta10\OneDrive\Desktop\part4\704\704GP1\Integration\Zhiyuan\experiment_runs_event_v4\baseline_centralised_04.result.txt,
CENTRALISED,NONE,BASELINE,,,5,EVENT_NOT_REACHED,DRAINED,NONE,False,-1.0,False,False,-1.0,0,0.0,14256.4287,,2277,0,0,0,15.797982,C:\Users\cta10\OneDrive\Desktop\part4\704\704GP1\Integration\Zhiyuan\experiment_runs_event_v4\baseline_centralised_05.result.txt,
CENTRALISED,NONE,BASELINE,,,6,EVENT_NOT_REACHED,DRAINED,NONE,False,-1.0,False,False,-1.0,0,0.0,14280.5555,,2318,0,0,0,16.458789,C:\Users\cta10\OneDrive\Desktop\part4\704\704GP1\Integration\Zhiyuan\experiment_runs_event_v4\baseline_centralised_06.result.txt,
CENTRALISED,NONE,BASELINE,,,7,EVENT_NOT_REACHED,DRAINED,NONE,False,-1.0,False,False,-1.0,0,0.0,14320.4402,,2306,0,0,0,15.811242,C:\Users\cta10\OneDrive\Desktop\part4\704\704GP1\Integration\Zhiyuan\experiment_runs_event_v4\baseline_centralised_07.result.txt,
CENTRALISED,NONE,BASELINE,,,8,EVENT_NOT_REACHED,DRAINED,NONE,False,-1.0,False,False,-1.0,0,0.0,12688.8052,,3138,0,0,0,14.871164,C:\Users\cta10\OneDrive\Desktop\part4\704\704GP1\Integration\Zhiyuan\experiment_runs_event_v4\baseline_centralised_08.result.txt,
CENTRALISED,NONE,BASELINE,,,9,EVENT_NOT_REACHED,DRAINED,NONE,False,-1.0,False,False,-1.0,0,0.0,10183.5438,,6772,0,0,0,11.724092,C:\Users\cta10\OneDrive\Desktop\part4\704\704GP1\Integration\Zhiyuan\experiment_runs_event_v4\baseline_centralised_09.result.txt,
CENTRALISED,NONE,BASELINE,,,10,EVENT_NOT_REACHED,DRAINED,NONE,False,-1.0,False,False,-1.0,0,0.0,10179.5839,,6672,0,0,0,12.361411,C:\Users\cta10\OneDrive\Desktop\part4\704\704GP1\Integration\Zhiyuan\experiment_runs_event_v4\baseline_centralised_10.result.txt,
CENTRALISED,NONE,BASELINE,,,11,EVENT_NOT_REACHED,DRAINED,NONE,False,-1.0,False,False,-1.0,0,0.0,10192.593,,6726,0,0,0,11.776284,C:\Users\cta10\OneDrive\Desktop\part4\704\704GP1\Integration\Zhiyuan\experiment_runs_event_v4\baseline_centralised_11.result.txt,
DECOMPOSED_3CD,NONE,BASELINE,,,1,EVENT_NOT_REACHED,DRAINED,NONE,False,-1.0,False,False,-1.0,0,0.0,13721.9262,,0,4024,4024,4024,15.946189,C:\Users\cta10\OneDrive\Desktop\part4\704\704GP1\Integration\Zhiyuan\experiment_runs_event_v4\baseline_decomposed_3cd_01.result.txt,
DECOMPOSED_3CD,NONE,BASELINE,,,2,EVENT_NOT_REACHED,DRAINED,NONE,False,-1.0,False,False,-1.0,0,0.0,14341.7036,,0,2342,2342,2342,16.030305,C:\Users\cta10\OneDrive\Desktop\part4\704\704GP1\Integration\Zhiyuan\experiment_runs_event_v4\baseline_decomposed_3cd_02.result.txt,
DECOMPOSED_3CD,NONE,BASELINE,,,3,EVENT_NOT_REACHED,DRAINED,NONE,False,-1.0,False,False,-1.0,0,0.0,14352.5841,,0,2305,2305,2305,16.628307,C:\Users\cta10\OneDrive\Desktop\part4\704\704GP1\Integration\Zhiyuan\experiment_runs_event_v4\baseline_decomposed_3cd_03.result.txt,
DECOMPOSED_3CD,NONE,BASELINE,,,4,EVENT_NOT_REACHED,DRAINED,NONE,False,-1.0,False,False,-1.0,0,0.0,14410.8116,,0,2333,2333,2333,16.072372,C:\Users\cta10\OneDrive\Desktop\part4\704\704GP1\Integration\Zhiyuan\experiment_runs_event_v4\baseline_decomposed_3cd_04.result.txt,
DECOMPOSED_3CD,NONE,BASELINE,,,5,EVENT_NOT_REACHED,DRAINED,NONE,False,-1.0,False,False,-1.0,0,0.0,14362.5952,,0,2314,2314,2314,16.783243,C:\Users\cta10\OneDrive\Desktop\part4\704\704GP1\Integration\Zhiyuan\experiment_runs_event_v4\baseline_decomposed_3cd_05.result.txt,
DECOMPOSED_3CD,NONE,BASELINE,,,6,EVENT_NOT_REACHED,DRAINED,NONE,False,-1.0,False,False,-1.0,0,0.0,14338.9123,,0,2256,2256,2256,15.926302,C:\Users\cta10\OneDrive\Desktop\part4\704\704GP1\Integration\Zhiyuan\experiment_runs_event_v4\baseline_decomposed_3cd_06.result.txt,
DECOMPOSED_3CD,NONE,BASELINE,,,7,EVENT_NOT_REACHED,DRAINED,NONE,False,-1.0,False,False,-1.0,0,0.0,14336.2847,,0,2305,2305,2305,16.531642,C:\Users\cta10\OneDrive\Desktop\part4\704\704GP1\Integration\Zhiyuan\experiment_runs_event_v4\baseline_decomposed_3cd_07.result.txt,
DECOMPOSED_3CD,NONE,BASELINE,,,8,EVENT_NOT_REACHED,DRAINED,NONE,False,-1.0,False,False,-1.0,0,0.0,14367.4736,,0,2406,2406,2406,15.925601,C:\Users\cta10\OneDrive\Desktop\part4\704\704GP1\Integration\Zhiyuan\experiment_runs_event_v4\baseline_decomposed_3cd_08.result.txt,
DECOMPOSED_3CD,NONE,BASELINE,,,9,EVENT_NOT_REACHED,DRAINED,NONE,False,-1.0,False,False,-1.0,0,0.0,14350.2594,,0,2229,2229,2229,16.719064,C:\Users\cta10\OneDrive\Desktop\part4\704\704GP1\Integration\Zhiyuan\experiment_runs_event_v4\baseline_decomposed_3cd_09.result.txt,
DECOMPOSED_3CD,NONE,BASELINE,,,10,EVENT_NOT_REACHED,DRAINED,NONE,False,-1.0,False,False,-1.0,0,0.0,14322.7317,,0,2412,2412,2412,15.890874,C:\Users\cta10\OneDrive\Desktop\part4\704\704GP1\Integration\Zhiyuan\experiment_runs_event_v4\baseline_decomposed_3cd_10.result.txt,
CENTRALISED,COORDINATOR,BATCH_ACCEPTED,1,after_valid_B2_acceptance,1,DRAINED,DRAINED,NONE,True,0.119,True,True,0.0,500,501.3471,14993.4955,1165.143500000002,2428,0,0,0,17.238366,C:\Users\cta10\OneDrive\Desktop\part4\704\704GP1\Integration\Zhiyuan\experiment_runs_event_v4\coordinator_batch_accepted_01_rep01.result.txt,
CENTRALISED,COORDINATOR,BATCH_ACCEPTED,1,after_valid_B2_acceptance,2,DRAINED,DRAINED,NONE,True,0.0517,True,True,0.0,500,501.1477,14985.7352,1157.3832000000002,2379,0,0,0,16.543881,C:\Users\cta10\OneDrive\Desktop\part4\704\704GP1\Integration\Zhiyuan\experiment_runs_event_v4\coordinator_batch_accepted_01_rep02.result.txt,
CENTRALISED,COORDINATOR,BATCH_ACCEPTED,1,after_valid_B2_acceptance,3,DRAINED,DRAINED,NONE,True,0.0693,True,True,0.0,500,500.1751,15003.0558,1174.7038000000011,2447,0,0,0,17.281127,C:\Users\cta10\OneDrive\Desktop\part4\704\704GP1\Integration\Zhiyuan\experiment_runs_event_v4\coordinator_batch_accepted_01_rep03.result.txt,
CENTRALISED,COORDINATOR,BATCH_ACCEPTED,1,after_valid_B2_acceptance,4,DRAINED,DRAINED,NONE,True,0.0809,True,True,0.0,500,500.9156,15027.9218,1199.5698000000011,2426,0,0,0,16.572205,C:\Users\cta10\OneDrive\Desktop\part4\704\704GP1\Integration\Zhiyuan\experiment_runs_event_v4\coordinator_batch_accepted_01_rep04.result.txt,
CENTRALISED,COORDINATOR,BATCH_ACCEPTED,1,after_valid_B2_acceptance,5,DRAINED,DRAINED,NONE,True,0.0521,True,True,0.0,500,500.0213,14998.1933,1169.8413000000019,2443,0,0,0,17.17697,C:\Users\cta10\OneDrive\Desktop\part4\704\704GP1\Integration\Zhiyuan\experiment_runs_event_v4\coordinator_batch_accepted_01_rep05.result.txt,
CENTRALISED,COORDINATOR,BATCH_ACCEPTED,1,after_valid_B2_acceptance,6,DRAINED,DRAINED,NONE,True,0.0553,True,True,0.0,500,501.4657,15027.1282,1198.7762000000002,2455,0,0,0,16.540568,C:\Users\cta10\OneDrive\Desktop\part4\704\704GP1\Integration\Zhiyuan\experiment_runs_event_v4\coordinator_batch_accepted_01_rep06.result.txt,
CENTRALISED,COORDINATOR,BATCH_ACCEPTED,1,after_valid_B2_acceptance,7,DRAINED,DRAINED,NONE,True,0.0512,True,True,0.0,500,500.5235,14979.2331,1150.8811000000005,2471,0,0,0,17.235774,C:\Users\cta10\OneDrive\Desktop\part4\704\704GP1\Integration\Zhiyuan\experiment_runs_event_v4\coordinator_batch_accepted_01_rep07.result.txt,
CENTRALISED,COORDINATOR,BATCH_ACCEPTED,1,after_valid_B2_acceptance,8,DRAINED,DRAINED,NONE,True,0.1387,True,True,0.0,500,500.4343,14947.7624,1119.4104000000007,2408,0,0,0,16.531344,C:\Users\cta10\OneDrive\Desktop\part4\704\704GP1\Integration\Zhiyuan\experiment_runs_event_v4\coordinator_batch_accepted_01_rep08.result.txt,
CENTRALISED,COORDINATOR,BATCH_ACCEPTED,1,after_valid_B2_acceptance,9,DRAINED,DRAINED,NONE,True,0.0946,True,True,0.0,500,501.3189,15049.2617,1220.9097000000002,2389,0,0,0,17.374122,C:\Users\cta10\OneDrive\Desktop\part4\704\704GP1\Integration\Zhiyuan\experiment_runs_event_v4\coordinator_batch_accepted_01_rep09.result.txt,
CENTRALISED,COORDINATOR,BATCH_ACCEPTED,1,after_valid_B2_acceptance,10,DRAINED,DRAINED,NONE,True,0.0529,True,True,0.0,500,500.7276,14987.6266,1159.2746000000006,2501,0,0,0,16.542232,C:\Users\cta10\OneDrive\Desktop\part4\704\704GP1\Integration\Zhiyuan\experiment_runs_event_v4\coordinator_batch_accepted_01_rep10.result.txt,
CENTRALISED,COORDINATOR,BATCH_ACCEPTED,1,after_valid_B2_acceptance,11,DRAINED,DRAINED,NONE,True,0.072,True,True,0.0,500,500.9439,14966.2011,1137.8491000000013,2327,0,0,0,17.23261,C:\Users\cta10\OneDrive\Desktop\part4\704\704GP1\Integration\Zhiyuan\experiment_runs_event_v4\coordinator_batch_accepted_01_rep11.result.txt,
CENTRALISED,COORDINATOR,BATCH_ACCEPTED,1,after_valid_B2_acceptance,12,DRAINED,DRAINED,NONE,True,0.1479,True,True,0.0,500,500.4233,14949.1048,1120.7528000000002,2475,0,0,0,16.481504,C:\Users\cta10\OneDrive\Desktop\part4\704\704GP1\Integration\Zhiyuan\experiment_runs_event_v4\coordinator_batch_accepted_01_rep12.result.txt,
CENTRALISED,COORDINATOR,BATCH_ACCEPTED,1,after_valid_B2_acceptance,13,DRAINED,DRAINED,NONE,True,0.1624,True,True,0.0,500,501.0139,14968.0043,1139.6523000000016,2370,0,0,0,17.146893,C:\Users\cta10\OneDrive\Desktop\part4\704\704GP1\Integration\Zhiyuan\experiment_runs_event_v4\coordinator_batch_accepted_01_rep13.result.txt,
CENTRALISED,COORDINATOR,BATCH_ACCEPTED,1,after_valid_B2_acceptance,14,DRAINED,DRAINED,NONE,True,0.1112,True,True,0.0,500,500.0806,14988.2143,1159.8623000000007,2459,0,0,0,16.550486,C:\Users\cta10\OneDrive\Desktop\part4\704\704GP1\Integration\Zhiyuan\experiment_runs_event_v4\coordinator_batch_accepted_01_rep14.result.txt,
CENTRALISED,COORDINATOR,BATCH_ACCEPTED,1,after_valid_B2_acceptance,15,DRAINED,DRAINED,NONE,True,0.0696,True,True,0.0,500,501.8368,14981.1822,1152.8302000000003,2330,0,0,0,17.252253,C:\Users\cta10\OneDrive\Desktop\part4\704\704GP1\Integration\Zhiyuan\experiment_runs_event_v4\coordinator_batch_accepted_01_rep15.result.txt,
CENTRALISED,COORDINATOR,BATCH_ACCEPTED,1,after_valid_B2_acceptance,16,DRAINED,DRAINED,NONE,True,0.0826,True,True,0.0,500,500.0771,15036.6686,1208.316600000002,2416,0,0,0,16.614194,C:\Users\cta10\OneDrive\Desktop\part4\704\704GP1\Integration\Zhiyuan\experiment_runs_event_v4\coordinator_batch_accepted_01_rep16.result.txt,
CENTRALISED,COORDINATOR,BATCH_ACCEPTED,1,after_valid_B2_acceptance,17,DRAINED,DRAINED,NONE,True,0.0856,True,True,0.0,500,501.0009,15007.0407,1178.6887000000006,2449,0,0,0,17.232289,C:\Users\cta10\OneDrive\Desktop\part4\704\704GP1\Integration\Zhiyuan\experiment_runs_event_v4\coordinator_batch_accepted_01_rep17.result.txt,
CENTRALISED,COORDINATOR,BATCH_ACCEPTED,1,after_valid_B2_acceptance,18,DRAINED,DRAINED,NONE,True,0.0621,True,True,0.0,500,500.4087,15014.9995,1186.647500000001,2440,0,0,0,16.642272,C:\Users\cta10\OneDrive\Desktop\part4\704\704GP1\Integration\Zhiyuan\experiment_runs_event_v4\coordinator_batch_accepted_01_rep18.result.txt,
CENTRALISED,COORDINATOR,BATCH_ACCEPTED,1,after_valid_B2_acceptance,19,DRAINED,DRAINED,NONE,True,0.0738,True,True,0.0,500,500.0068,14994.0222,1165.6702000000005,2442,0,0,0,17.191243,C:\Users\cta10\OneDrive\Desktop\part4\704\704GP1\Integration\Zhiyuan\experiment_runs_event_v4\coordinator_batch_accepted_01_rep19.result.txt,
CENTRALISED,COORDINATOR,BATCH_ACCEPTED,1,after_valid_B2_acceptance,20,DRAINED,DRAINED,NONE,True,0.0737,True,True,0.0,500,501.4141,14983.8493,1155.497300000001,2187,0,0,0,16.871645,C:\Users\cta10\OneDrive\Desktop\part4\704\704GP1\Integration\Zhiyuan\experiment_runs_event_v4\coordinator_batch_accepted_01_rep20.result.txt,
CENTRALISED,COORDINATOR,LOADER_DONE,1,after_first_bottle_admitted,1,DRAINED,DRAINED,NONE,True,1039.681,True,True,0.0,500,500.9673,14978.0097,1149.6577000000016,2218,0,0,0,17.523925,C:\Users\cta10\OneDrive\Desktop\part4\704\704GP1\Integration\Zhiyuan\experiment_runs_event_v4\coordinator_loader_done_01_rep01.result.txt,
CENTRALISED,COORDINATOR,LOADER_DONE,1,after_first_bottle_admitted,2,DRAINED,DRAINED,NONE,True,1046.311,True,True,0.0,500,500.5784,14972.2341,1143.8821000000007,2088,0,0,0,16.893953,C:\Users\cta10\OneDrive\Desktop\part4\704\704GP1\Integration\Zhiyuan\experiment_runs_event_v4\coordinator_loader_done_01_rep02.result.txt,
CENTRALISED,COORDINATOR,LOADER_DONE,1,after_first_bottle_admitted,3,DRAINED,DRAINED,NONE,True,1040.7775,True,True,0.0,500,500.0004,15020.1996,1191.847600000001,2194,0,0,0,17.467229,C:\Users\cta10\OneDrive\Desktop\part4\704\704GP1\Integration\Zhiyuan\experiment_runs_event_v4\coordinator_loader_done_01_rep03.result.txt,
CENTRALISED,COORDINATOR,LOADER_DONE,1,after_first_bottle_admitted,4,FAULT,FAULT,TABLE_ALIGNMENT_TIMEOUT,True,1043.5689,True,True,0.0,500,500.8181,26579.4517,,2942,0,0,0,29.99297,C:\Users\cta10\OneDrive\Desktop\part4\704\704GP1\Integration\Zhiyuan\experiment_runs_event_v4\coordinator_loader_done_01_rep04.result.txt,
CENTRALISED,COORDINATOR,LOADER_DONE,1,after_first_bottle_admitted,5,DRAINED,DRAINED,NONE,True,1043.2404,True,True,0.0,500,500.6379,15039.5579,1211.2059000000008,2108,0,0,0,17.614337,C:\Users\cta10\OneDrive\Desktop\part4\704\704GP1\Integration\Zhiyuan\experiment_runs_event_v4\coordinator_loader_done_01_rep05.result.txt,
CENTRALISED,COORDINATOR,LOADER_DONE,1,after_first_bottle_admitted,6,DRAINED,DRAINED,NONE,True,1041.1218,True,True,0.0,500,500.5488,10673.1305,-3155.2214999999997,7094,0,0,0,12.45354,C:\Users\cta10\OneDrive\Desktop\part4\704\704GP1\Integration\Zhiyuan\experiment_runs_event_v4\coordinator_loader_done_01_rep06.result.txt,
CENTRALISED,COORDINATOR,LOADER_DONE,1,after_first_bottle_admitted,7,DRAINED,DRAINED,NONE,True,1034.4566,True,True,0.0,500,500.3951,10651.0975,-3177.254499999999,7018,0,0,0,12.740318,C:\Users\cta10\OneDrive\Desktop\part4\704\704GP1\Integration\Zhiyuan\experiment_runs_event_v4\coordinator_loader_done_01_rep07.result.txt,
CENTRALISED,COORDINATOR,LOADER_DONE,1,after_first_bottle_admitted,8,DRAINED,DRAINED,NONE,True,1039.278,True,True,0.0,500,501.1963,10638.9105,-3189.441499999999,7210,0,0,0,12.060569,C:\Users\cta10\OneDrive\Desktop\part4\704\704GP1\Integration\Zhiyuan\experiment_runs_event_v4\coordinator_loader_done_01_rep08.result.txt,
CENTRALISED,COORDINATOR,LOADER_DONE,1,after_first_bottle_admitted,9,DRAINED,DRAINED,NONE,True,1030.3872,True,True,0.0,500,500.5024,10635.307,-3193.0449999999983,7218,0,0,0,12.697728,C:\Users\cta10\OneDrive\Desktop\part4\704\704GP1\Integration\Zhiyuan\experiment_runs_event_v4\coordinator_loader_done_01_rep09.result.txt,
CENTRALISED,COORDINATOR,LOADER_DONE,1,after_first_bottle_admitted,10,DRAINED,DRAINED,NONE,True,1042.7627,True,True,0.0,500,501.6485,10657.8052,-3170.5467999999983,7044,0,0,0,12.053114,C:\Users\cta10\OneDrive\Desktop\part4\704\704GP1\Integration\Zhiyuan\experiment_runs_event_v4\coordinator_loader_done_01_rep10.result.txt,
CENTRALISED,COORDINATOR,LOADER_DONE,1,after_first_bottle_admitted,11,DRAINED,DRAINED,NONE,True,1038.038,True,True,0.0,500,500.0632,10651.8972,-3176.4547999999995,7082,0,0,0,12.701844,C:\Users\cta10\OneDrive\Desktop\part4\704\704GP1\Integration\Zhiyuan\experiment_runs_event_v4\coordinator_loader_done_01_rep11.result.txt,
CENTRALISED,COORDINATOR,LOADER_DONE,1,after_first_bottle_admitted,12,DRAINED,DRAINED,NONE,True,1042.6491,True,True,0.0,500,501.5111,10694.3344,-3134.017599999999,6820,0,0,0,12.071746,C:\Users\cta10\OneDrive\Desktop\part4\704\704GP1\Integration\Zhiyuan\experiment_runs_event_v4\coordinator_loader_done_01_rep12.result.txt,
CENTRALISED,COORDINATOR,LOADER_DONE,1,after_first_bottle_admitted,13,DRAINED,DRAINED,NONE,True,1034.9522,True,True,0.0,500,500.6318,10651.3012,-3177.050799999999,7157,0,0,0,12.717371,C:\Users\cta10\OneDrive\Desktop\part4\704\704GP1\Integration\Zhiyuan\experiment_runs_event_v4\coordinator_loader_done_01_rep13.result.txt,
CENTRALISED,COORDINATOR,LOADER_DONE,1,after_first_bottle_admitted,14,DRAINED,DRAINED,NONE,True,1037.0721,True,True,0.0,500,501.6398,10656.4973,-3171.854699999998,7257,0,0,0,12.049157,C:\Users\cta10\OneDrive\Desktop\part4\704\704GP1\Integration\Zhiyuan\experiment_runs_event_v4\coordinator_loader_done_01_rep14.result.txt,
CENTRALISED,COORDINATOR,LOADER_DONE,1,after_first_bottle_admitted,15,DRAINED,DRAINED,NONE,True,1035.6604,True,True,0.0,500,501.5288,10633.4121,-3194.9398999999994,7248,0,0,0,12.70919,C:\Users\cta10\OneDrive\Desktop\part4\704\704GP1\Integration\Zhiyuan\experiment_runs_event_v4\coordinator_loader_done_01_rep15.result.txt,
CENTRALISED,COORDINATOR,LOADER_DONE,1,after_first_bottle_admitted,16,DRAINED,DRAINED,NONE,True,1039.7993,True,True,0.0,500,500.5221,10653.4159,-3174.936099999999,7149,0,0,0,12.055454,C:\Users\cta10\OneDrive\Desktop\part4\704\704GP1\Integration\Zhiyuan\experiment_runs_event_v4\coordinator_loader_done_01_rep16.result.txt,
CENTRALISED,COORDINATOR,LOADER_DONE,1,after_first_bottle_admitted,17,DRAINED,DRAINED,NONE,True,1035.6125,True,True,0.0,500,500.3438,10644.5764,-3183.775599999999,7077,0,0,0,12.715331,C:\Users\cta10\OneDrive\Desktop\part4\704\704GP1\Integration\Zhiyuan\experiment_runs_event_v4\coordinator_loader_done_01_rep17.result.txt,
CENTRALISED,COORDINATOR,LOADER_DONE,1,after_first_bottle_admitted,18,DRAINED,DRAINED,NONE,True,1039.9431,True,True,0.0,500,501.4214,10677.0934,-3151.258599999999,6974,0,0,0,12.059376,C:\Users\cta10\OneDrive\Desktop\part4\704\704GP1\Integration\Zhiyuan\experiment_runs_event_v4\coordinator_loader_done_01_rep18.result.txt,
CENTRALISED,COORDINATOR,LOADER_DONE,1,after_first_bottle_admitted,19,DRAINED,DRAINED,NONE,True,1033.1577,True,True,0.0,500,500.782,10650.2264,-3178.1255999999994,7187,0,0,0,12.724557,C:\Users\cta10\OneDrive\Desktop\part4\704\704GP1\Integration\Zhiyuan\experiment_runs_event_v4\coordinator_loader_done_01_rep19.result.txt,
CENTRALISED,COORDINATOR,LOADER_DONE,1,after_first_bottle_admitted,20,DRAINED,DRAINED,NONE,True,1035.9825,True,True,0.0,500,500.0374,10651.5916,-3176.760399999999,7234,0,0,0,12.03953,C:\Users\cta10\OneDrive\Desktop\part4\704\704GP1\Integration\Zhiyuan\experiment_runs_event_v4\coordinator_loader_done_01_rep20.result.txt,
CENTRALISED,COORDINATOR,CONVEYOR_DONE,1,after_first_bottle_transfer_to_rotary,1,DRAINED,DRAINED,NONE,True,2055.9138,True,True,0.0,500,501.3553,10669.8604,-3158.4915999999994,7018,0,0,0,12.743652,C:\Users\cta10\OneDrive\Desktop\part4\704\704GP1\Integration\Zhiyuan\experiment_runs_event_v4\coordinator_conveyor_done_01_rep01.result.txt,
CENTRALISED,COORDINATOR,CONVEYOR_DONE,1,after_first_bottle_transfer_to_rotary,2,DRAINED,DRAINED,NONE,True,2063.3049,True,True,0.0,500,501.9126,10669.6888,-3158.663199999999,7085,0,0,0,12.066719,C:\Users\cta10\OneDrive\Desktop\part4\704\704GP1\Integration\Zhiyuan\experiment_runs_event_v4\coordinator_conveyor_done_01_rep02.result.txt,
CENTRALISED,COORDINATOR,CONVEYOR_DONE,1,after_first_bottle_transfer_to_rotary,3,DRAINED,DRAINED,NONE,True,2056.7589,True,True,0.0,500,501.3639,10640.9621,-3187.3898999999983,7191,0,0,0,12.704661,C:\Users\cta10\OneDrive\Desktop\part4\704\704GP1\Integration\Zhiyuan\experiment_runs_event_v4\coordinator_conveyor_done_01_rep03.result.txt,
CENTRALISED,COORDINATOR,CONVEYOR_DONE,1,after_first_bottle_transfer_to_rotary,4,DRAINED,DRAINED,NONE,True,2062.0269,True,True,0.0,500,500.0002,10657.9444,-3170.4075999999986,7218,0,0,0,12.051953,C:\Users\cta10\OneDrive\Desktop\part4\704\704GP1\Integration\Zhiyuan\experiment_runs_event_v4\coordinator_conveyor_done_01_rep04.result.txt,
CENTRALISED,COORDINATOR,CONVEYOR_DONE,1,after_first_bottle_transfer_to_rotary,5,DRAINED,DRAINED,NONE,True,2055.5482,True,True,0.0,500,501.852,10665.1984,-3163.1535999999996,7174,0,0,0,12.708396,C:\Users\cta10\OneDrive\Desktop\part4\704\704GP1\Integration\Zhiyuan\experiment_runs_event_v4\coordinator_conveyor_done_01_rep05.result.txt,
CENTRALISED,COORDINATOR,CONVEYOR_DONE,1,after_first_bottle_transfer_to_rotary,6,DRAINED,DRAINED,NONE,True,2056.4471,True,True,0.0,500,500.6603,10648.1161,-3180.2358999999997,7121,0,0,0,12.011997,C:\Users\cta10\OneDrive\Desktop\part4\704\704GP1\Integration\Zhiyuan\experiment_runs_event_v4\coordinator_conveyor_done_01_rep06.result.txt,
CENTRALISED,COORDINATOR,CONVEYOR_DONE,1,after_first_bottle_transfer_to_rotary,7,DRAINED,DRAINED,NONE,True,2055.7047,True,True,0.0,500,500.0337,10629.6693,-3198.6826999999994,7430,0,0,0,12.724545,C:\Users\cta10\OneDrive\Desktop\part4\704\704GP1\Integration\Zhiyuan\experiment_runs_event_v4\coordinator_conveyor_done_01_rep07.result.txt,
CENTRALISED,COORDINATOR,CONVEYOR_DONE,1,after_first_bottle_transfer_to_rotary,8,FAULT,FAULT,TABLE_ALIGNMENT_TIMEOUT,True,2061.0936,True,True,0.0,500,501.7646,17565.6633,,12241,0,0,0,21.024925,C:\Users\cta10\OneDrive\Desktop\part4\704\704GP1\Integration\Zhiyuan\experiment_runs_event_v4\coordinator_conveyor_done_01_rep08.result.txt,
CENTRALISED,COORDINATOR,CONVEYOR_DONE,1,after_first_bottle_transfer_to_rotary,9,FAULT,FAULT,TABLE_ALIGNMENT_TIMEOUT,True,2056.5337,True,True,0.0,500,501.5464,17561.769,,11818,0,0,0,21.695419,C:\Users\cta10\OneDrive\Desktop\part4\704\704GP1\Integration\Zhiyuan\experiment_runs_event_v4\coordinator_conveyor_done_01_rep09.result.txt,
CENTRALISED,COORDINATOR,CONVEYOR_DONE,1,after_first_bottle_transfer_to_rotary,10,DRAINED,DRAINED,NONE,True,2063.3791,True,True,0.0,500,500.6439,10683.1358,-3145.216199999999,7240,0,0,0,12.499809,C:\Users\cta10\OneDrive\Desktop\part4\704\704GP1\Integration\Zhiyuan\experiment_runs_event_v4\coordinator_conveyor_done_01_rep10.result.txt,
CENTRALISED,COORDINATOR,CONVEYOR_DONE,1,after_first_bottle_transfer_to_rotary,11,DRAINED,DRAINED,NONE,True,2056.5137,True,True,0.0,500,500.7082,10673.1288,-3155.2231999999985,7188,0,0,0,12.871567,C:\Users\cta10\OneDrive\Desktop\part4\704\704GP1\Integration\Zhiyuan\experiment_runs_event_v4\coordinator_conveyor_done_01_rep11.result.txt,
CENTRALISED,COORDINATOR,CONVEYOR_DONE,1,after_first_bottle_transfer_to_rotary,12,DRAINED,DRAINED,NONE,True,2061.3002,True,True,0.0,500,501.9286,10685.1789,-3143.173099999998,7128,0,0,0,12.22349,C:\Users\cta10\OneDrive\Desktop\part4\704\704GP1\Integration\Zhiyuan\experiment_runs_event_v4\coordinator_conveyor_done_01_rep12.result.txt,
CENTRALISED,COORDINATOR,CONVEYOR_DONE,1,after_first_bottle_transfer_to_rotary,13,DRAINED,DRAINED,NONE,True,2057.7484,True,True,0.0,500,500.3136,10668.4431,-3159.9088999999985,7196,0,0,0,12.777992,C:\Users\cta10\OneDrive\Desktop\part4\704\704GP1\Integration\Zhiyuan\experiment_runs_event_v4\coordinator_conveyor_done_01_rep13.result.txt,
CENTRALISED,COORDINATOR,CONVEYOR_DONE,1,after_first_bottle_transfer_to_rotary,14,DRAINED,DRAINED,NONE,True,2065.6301,True,True,0.0,500,500.562,10681.5957,-3146.756299999999,7039,0,0,0,12.200927,C:\Users\cta10\OneDrive\Desktop\part4\704\704GP1\Integration\Zhiyuan\experiment_runs_event_v4\coordinator_conveyor_done_01_rep14.result.txt,
CENTRALISED,COORDINATOR,CONVEYOR_DONE,1,after_first_bottle_transfer_to_rotary,15,DRAINED,DRAINED,NONE,True,2060.2142,True,True,0.0,500,500.6678,10695.5323,-3132.819699999998,7016,0,0,0,12.796581,C:\Users\cta10\OneDrive\Desktop\part4\704\704GP1\Integration\Zhiyuan\experiment_runs_event_v4\coordinator_conveyor_done_01_rep15.result.txt,
CENTRALISED,COORDINATOR,CONVEYOR_DONE,1,after_first_bottle_transfer_to_rotary,16,DRAINED,DRAINED,NONE,True,2058.0593,True,True,0.0,500,501.988,10700.1673,-3128.1847,7028,0,0,0,12.211019,C:\Users\cta10\OneDrive\Desktop\part4\704\704GP1\Integration\Zhiyuan\experiment_runs_event_v4\coordinator_conveyor_done_01_rep16.result.txt,
CENTRALISED,COORDINATOR,CONVEYOR_DONE,1,after_first_bottle_transfer_to_rotary,17,DRAINED,DRAINED,NONE,True,2066.1102,True,True,0.0,500,500.0768,10693.943,-3134.4089999999997,7019,0,0,0,12.870127,C:\Users\cta10\OneDrive\Desktop\part4\704\704GP1\Integration\Zhiyuan\experiment_runs_event_v4\coordinator_conveyor_done_01_rep17.result.txt,
CENTRALISED,COORDINATOR,CONVEYOR_DONE,1,after_first_bottle_transfer_to_rotary,18,FAULT,FAULT,TABLE_ALIGNMENT_TIMEOUT,True,2057.2602,True,True,0.0,500,501.5083,21666.0185,,14458,0,0,0,25.00739,C:\Users\cta10\OneDrive\Desktop\part4\704\704GP1\Integration\Zhiyuan\experiment_runs_event_v4\coordinator_conveyor_done_01_rep18.result.txt,
CENTRALISED,COORDINATOR,CONVEYOR_DONE,1,after_first_bottle_transfer_to_rotary,19,DRAINED,DRAINED,NONE,True,2058.9971,True,True,0.0,500,501.6269,10675.1009,-3153.2510999999995,7074,0,0,0,12.801687,C:\Users\cta10\OneDrive\Desktop\part4\704\704GP1\Integration\Zhiyuan\experiment_runs_event_v4\coordinator_conveyor_done_01_rep19.result.txt,
CENTRALISED,COORDINATOR,CONVEYOR_DONE,1,after_first_bottle_transfer_to_rotary,20,DRAINED,DRAINED,NONE,True,2060.6531,True,True,0.0,500,500.6584,10702.7671,-3125.5849,6971,0,0,0,12.219114,C:\Users\cta10\OneDrive\Desktop\part4\704\704GP1\Integration\Zhiyuan\experiment_runs_event_v4\coordinator_conveyor_done_01_rep20.result.txt,
CENTRALISED,COORDINATOR,TABLE_ALIGNED,1,after_first_confirmed_rotation,1,DRAINED,DRAINED,NONE,True,2570.4408,True,True,0.0,500,501.0363,10673.2466,-3155.1053999999986,7281,0,0,0,12.81555,C:\Users\cta10\OneDrive\Desktop\part4\704\704GP1\Integration\Zhiyuan\experiment_runs_event_v4\coordinator_table_aligned_01_rep01.result.txt,
CENTRALISED,COORDINATOR,TABLE_ALIGNED,1,after_first_confirmed_rotation,2,DRAINED,DRAINED,NONE,True,2571.8468,True,True,0.0,500,500.9338,10664.379,-3163.972999999998,7261,0,0,0,12.142,C:\Users\cta10\OneDrive\Desktop\part4\704\704GP1\Integration\Zhiyuan\experiment_runs_event_v4\coordinator_table_aligned_01_rep02.result.txt,
CENTRALISED,COORDINATOR,TABLE_ALIGNED,1,after_first_confirmed_rotation,3,DRAINED,DRAINED,NONE,True,2580.7999,True,True,0.0,500,500.984,10685.5864,-3142.765599999999,6842,0,0,0,12.758391,C:\Users\cta10\OneDrive\Desktop\part4\704\704GP1\Integration\Zhiyuan\experiment_runs_event_v4\coordinator_table_aligned_01_rep03.result.txt,
CENTRALISED,COORDINATOR,TABLE_ALIGNED,1,after_first_confirmed_rotation,4,DRAINED,DRAINED,NONE,True,2569.6722,True,True,0.0,500,501.0545,10678.5268,-3149.8251999999993,6839,0,0,0,12.073389,C:\Users\cta10\OneDrive\Desktop\part4\704\704GP1\Integration\Zhiyuan\experiment_runs_event_v4\coordinator_table_aligned_01_rep04.result.txt,
CENTRALISED,COORDINATOR,TABLE_ALIGNED,1,after_first_confirmed_rotation,5,EVENT_NOT_REACHED,FAULT,TABLE_ALIGNMENT_TIMEOUT,False,-1.0,False,False,-1.0,500,0.0,17061.8995,,11533,0,0,0,21.101521,C:\Users\cta10\OneDrive\Desktop\part4\704\704GP1\Integration\Zhiyuan\experiment_runs_event_v4\coordinator_table_aligned_01_rep05.result.txt,
CENTRALISED,COORDINATOR,TABLE_ALIGNED,1,after_first_confirmed_rotation,6,DRAINED,DRAINED,NONE,True,2574.0463,True,True,0.0,500,501.2726,10640.2156,-3188.1363999999994,7280,0,0,0,12.07923,C:\Users\cta10\OneDrive\Desktop\part4\704\704GP1\Integration\Zhiyuan\experiment_runs_event_v4\coordinator_table_aligned_01_rep06.result.txt,
CENTRALISED,COORDINATOR,TABLE_ALIGNED,1,after_first_confirmed_rotation,7,DRAINED,DRAINED,NONE,True,2572.7813,True,True,0.0,500,501.9855,10656.46,-3171.892,7160,0,0,0,12.728501,C:\Users\cta10\OneDrive\Desktop\part4\704\704GP1\Integration\Zhiyuan\experiment_runs_event_v4\coordinator_table_aligned_01_rep07.result.txt,
CENTRALISED,COORDINATOR,TABLE_ALIGNED,1,after_first_confirmed_rotation,8,DRAINED,DRAINED,NONE,True,2574.4368,True,True,0.0,500,500.0408,10670.4487,-3157.903299999998,7000,0,0,0,12.070971,C:\Users\cta10\OneDrive\Desktop\part4\704\704GP1\Integration\Zhiyuan\experiment_runs_event_v4\coordinator_table_aligned_01_rep08.result.txt,
CENTRALISED,COORDINATOR,TABLE_ALIGNED,1,after_first_confirmed_rotation,9,DRAINED,DRAINED,NONE,True,2569.1044,True,True,0.0,500,501.5116,10647.6456,-3180.706399999999,7266,0,0,0,12.729664,C:\Users\cta10\OneDrive\Desktop\part4\704\704GP1\Integration\Zhiyuan\experiment_runs_event_v4\coordinator_table_aligned_01_rep09.result.txt,
CENTRALISED,COORDINATOR,TABLE_ALIGNED,1,after_first_confirmed_rotation,10,DRAINED,DRAINED,NONE,True,2575.76,True,True,0.0,500,500.252,10676.4875,-3151.8644999999997,7056,0,0,0,12.09222,C:\Users\cta10\OneDrive\Desktop\part4\704\704GP1\Integration\Zhiyuan\experiment_runs_event_v4\coordinator_table_aligned_01_rep10.result.txt,
CENTRALISED,COORDINATOR,TABLE_ALIGNED,1,after_first_confirmed_rotation,11,DRAINED,DRAINED,NONE,True,2568.6102,True,True,0.0,500,501.1817,10644.4522,-3183.8997999999992,7303,0,0,0,12.721108,C:\Users\cta10\OneDrive\Desktop\part4\704\704GP1\Integration\Zhiyuan\experiment_runs_event_v4\coordinator_table_aligned_01_rep11.result.txt,
CENTRALISED,COORDINATOR,TABLE_ALIGNED,1,after_first_confirmed_rotation,12,EVENT_NOT_REACHED,FAULT,TABLE_ALIGNMENT_TIMEOUT,False,-1.0,False,False,-1.0,500,0.0,17059.5178,,11605,0,0,0,20.455247,C:\Users\cta10\OneDrive\Desktop\part4\704\704GP1\Integration\Zhiyuan\experiment_runs_event_v4\coordinator_table_aligned_01_rep12.result.txt,
CENTRALISED,COORDINATOR,TABLE_ALIGNED,1,after_first_confirmed_rotation,13,EVENT_NOT_REACHED,FAULT,TABLE_ALIGNMENT_TIMEOUT,False,-1.0,False,False,-1.0,500,0.0,17062.1755,,11820,0,0,0,21.133109,C:\Users\cta10\OneDrive\Desktop\part4\704\704GP1\Integration\Zhiyuan\experiment_runs_event_v4\coordinator_table_aligned_01_rep13.result.txt,
CENTRALISED,COORDINATOR,TABLE_ALIGNED,1,after_first_confirmed_rotation,14,EVENT_NOT_REACHED,FAULT,TABLE_ALIGNMENT_TIMEOUT,False,-1.0,False,False,-1.0,500,0.0,17066.8619,,11691,0,0,0,19.916329,C:\Users\cta10\OneDrive\Desktop\part4\704\704GP1\Integration\Zhiyuan\experiment_runs_event_v4\coordinator_table_aligned_01_rep14.result.txt,
CENTRALISED,COORDINATOR,TABLE_ALIGNED,1,after_first_confirmed_rotation,15,DRAINED,DRAINED,NONE,True,2566.2365,True,True,0.0,500,500.3768,10637.1013,-3191.2506999999987,7301,0,0,0,12.735551,C:\Users\cta10\OneDrive\Desktop\part4\704\704GP1\Integration\Zhiyuan\experiment_runs_event_v4\coordinator_table_aligned_01_rep15.result.txt,
CENTRALISED,COORDINATOR,TABLE_ALIGNED,1,after_first_confirmed_rotation,16,DRAINED,DRAINED,NONE,True,2571.1521,True,True,0.0,500,501.8887,10654.3808,-3173.971199999998,7191,0,0,0,12.076869,C:\Users\cta10\OneDrive\Desktop\part4\704\704GP1\Integration\Zhiyuan\experiment_runs_event_v4\coordinator_table_aligned_01_rep16.result.txt,
CENTRALISED,COORDINATOR,TABLE_ALIGNED,1,after_first_confirmed_rotation,17,DRAINED,DRAINED,NONE,True,2573.5215,True,True,0.0,500,502.0806,10657.635,-3170.7169999999987,7229,0,0,0,12.766268,C:\Users\cta10\OneDrive\Desktop\part4\704\704GP1\Integration\Zhiyuan\experiment_runs_event_v4\coordinator_table_aligned_01_rep17.result.txt,
CENTRALISED,COORDINATOR,TABLE_ALIGNED,1,after_first_confirmed_rotation,18,DRAINED,DRAINED,NONE,True,2577.4662,True,True,0.0,500,500.1921,10641.4622,-3186.889799999999,7151,0,0,0,12.078126,C:\Users\cta10\OneDrive\Desktop\part4\704\704GP1\Integration\Zhiyuan\experiment_runs_event_v4\coordinator_table_aligned_01_rep18.result.txt,
CENTRALISED,COORDINATOR,TABLE_ALIGNED,1,after_first_confirmed_rotation,19,DRAINED,DRAINED,NONE,True,2571.669,True,True,0.0,500,500.5217,10647.1879,-3181.164099999998,7255,0,0,0,12.737777,C:\Users\cta10\OneDrive\Desktop\part4\704\704GP1\Integration\Zhiyuan\experiment_runs_event_v4\coordinator_table_aligned_01_rep19.result.txt,
CENTRALISED,COORDINATOR,TABLE_ALIGNED,1,after_first_confirmed_rotation,20,DRAINED,DRAINED,NONE,True,2577.034,True,True,0.0,500,500.1305,10659.832,-3168.5199999999986,7248,0,0,0,12.068414,C:\Users\cta10\OneDrive\Desktop\part4\704\704GP1\Integration\Zhiyuan\experiment_runs_event_v4\coordinator_table_aligned_01_rep20.result.txt,
CENTRALISED,COORDINATOR,FILLER_DONE,1,after_first_bottle_fill,1,DRAINED,DRAINED,NONE,True,3595.8604,True,True,0.0,500,500.1828,10650.1625,-3178.1894999999986,7363,0,0,0,12.741105,C:\Users\cta10\OneDrive\Desktop\part4\704\704GP1\Integration\Zhiyuan\experiment_runs_event_v4\coordinator_filler_done_01_rep01.result.txt,
CENTRALISED,COORDINATOR,FILLER_DONE,1,after_first_bottle_fill,2,DRAINED,DRAINED,NONE,True,3593.9755,True,True,0.0,500,500.5909,10634.3401,-3194.0118999999995,7738,0,0,0,12.132251,C:\Users\cta10\OneDrive\Desktop\part4\704\704GP1\Integration\Zhiyuan\experiment_runs_event_v4\coordinator_filler_done_01_rep02.result.txt,
CENTRALISED,COORDINATOR,FILLER_DONE,1,after_first_bottle_fill,3,DRAINED,DRAINED,NONE,True,3589.5705,True,True,0.0,500,500.2721,10639.5884,-3188.7635999999984,7540,0,0,0,12.761533,C:\Users\cta10\OneDrive\Desktop\part4\704\704GP1\Integration\Zhiyuan\experiment_runs_event_v4\coordinator_filler_done_01_rep03.result.txt,
CENTRALISED,COORDINATOR,FILLER_DONE,1,after_first_bottle_fill,4,FAULT,FAULT,TABLE_ALIGNMENT_TIMEOUT,True,3591.1062,True,True,0.0,500,500.9587,21658.6789,,15722,0,0,0,24.666244,C:\Users\cta10\OneDrive\Desktop\part4\704\704GP1\Integration\Zhiyuan\experiment_runs_event_v4\coordinator_filler_done_01_rep04.result.txt,
CENTRALISED,COORDINATOR,FILLER_DONE,1,after_first_bottle_fill,5,DRAINED,DRAINED,NONE,True,3593.5869,True,True,0.0,500,501.3496,10673.7395,-3154.6124999999993,7592,0,0,0,12.902093,C:\Users\cta10\OneDrive\Desktop\part4\704\704GP1\Integration\Zhiyuan\experiment_runs_event_v4\coordinator_filler_done_01_rep05.result.txt,
CENTRALISED,COORDINATOR,FILLER_DONE,1,after_first_bottle_fill,6,DRAINED,DRAINED,NONE,True,3594.8895,True,True,0.0,500,501.3931,10658.0762,-3170.2757999999994,7408,0,0,0,12.2767,C:\Users\cta10\OneDrive\Desktop\part4\704\704GP1\Integration\Zhiyuan\experiment_runs_event_v4\coordinator_filler_done_01_rep06.result.txt,
CENTRALISED,COORDINATOR,FILLER_DONE,1,after_first_bottle_fill,7,DRAINED,DRAINED,NONE,True,3606.564,True,True,0.0,500,500.0785,10663.4153,-3164.9366999999984,7350,0,0,0,12.928897,C:\Users\cta10\OneDrive\Desktop\part4\704\704GP1\Integration\Zhiyuan\experiment_runs_event_v4\coordinator_filler_done_01_rep07.result.txt,
CENTRALISED,COORDINATOR,FILLER_DONE,1,after_first_bottle_fill,8,FAULT,FAULT,TABLE_ALIGNMENT_TIMEOUT,True,3590.333,True,True,0.0,500,500.2443,21663.3752,,15685,0,0,0,24.523415,C:\Users\cta10\OneDrive\Desktop\part4\704\704GP1\Integration\Zhiyuan\experiment_runs_event_v4\coordinator_filler_done_01_rep08.result.txt,
CENTRALISED,COORDINATOR,FILLER_DONE,1,after_first_bottle_fill,9,FAULT,FAULT,TABLE_ALIGNMENT_TIMEOUT,True,3597.9548,True,True,0.0,500,501.8266,22278.1304,,14696,0,0,0,25.705545,C:\Users\cta10\OneDrive\Desktop\part4\704\704GP1\Integration\Zhiyuan\experiment_runs_event_v4\coordinator_filler_done_01_rep09.result.txt,
CENTRALISED,COORDINATOR,FILLER_DONE,1,after_first_bottle_fill,10,DRAINED,DRAINED,NONE,True,3592.7255,True,True,0.0,500,500.718,10690.235,-3138.1169999999984,7211,0,0,0,12.259377,C:\Users\cta10\OneDrive\Desktop\part4\704\704GP1\Integration\Zhiyuan\experiment_runs_event_v4\coordinator_filler_done_01_rep10.result.txt,
CENTRALISED,COORDINATOR,FILLER_DONE,1,after_first_bottle_fill,11,DRAINED,DRAINED,NONE,True,3594.9859,True,True,0.0,500,500.7244,10676.6513,-3151.7006999999994,7285,0,0,0,12.772846,C:\Users\cta10\OneDrive\Desktop\part4\704\704GP1\Integration\Zhiyuan\experiment_runs_event_v4\coordinator_filler_done_01_rep11.result.txt,
CENTRALISED,COORDINATOR,FILLER_DONE,1,after_first_bottle_fill,12,EVENT_NOT_REACHED,FAULT,TABLE_ALIGNMENT_TIMEOUT,False,-1.0,False,False,-1.0,500,0.0,17068.8811,,11698,0,0,0,19.526903,C:\Users\cta10\OneDrive\Desktop\part4\704\704GP1\Integration\Zhiyuan\experiment_runs_event_v4\coordinator_filler_done_01_rep12.result.txt,
CENTRALISED,COORDINATOR,FILLER_DONE,1,after_first_bottle_fill,13,EVENT_NOT_REACHED,FAULT,TABLE_ALIGNMENT_TIMEOUT,False,-1.0,False,False,-1.0,500,0.0,17064.3857,,11489,0,0,0,21.147853,C:\Users\cta10\OneDrive\Desktop\part4\704\704GP1\Integration\Zhiyuan\experiment_runs_event_v4\coordinator_filler_done_01_rep13.result.txt,
CENTRALISED,COORDINATOR,FILLER_DONE,1,after_first_bottle_fill,14,DRAINED,DRAINED,NONE,True,3601.9401,True,True,0.0,500,501.351,10686.4259,-3141.9260999999988,7144,0,0,0,12.144334,C:\Users\cta10\OneDrive\Desktop\part4\704\704GP1\Integration\Zhiyuan\experiment_runs_event_v4\coordinator_filler_done_01_rep14.result.txt,
CENTRALISED,COORDINATOR,FILLER_DONE,1,after_first_bottle_fill,15,EVENT_NOT_REACHED,FAULT,TABLE_ALIGNMENT_TIMEOUT,False,-1.0,False,False,-1.0,500,0.0,17065.5809,,11412,0,0,0,21.235642,C:\Users\cta10\OneDrive\Desktop\part4\704\704GP1\Integration\Zhiyuan\experiment_runs_event_v4\coordinator_filler_done_01_rep15.result.txt,
CENTRALISED,COORDINATOR,FILLER_DONE,1,after_first_bottle_fill,16,DRAINED,DRAINED,NONE,True,3592.2055,True,True,0.0,500,500.7536,10680.0813,-3148.270699999999,7060,0,0,0,12.1159,C:\Users\cta10\OneDrive\Desktop\part4\704\704GP1\Integration\Zhiyuan\experiment_runs_event_v4\coordinator_filler_done_01_rep16.result.txt,
CENTRALISED,COORDINATOR,FILLER_DONE,1,after_first_bottle_fill,17,FAULT,FAULT,TABLE_ALIGNMENT_TIMEOUT,True,3599.5568,True,True,0.0,500,501.9169,22284.0184,,14729,0,0,0,26.169942,C:\Users\cta10\OneDrive\Desktop\part4\704\704GP1\Integration\Zhiyuan\experiment_runs_event_v4\coordinator_filler_done_01_rep17.result.txt,
CENTRALISED,COORDINATOR,FILLER_DONE,1,after_first_bottle_fill,18,DRAINED,DRAINED,NONE,True,3609.6351,True,True,0.0,500,501.2546,10699.2051,-3129.1468999999997,7135,0,0,0,12.286212,C:\Users\cta10\OneDrive\Desktop\part4\704\704GP1\Integration\Zhiyuan\experiment_runs_event_v4\coordinator_filler_done_01_rep18.result.txt,
CENTRALISED,COORDINATOR,FILLER_DONE,1,after_first_bottle_fill,19,EVENT_NOT_REACHED,FAULT,TABLE_ALIGNMENT_TIMEOUT,False,-1.0,False,False,-1.0,500,0.0,17061.2899,,11527,0,0,0,20.652993,C:\Users\cta10\OneDrive\Desktop\part4\704\704GP1\Integration\Zhiyuan\experiment_runs_event_v4\coordinator_filler_done_01_rep19.result.txt,
CENTRALISED,COORDINATOR,FILLER_DONE,1,after_first_bottle_fill,20,DRAINED,DRAINED,NONE,True,3596.003,True,True,0.0,500,500.3817,10674.8546,-3153.4973999999984,7165,0,0,0,12.17395,C:\Users\cta10\OneDrive\Desktop\part4\704\704GP1\Integration\Zhiyuan\experiment_runs_event_v4\coordinator_filler_done_01_rep20.result.txt,
CENTRALISED,COORDINATOR,LID_DONE,1,after_first_bottle_lid,1,DRAINED,DRAINED,NONE,True,5206.3308,True,True,0.0,500,501.5192,10195.4133,-3632.938699999999,6736,0,0,0,12.275455,C:\Users\cta10\OneDrive\Desktop\part4\704\704GP1\Integration\Zhiyuan\experiment_runs_event_v4\coordinator_lid_done_01_rep01.result.txt,
CENTRALISED,COORDINATOR,LID_DONE,1,after_first_bottle_lid,2,DRAINED,DRAINED,NONE,True,5207.863,True,True,0.0,500,501.7941,10165.4263,-3662.9257,6864,0,0,0,11.680713,C:\Users\cta10\OneDrive\Desktop\part4\704\704GP1\Integration\Zhiyuan\experiment_runs_event_v4\coordinator_lid_done_01_rep02.result.txt,
CENTRALISED,COORDINATOR,LID_DONE,1,after_first_bottle_lid,3,EVENT_NOT_REACHED,FAULT,TABLE_ALIGNMENT_TIMEOUT,False,-1.0,False,False,-1.0,500,0.0,17061.6275,,11513,0,0,0,21.129788,C:\Users\cta10\OneDrive\Desktop\part4\704\704GP1\Integration\Zhiyuan\experiment_runs_event_v4\coordinator_lid_done_01_rep03.result.txt,
CENTRALISED,COORDINATOR,LID_DONE,1,after_first_bottle_lid,4,FAULT,FAULT,TABLE_ALIGNMENT_TIMEOUT,True,5210.6082,True,True,0.0,500,500.4027,21176.6342,,14440,0,0,0,24.224291,C:\Users\cta10\OneDrive\Desktop\part4\704\704GP1\Integration\Zhiyuan\experiment_runs_event_v4\coordinator_lid_done_01_rep04.result.txt,
CENTRALISED,COORDINATOR,LID_DONE,1,after_first_bottle_lid,5,DRAINED,DRAINED,NONE,True,5205.1717,True,True,0.0,500,501.514,10180.3809,-3647.971099999999,6812,0,0,0,12.368783,C:\Users\cta10\OneDrive\Desktop\part4\704\704GP1\Integration\Zhiyuan\experiment_runs_event_v4\coordinator_lid_done_01_rep05.result.txt,
CENTRALISED,COORDINATOR,LID_DONE,1,after_first_bottle_lid,6,FAULT,FAULT,TABLE_ALIGNMENT_TIMEOUT,True,5200.92,True,True,0.0,500,500.2836,23378.5184,,16377,0,0,0,26.079028,C:\Users\cta10\OneDrive\Desktop\part4\704\704GP1\Integration\Zhiyuan\experiment_runs_event_v4\coordinator_lid_done_01_rep06.result.txt,
CENTRALISED,COORDINATOR,LID_DONE,1,after_first_bottle_lid,7,DRAINED,DRAINED,NONE,True,5199.7187,True,True,0.0,500,502.0065,10174.6635,-3653.6884999999984,7023,0,0,0,12.411985,C:\Users\cta10\OneDrive\Desktop\part4\704\704GP1\Integration\Zhiyuan\experiment_runs_event_v4\coordinator_lid_done_01_rep07.result.txt,
CENTRALISED,COORDINATOR,LID_DONE,1,after_first_bottle_lid,8,FAULT,FAULT,TABLE_ALIGNMENT_TIMEOUT,True,5208.8632,True,True,0.0,500,500.4312,23406.4388,,15733,0,0,0,26.032395,C:\Users\cta10\OneDrive\Desktop\part4\704\704GP1\Integration\Zhiyuan\experiment_runs_event_v4\coordinator_lid_done_01_rep08.result.txt,
CENTRALISED,COORDINATOR,LID_DONE,1,after_first_bottle_lid,9,EVENT_NOT_REACHED,FAULT,TABLE_ALIGNMENT_TIMEOUT,False,-1.0,False,False,-1.0,500,0.0,19625.7293,,13846,0,0,0,23.193218,C:\Users\cta10\OneDrive\Desktop\part4\704\704GP1\Integration\Zhiyuan\experiment_runs_event_v4\coordinator_lid_done_01_rep09.result.txt,
CENTRALISED,COORDINATOR,LID_DONE,1,after_first_bottle_lid,10,DRAINED,DRAINED,NONE,True,5203.4796,True,True,0.0,500,500.0165,10164.3994,-3663.9525999999987,7097,0,0,0,11.657142,C:\Users\cta10\OneDrive\Desktop\part4\704\704GP1\Integration\Zhiyuan\experiment_runs_event_v4\coordinator_lid_done_01_rep10.result.txt,
CENTRALISED,COORDINATOR,LID_DONE,1,after_first_bottle_lid,11,DRAINED,DRAINED,NONE,True,5198.9721,True,True,0.0,500,500.5179,10179.2158,-3649.136199999999,6984,0,0,0,12.341876,C:\Users\cta10\OneDrive\Desktop\part4\704\704GP1\Integration\Zhiyuan\experiment_runs_event_v4\coordinator_lid_done_01_rep11.result.txt,
CENTRALISED,COORDINATOR,LID_DONE,1,after_first_bottle_lid,12,FAULT,FAULT,TABLE_ALIGNMENT_TIMEOUT,True,5199.3236,True,True,0.0,500,500.5234,23384.6786,,15663,0,0,0,27.077627,C:\Users\cta10\OneDrive\Desktop\part4\704\704GP1\Integration\Zhiyuan\experiment_runs_event_v4\coordinator_lid_done_01_rep12.result.txt,
CENTRALISED,COORDINATOR,LID_DONE,1,after_first_bottle_lid,13,DRAINED,DRAINED,NONE,True,5215.3157,True,True,0.0,500,501.7484,10164.8664,-3663.485599999998,6825,0,0,0,12.316457,C:\Users\cta10\OneDrive\Desktop\part4\704\704GP1\Integration\Zhiyuan\experiment_runs_event_v4\coordinator_lid_done_01_rep13.result.txt,
CENTRALISED,COORDINATOR,LID_DONE,1,after_first_bottle_lid,14,EVENT_NOT_REACHED,FAULT,TABLE_ALIGNMENT_TIMEOUT,False,-1.0,False,False,-1.0,500,0.0,19630.5906,,13410,0,0,0,22.716276,C:\Users\cta10\OneDrive\Desktop\part4\704\704GP1\Integration\Zhiyuan\experiment_runs_event_v4\coordinator_lid_done_01_rep14.result.txt,
CENTRALISED,COORDINATOR,LID_DONE,1,after_first_bottle_lid,15,EVENT_NOT_REACHED,FAULT,TABLE_ALIGNMENT_TIMEOUT,False,-1.0,False,False,-1.0,500,0.0,17056.7695,,11593,0,0,0,26.149141,C:\Users\cta10\OneDrive\Desktop\part4\704\704GP1\Integration\Zhiyuan\experiment_runs_event_v4\coordinator_lid_done_01_rep15.result.txt,
CENTRALISED,COORDINATOR,LID_DONE,1,after_first_bottle_lid,16,DRAINED,DRAINED,NONE,True,5207.5949,True,True,0.0,500,500.2164,15651.1092,1822.7572000000018,6929,0,0,0,29.064684,C:\Users\cta10\OneDrive\Desktop\part4\704\704GP1\Integration\Zhiyuan\experiment_runs_event_v4\coordinator_lid_done_01_rep16.result.txt,
CENTRALISED,COORDINATOR,LID_DONE,1,after_first_bottle_lid,17,DRAINED,DRAINED,NONE,True,5206.7856,True,True,0.0,500,501.7752,13845.783,17.431000000000495,6861,0,0,0,25.596096,C:\Users\cta10\OneDrive\Desktop\part4\704\704GP1\Integration\Zhiyuan\experiment_runs_event_v4\coordinator_lid_done_01_rep17.result.txt,
CENTRALISED,COORDINATOR,LID_DONE,1,after_first_bottle_lid,18,DRAINED,DRAINED,NONE,True,5204.4666,True,True,0.0,500,500.1962,10163.1118,-3665.2401999999984,6959,0,0,0,17.018481,C:\Users\cta10\OneDrive\Desktop\part4\704\704GP1\Integration\Zhiyuan\experiment_runs_event_v4\coordinator_lid_done_01_rep18.result.txt,
CENTRALISED,COORDINATOR,LID_DONE,1,after_first_bottle_lid,19,DRAINED,DRAINED,NONE,True,5198.4065,True,True,0.0,500,501.2051,10163.5964,-3664.7555999999986,7249,0,0,0,12.264619,C:\Users\cta10\OneDrive\Desktop\part4\704\704GP1\Integration\Zhiyuan\experiment_runs_event_v4\coordinator_lid_done_01_rep19.result.txt,
CENTRALISED,COORDINATOR,LID_DONE,1,after_first_bottle_lid,20,DRAINED,DRAINED,NONE,True,5199.1773,True,True,0.0,500,500.694,10155.4876,-3672.8643999999986,7145,0,0,0,11.645152,C:\Users\cta10\OneDrive\Desktop\part4\704\704GP1\Integration\Zhiyuan\experiment_runs_event_v4\coordinator_lid_done_01_rep20.result.txt,
CENTRALISED,COORDINATOR,CAPPER_DONE,1,after_first_bottle_cap,1,EVENT_NOT_REACHED,FAULT,TABLE_ALIGNMENT_TIMEOUT,False,-1.0,False,False,-1.0,500,0.0,17063.6208,,11720,0,0,0,21.113154,C:\Users\cta10\OneDrive\Desktop\part4\704\704GP1\Integration\Zhiyuan\experiment_runs_event_v4\coordinator_capper_done_01_rep01.result.txt,
CENTRALISED,COORDINATOR,CAPPER_DONE,1,after_first_bottle_cap,2,DRAINED,DRAINED,NONE,True,6760.4327,True,True,0.0,500,500.886,10669.8753,-3158.4766999999993,7294,0,0,0,12.167939,C:\Users\cta10\OneDrive\Desktop\part4\704\704GP1\Integration\Zhiyuan\experiment_runs_event_v4\coordinator_capper_done_01_rep02.result.txt,
CENTRALISED,COORDINATOR,CAPPER_DONE,1,after_first_bottle_cap,3,DRAINED,DRAINED,NONE,True,6757.7621,True,True,0.0,500,500.8622,10659.7046,-3168.6474,7204,0,0,0,12.76312,C:\Users\cta10\OneDrive\Desktop\part4\704\704GP1\Integration\Zhiyuan\experiment_runs_event_v4\coordinator_capper_done_01_rep03.result.txt,
CENTRALISED,COORDINATOR,CAPPER_DONE,1,after_first_bottle_cap,4,DRAINED,DRAINED,NONE,True,6760.2723,True,True,0.0,500,500.696,10672.8191,-3155.5328999999983,7188,0,0,0,12.162693,C:\Users\cta10\OneDrive\Desktop\part4\704\704GP1\Integration\Zhiyuan\experiment_runs_event_v4\coordinator_capper_done_01_rep04.result.txt,
CENTRALISED,COORDINATOR,CAPPER_DONE,1,after_first_bottle_cap,5,DRAINED,DRAINED,NONE,True,6759.4861,True,True,0.0,500,500.3491,10670.8259,-3157.526099999999,7058,0,0,0,12.765387,C:\Users\cta10\OneDrive\Desktop\part4\704\704GP1\Integration\Zhiyuan\experiment_runs_event_v4\coordinator_capper_done_01_rep05.result.txt,
CENTRALISED,COORDINATOR,CAPPER_DONE,1,after_first_bottle_cap,6,DRAINED,DRAINED,NONE,True,6764.2379,True,True,0.0,500,501.2474,10687.8492,-3140.5027999999984,6990,0,0,0,12.138349,C:\Users\cta10\OneDrive\Desktop\part4\704\704GP1\Integration\Zhiyuan\experiment_runs_event_v4\coordinator_capper_done_01_rep06.result.txt,
CENTRALISED,COORDINATOR,CAPPER_DONE,1,after_first_bottle_cap,7,DRAINED,DRAINED,NONE,True,6756.833,True,True,0.0,500,500.1083,10665.3919,-3162.9600999999984,7068,0,0,0,12.773035,C:\Users\cta10\OneDrive\Desktop\part4\704\704GP1\Integration\Zhiyuan\experiment_runs_event_v4\coordinator_capper_done_01_rep07.result.txt,
CENTRALISED,COORDINATOR,CAPPER_DONE,1,after_first_bottle_cap,8,DRAINED,DRAINED,NONE,True,6770.6363,True,True,0.0,500,500.188,10674.8972,-3153.4547999999995,7031,0,0,0,12.166625,C:\Users\cta10\OneDrive\Desktop\part4\704\704GP1\Integration\Zhiyuan\experiment_runs_event_v4\coordinator_capper_done_01_rep08.result.txt,
CENTRALISED,COORDINATOR,CAPPER_DONE,1,after_first_bottle_cap,9,DRAINED,DRAINED,NONE,True,6758.0433,True,True,0.0,500,500.0433,10680.6996,-3147.652399999999,7154,0,0,0,12.781232,C:\Users\cta10\OneDrive\Desktop\part4\704\704GP1\Integration\Zhiyuan\experiment_runs_event_v4\coordinator_capper_done_01_rep09.result.txt,
CENTRALISED,COORDINATOR,CAPPER_DONE,1,after_first_bottle_cap,10,EVENT_NOT_REACHED,FAULT,TABLE_ALIGNMENT_TIMEOUT,False,-1.0,False,False,-1.0,500,0.0,17062.353,,11431,0,0,0,20.541493,C:\Users\cta10\OneDrive\Desktop\part4\704\704GP1\Integration\Zhiyuan\experiment_runs_event_v4\coordinator_capper_done_01_rep10.result.txt,
CENTRALISED,COORDINATOR,CAPPER_DONE,1,after_first_bottle_cap,11,DRAINED,DRAINED,NONE,True,6760.8188,True,True,0.0,500,500.8741,10662.5756,-3165.776399999999,7201,0,0,0,12.974327,C:\Users\cta10\OneDrive\Desktop\part4\704\704GP1\Integration\Zhiyuan\experiment_runs_event_v4\coordinator_capper_done_01_rep11.result.txt,
CENTRALISED,COORDINATOR,CAPPER_DONE,1,after_first_bottle_cap,12,DRAINED,DRAINED,NONE,True,6764.397,True,True,0.0,500,501.1454,10689.7255,-3138.6264999999985,7118,0,0,0,12.229445,C:\Users\cta10\OneDrive\Desktop\part4\704\704GP1\Integration\Zhiyuan\experiment_runs_event_v4\coordinator_capper_done_01_rep12.result.txt,
CENTRALISED,COORDINATOR,CAPPER_DONE,1,after_first_bottle_cap,13,DRAINED,DRAINED,NONE,True,6769.263,True,True,0.0,500,500.7137,10691.0563,-3137.2956999999988,6970,0,0,0,12.796992,C:\Users\cta10\OneDrive\Desktop\part4\704\704GP1\Integration\Zhiyuan\experiment_runs_event_v4\coordinator_capper_done_01_rep13.result.txt,
CENTRALISED,COORDINATOR,CAPPER_DONE,1,after_first_bottle_cap,14,DRAINED,DRAINED,NONE,True,6766.9949,True,True,0.0,500,500.7519,10687.3436,-3141.008399999999,7021,0,0,0,12.15904,C:\Users\cta10\OneDrive\Desktop\part4\704\704GP1\Integration\Zhiyuan\experiment_runs_event_v4\coordinator_capper_done_01_rep14.result.txt,
CENTRALISED,COORDINATOR,CAPPER_DONE,1,after_first_bottle_cap,15,DRAINED,DRAINED,NONE,True,6766.7822,True,True,0.0,500,500.1603,10680.6311,-3147.7208999999984,6990,0,0,0,12.788796,C:\Users\cta10\OneDrive\Desktop\part4\704\704GP1\Integration\Zhiyuan\experiment_runs_event_v4\coordinator_capper_done_01_rep15.result.txt,
CENTRALISED,COORDINATOR,CAPPER_DONE,1,after_first_bottle_cap,16,DRAINED,DRAINED,NONE,True,6760.2574,True,True,0.0,500,501.75,10670.3486,-3158.0033999999996,7082,0,0,0,12.159322,C:\Users\cta10\OneDrive\Desktop\part4\704\704GP1\Integration\Zhiyuan\experiment_runs_event_v4\coordinator_capper_done_01_rep16.result.txt,
CENTRALISED,COORDINATOR,CAPPER_DONE,1,after_first_bottle_cap,17,EVENT_NOT_REACHED,FAULT,TABLE_ALIGNMENT_TIMEOUT,False,-1.0,False,False,-1.0,500,0.0,17063.4431,,11383,0,0,0,21.677328,C:\Users\cta10\OneDrive\Desktop\part4\704\704GP1\Integration\Zhiyuan\experiment_runs_event_v4\coordinator_capper_done_01_rep17.result.txt,
CENTRALISED,COORDINATOR,CAPPER_DONE,1,after_first_bottle_cap,18,DRAINED,DRAINED,NONE,True,6766.9735,True,True,0.0,500,501.662,10674.9055,-3153.446499999998,7091,0,0,0,12.180065,C:\Users\cta10\OneDrive\Desktop\part4\704\704GP1\Integration\Zhiyuan\experiment_runs_event_v4\coordinator_capper_done_01_rep18.result.txt,
CENTRALISED,COORDINATOR,CAPPER_DONE,1,after_first_bottle_cap,19,DRAINED,DRAINED,NONE,True,6762.2764,True,True,0.0,500,500.3453,10676.5261,-3151.8259,7143,0,0,0,12.769704,C:\Users\cta10\OneDrive\Desktop\part4\704\704GP1\Integration\Zhiyuan\experiment_runs_event_v4\coordinator_capper_done_01_rep19.result.txt,
CENTRALISED,COORDINATOR,CAPPER_DONE,1,after_first_bottle_cap,20,DRAINED,DRAINED,NONE,True,6765.2427,True,True,0.0,500,500.8198,10670.232,-3158.119999999999,7087,0,0,0,12.22467,C:\Users\cta10\OneDrive\Desktop\part4\704\704GP1\Integration\Zhiyuan\experiment_runs_event_v4\coordinator_capper_done_01_rep20.result.txt,
CENTRALISED,COORDINATOR,LABELLER_DONE,1,after_first_bottle_label,1,DRAINED,DRAINED,NONE,True,8998.4451,True,True,0.0,500,501.4975,10705.2156,-3123.1363999999994,6825,0,0,0,12.843616,C:\Users\cta10\OneDrive\Desktop\part4\704\704GP1\Integration\Zhiyuan\experiment_runs_event_v4\coordinator_labeller_done_01_rep01.result.txt,
CENTRALISED,COORDINATOR,LABELLER_DONE,1,after_first_bottle_label,2,DRAINED,DRAINED,NONE,True,8986.6671,True,True,0.0,500,500.5095,10688.507,-3139.8449999999993,7017,0,0,0,12.178097,C:\Users\cta10\OneDrive\Desktop\part4\704\704GP1\Integration\Zhiyuan\experiment_runs_event_v4\coordinator_labeller_done_01_rep02.result.txt,
CENTRALISED,COORDINATOR,LABELLER_DONE,1,after_first_bottle_label,3,DRAINED,DRAINED,NONE,True,8983.9947,True,True,0.0,500,500.4231,10684.1592,-3144.192799999999,7004,0,0,0,12.773213,C:\Users\cta10\OneDrive\Desktop\part4\704\704GP1\Integration\Zhiyuan\experiment_runs_event_v4\coordinator_labeller_done_01_rep03.result.txt,
CENTRALISED,COORDINATOR,LABELLER_DONE,1,after_first_bottle_label,4,EVENT_NOT_REACHED,FAULT,TABLE_ALIGNMENT_TIMEOUT,False,-1.0,False,False,-1.0,500,0.0,17066.6416,,11328,0,0,0,20.509501,C:\Users\cta10\OneDrive\Desktop\part4\704\704GP1\Integration\Zhiyuan\experiment_runs_event_v4\coordinator_labeller_done_01_rep04.result.txt,
CENTRALISED,COORDINATOR,LABELLER_DONE,1,after_first_bottle_label,5,DRAINED,DRAINED,NONE,True,8997.9353,True,True,0.0,500,501.3929,10702.5893,-3125.7626999999993,6999,0,0,0,12.817519,C:\Users\cta10\OneDrive\Desktop\part4\704\704GP1\Integration\Zhiyuan\experiment_runs_event_v4\coordinator_labeller_done_01_rep05.result.txt,
CENTRALISED,COORDINATOR,LABELLER_DONE,1,after_first_bottle_label,6,DRAINED,DRAINED,NONE,True,8990.3361,True,True,0.0,500,501.0905,10692.9846,-3135.367399999999,6946,0,0,0,12.222347,C:\Users\cta10\OneDrive\Desktop\part4\704\704GP1\Integration\Zhiyuan\experiment_runs_event_v4\coordinator_labeller_done_01_rep06.result.txt,
CENTRALISED,COORDINATOR,LABELLER_DONE,1,after_first_bottle_label,7,DRAINED,DRAINED,NONE,True,8980.128,True,True,0.0,500,500.8639,10670.0204,-3158.3315999999995,7007,0,0,0,12.769192,C:\Users\cta10\OneDrive\Desktop\part4\704\704GP1\Integration\Zhiyuan\experiment_runs_event_v4\coordinator_labeller_done_01_rep07.result.txt,
CENTRALISED,COORDINATOR,LABELLER_DONE,1,after_first_bottle_label,8,DRAINED,DRAINED,NONE,True,8992.6112,True,True,0.0,500,500.6045,10697.0809,-3131.271099999998,7069,0,0,0,12.205596,C:\Users\cta10\OneDrive\Desktop\part4\704\704GP1\Integration\Zhiyuan\experiment_runs_event_v4\coordinator_labeller_done_01_rep08.result.txt,
CENTRALISED,COORDINATOR,LABELLER_DONE,1,after_first_bottle_label,9,DRAINED,DRAINED,NONE,True,8980.6604,True,True,0.0,500,501.2027,10676.0948,-3152.257199999998,6890,0,0,0,12.780185,C:\Users\cta10\OneDrive\Desktop\part4\704\704GP1\Integration\Zhiyuan\experiment_runs_event_v4\coordinator_labeller_done_01_rep09.result.txt,
CENTRALISED,COORDINATOR,LABELLER_DONE,1,after_first_bottle_label,10,DRAINED,DRAINED,NONE,True,8989.0689,True,True,0.0,500,500.8927,10690.7503,-3137.6016999999993,6953,0,0,0,12.168044,C:\Users\cta10\OneDrive\Desktop\part4\704\704GP1\Integration\Zhiyuan\experiment_runs_event_v4\coordinator_labeller_done_01_rep10.result.txt,
CENTRALISED,COORDINATOR,LABELLER_DONE,1,after_first_bottle_label,11,DRAINED,DRAINED,NONE,True,8973.3034,True,True,0.0,500,500.6792,10669.0311,-3159.320899999999,7033,0,0,0,12.77459,C:\Users\cta10\OneDrive\Desktop\part4\704\704GP1\Integration\Zhiyuan\experiment_runs_event_v4\coordinator_labeller_done_01_rep11.result.txt,
CENTRALISED,COORDINATOR,LABELLER_DONE,1,after_first_bottle_label,12,DRAINED,DRAINED,NONE,True,8987.6086,True,True,0.0,500,500.5468,10693.9027,-3134.4492999999984,7004,0,0,0,12.12673,C:\Users\cta10\OneDrive\Desktop\part4\704\704GP1\Integration\Zhiyuan\experiment_runs_event_v4\coordinator_labeller_done_01_rep12.result.txt,
CENTRALISED,COORDINATOR,LABELLER_DONE,1,after_first_bottle_label,13,DRAINED,DRAINED,NONE,True,8991.1263,True,True,0.0,500,500.0995,10694.0876,-3134.264399999998,6899,0,0,0,12.80381,C:\Users\cta10\OneDrive\Desktop\part4\704\704GP1\Integration\Zhiyuan\experiment_runs_event_v4\coordinator_labeller_done_01_rep13.result.txt,
CENTRALISED,COORDINATOR,LABELLER_DONE,1,after_first_bottle_label,14,EVENT_NOT_REACHED,FAULT,TABLE_ALIGNMENT_TIMEOUT,False,-1.0,False,False,-1.0,500,0.0,17065.359,,11325,0,0,0,21.046707,C:\Users\cta10\OneDrive\Desktop\part4\704\704GP1\Integration\Zhiyuan\experiment_runs_event_v4\coordinator_labeller_done_01_rep14.result.txt,
CENTRALISED,COORDINATOR,LABELLER_DONE,1,after_first_bottle_label,15,DRAINED,DRAINED,NONE,True,8970.7535,True,True,0.0,500,501.3041,10677.2624,-3151.0895999999993,7050,0,0,0,12.783237,C:\Users\cta10\OneDrive\Desktop\part4\704\704GP1\Integration\Zhiyuan\experiment_runs_event_v4\coordinator_labeller_done_01_rep15.result.txt,
CENTRALISED,COORDINATOR,LABELLER_DONE,1,after_first_bottle_label,16,EVENT_NOT_REACHED,FAULT,TABLE_ALIGNMENT_TIMEOUT,False,-1.0,False,False,-1.0,500,0.0,21171.8515,,14024,0,0,0,24.060823,C:\Users\cta10\OneDrive\Desktop\part4\704\704GP1\Integration\Zhiyuan\experiment_runs_event_v4\coordinator_labeller_done_01_rep16.result.txt,
CENTRALISED,COORDINATOR,LABELLER_DONE,1,after_first_bottle_label,17,DRAINED,DRAINED,NONE,True,8986.4265,True,True,0.0,500,500.9971,10687.8352,-3140.5167999999994,6999,0,0,0,12.81151,C:\Users\cta10\OneDrive\Desktop\part4\704\704GP1\Integration\Zhiyuan\experiment_runs_event_v4\coordinator_labeller_done_01_rep17.result.txt,
CENTRALISED,COORDINATOR,LABELLER_DONE,1,after_first_bottle_label,18,DRAINED,DRAINED,NONE,True,8980.55,True,True,0.0,500,500.2945,10675.7655,-3152.5864999999994,7023,0,0,0,12.155914,C:\Users\cta10\OneDrive\Desktop\part4\704\704GP1\Integration\Zhiyuan\experiment_runs_event_v4\coordinator_labeller_done_01_rep18.result.txt,
CENTRALISED,COORDINATOR,LABELLER_DONE,1,after_first_bottle_label,19,DRAINED,DRAINED,NONE,True,8969.2157,True,True,0.0,500,501.343,10668.6403,-3159.7117,6995,0,0,0,12.763131,C:\Users\cta10\OneDrive\Desktop\part4\704\704GP1\Integration\Zhiyuan\experiment_runs_event_v4\coordinator_labeller_done_01_rep19.result.txt,
CENTRALISED,COORDINATOR,LABELLER_DONE,1,after_first_bottle_label,20,DRAINED,DRAINED,NONE,True,8978.9878,True,True,0.0,500,501.7958,10676.4195,-3151.932499999999,7007,0,0,0,12.13427,C:\Users\cta10\OneDrive\Desktop\part4\704\704GP1\Integration\Zhiyuan\experiment_runs_event_v4\coordinator_labeller_done_01_rep20.result.txt,
CENTRALISED,COORDINATOR,UNLOADER_DONE,1,after_first_bottle_completion,1,DRAINED,DRAINED,NONE,True,10086.1883,True,True,0.0,500,500.8119,10659.7478,-3168.6041999999998,7054,0,0,0,12.763312,C:\Users\cta10\OneDrive\Desktop\part4\704\704GP1\Integration\Zhiyuan\experiment_runs_event_v4\coordinator_unloader_done_01_rep01.result.txt,
CENTRALISED,COORDINATOR,UNLOADER_DONE,1,after_first_bottle_completion,2,EVENT_NOT_REACHED,FAULT,TABLE_ALIGNMENT_TIMEOUT,False,-1.0,False,False,-1.0,500,0.0,17063.2432,,11231,0,0,0,21.009014,C:\Users\cta10\OneDrive\Desktop\part4\704\704GP1\Integration\Zhiyuan\experiment_runs_event_v4\coordinator_unloader_done_01_rep02.result.txt,
CENTRALISED,COORDINATOR,UNLOADER_DONE,1,after_first_bottle_completion,3,DRAINED,DRAINED,NONE,True,10084.1288,True,True,0.0,500,501.2211,10667.0552,-3161.2967999999983,7084,0,0,0,12.79078,C:\Users\cta10\OneDrive\Desktop\part4\704\704GP1\Integration\Zhiyuan\experiment_runs_event_v4\coordinator_unloader_done_01_rep03.result.txt,
CENTRALISED,COORDINATOR,UNLOADER_DONE,1,after_first_bottle_completion,4,DRAINED,DRAINED,NONE,True,10080.1834,True,True,0.0,500,500.311,10659.4261,-3168.9258999999984,7023,0,0,0,12.171694,C:\Users\cta10\OneDrive\Desktop\part4\704\704GP1\Integration\Zhiyuan\experiment_runs_event_v4\coordinator_unloader_done_01_rep04.result.txt,
CENTRALISED,COORDINATOR,UNLOADER_DONE,1,after_first_bottle_completion,5,DRAINED,DRAINED,NONE,True,10097.1808,True,True,0.0,500,500.5328,10675.6942,-3152.657799999999,7045,0,0,0,12.780798,C:\Users\cta10\OneDrive\Desktop\part4\704\704GP1\Integration\Zhiyuan\experiment_runs_event_v4\coordinator_unloader_done_01_rep05.result.txt,
CENTRALISED,COORDINATOR,UNLOADER_DONE,1,after_first_bottle_completion,6,EVENT_NOT_REACHED,FAULT,TABLE_ALIGNMENT_TIMEOUT,False,-1.0,False,False,-1.0,500,0.0,23395.6884,,15697,0,0,0,26.541481,C:\Users\cta10\OneDrive\Desktop\part4\704\704GP1\Integration\Zhiyuan\experiment_runs_event_v4\coordinator_unloader_done_01_rep06.result.txt,
CENTRALISED,COORDINATOR,UNLOADER_DONE,1,after_first_bottle_completion,7,EVENT_NOT_REACHED,FAULT,TABLE_ALIGNMENT_TIMEOUT,False,-1.0,False,False,-1.0,500,0.0,17062.0945,,11529,0,0,0,20.632792,C:\Users\cta10\OneDrive\Desktop\part4\704\704GP1\Integration\Zhiyuan\experiment_runs_event_v4\coordinator_unloader_done_01_rep07.result.txt,
CENTRALISED,COORDINATOR,UNLOADER_DONE,1,after_first_bottle_completion,8,DRAINED,DRAINED,NONE,True,10102.9601,True,True,0.0,500,500.7199,10684.6928,-3143.6591999999982,7135,0,0,0,12.206946,C:\Users\cta10\OneDrive\Desktop\part4\704\704GP1\Integration\Zhiyuan\experiment_runs_event_v4\coordinator_unloader_done_01_rep08.result.txt,
CENTRALISED,COORDINATOR,UNLOADER_DONE,1,after_first_bottle_completion,9,DRAINED,DRAINED,NONE,True,10106.0247,True,True,0.0,500,500.8586,10687.644,-3140.7079999999987,7009,0,0,0,12.810619,C:\Users\cta10\OneDrive\Desktop\part4\704\704GP1\Integration\Zhiyuan\experiment_runs_event_v4\coordinator_unloader_done_01_rep09.result.txt,
CENTRALISED,COORDINATOR,UNLOADER_DONE,1,after_first_bottle_completion,10,DRAINED,DRAINED,NONE,True,10105.9324,True,True,0.0,500,500.5422,10684.0491,-3144.3028999999988,6930,0,0,0,12.191516,C:\Users\cta10\OneDrive\Desktop\part4\704\704GP1\Integration\Zhiyuan\experiment_runs_event_v4\coordinator_unloader_done_01_rep10.result.txt,
CENTRALISED,COORDINATOR,UNLOADER_DONE,1,after_first_bottle_completion,11,DRAINED,DRAINED,NONE,True,10082.9429,True,True,0.0,500,501.505,10661.6846,-3166.6673999999985,7031,0,0,0,12.765043,C:\Users\cta10\OneDrive\Desktop\part4\704\704GP1\Integration\Zhiyuan\experiment_runs_event_v4\coordinator_unloader_done_01_rep11.result.txt,
CENTRALISED,COORDINATOR,UNLOADER_DONE,1,after_first_bottle_completion,12,DRAINED,DRAINED,NONE,True,10093.6972,True,True,0.0,500,500.5762,10670.7647,-3157.5872999999992,7073,0,0,0,12.15545,C:\Users\cta10\OneDrive\Desktop\part4\704\704GP1\Integration\Zhiyuan\experiment_runs_event_v4\coordinator_unloader_done_01_rep12.result.txt,
CENTRALISED,COORDINATOR,UNLOADER_DONE,1,after_first_bottle_completion,13,EVENT_NOT_REACHED,FAULT,TABLE_ALIGNMENT_TIMEOUT,False,-1.0,False,False,-1.0,500,0.0,17065.2927,,11480,0,0,0,21.67645,C:\Users\cta10\OneDrive\Desktop\part4\704\704GP1\Integration\Zhiyuan\experiment_runs_event_v4\coordinator_unloader_done_01_rep13.result.txt,
CENTRALISED,COORDINATOR,UNLOADER_DONE,1,after_first_bottle_completion,14,DRAINED,DRAINED,NONE,True,10075.6082,True,True,0.0,500,500.3957,10652.7423,-3175.609699999999,7199,0,0,0,12.14685,C:\Users\cta10\OneDrive\Desktop\part4\704\704GP1\Integration\Zhiyuan\experiment_runs_event_v4\coordinator_unloader_done_01_rep14.result.txt,
CENTRALISED,COORDINATOR,UNLOADER_DONE,1,after_first_bottle_completion,15,DRAINED,DRAINED,NONE,True,10085.7381,True,True,0.0,500,500.9037,10658.5382,-3169.813799999998,7140,0,0,0,12.753544,C:\Users\cta10\OneDrive\Desktop\part4\704\704GP1\Integration\Zhiyuan\experiment_runs_event_v4\coordinator_unloader_done_01_rep15.result.txt,
CENTRALISED,COORDINATOR,UNLOADER_DONE,1,after_first_bottle_completion,16,DRAINED,DRAINED,NONE,True,10074.082,True,True,0.0,500,500.1955,10651.0497,-3177.3022999999994,7132,0,0,0,12.128123,C:\Users\cta10\OneDrive\Desktop\part4\704\704GP1\Integration\Zhiyuan\experiment_runs_event_v4\coordinator_unloader_done_01_rep16.result.txt,
CENTRALISED,COORDINATOR,UNLOADER_DONE,1,after_first_bottle_completion,17,DRAINED,DRAINED,NONE,True,10097.9545,True,True,0.0,500,501.0868,10674.6411,-3153.710899999998,6964,0,0,0,12.757622,C:\Users\cta10\OneDrive\Desktop\part4\704\704GP1\Integration\Zhiyuan\experiment_runs_event_v4\coordinator_unloader_done_01_rep17.result.txt,
CENTRALISED,COORDINATOR,UNLOADER_DONE,1,after_first_bottle_completion,18,DRAINED,DRAINED,NONE,True,10091.3503,True,True,0.0,500,500.8294,10673.0896,-3155.2623999999996,6962,0,0,0,12.166457,C:\Users\cta10\OneDrive\Desktop\part4\704\704GP1\Integration\Zhiyuan\experiment_runs_event_v4\coordinator_unloader_done_01_rep18.result.txt,
CENTRALISED,COORDINATOR,UNLOADER_DONE,1,after_first_bottle_completion,19,DRAINED,DRAINED,NONE,True,10092.1272,True,True,0.0,500,500.109,10673.4656,-3154.8863999999994,7086,0,0,0,12.823167,C:\Users\cta10\OneDrive\Desktop\part4\704\704GP1\Integration\Zhiyuan\experiment_runs_event_v4\coordinator_unloader_done_01_rep19.result.txt,
CENTRALISED,COORDINATOR,UNLOADER_DONE,1,after_first_bottle_completion,20,DRAINED,DRAINED,NONE,True,10090.3167,True,True,0.0,500,501.646,10671.6557,-3156.6962999999996,7164,0,0,0,12.197771,C:\Users\cta10\OneDrive\Desktop\part4\704\704GP1\Integration\Zhiyuan\experiment_runs_event_v4\coordinator_unloader_done_01_rep20.result.txt,
CENTRALISED,COORDINATOR,LOADER_DONE,2,after_second_bottle_admitted,1,DRAINED,DRAINED,NONE,True,3597.7181,True,True,0.0,500,500.9035,10659.0049,-3169.347099999999,7119,0,0,0,12.761458,C:\Users\cta10\OneDrive\Desktop\part4\704\704GP1\Integration\Zhiyuan\experiment_runs_event_v4\coordinator_loader_done_02_rep01.result.txt,
CENTRALISED,COORDINATOR,LOADER_DONE,2,after_second_bottle_admitted,2,DRAINED,DRAINED,NONE,True,3589.2225,True,True,0.0,500,500.8565,10663.592,-3164.7599999999984,7103,0,0,0,12.133393,C:\Users\cta10\OneDrive\Desktop\part4\704\704GP1\Integration\Zhiyuan\experiment_runs_event_v4\coordinator_loader_done_02_rep02.result.txt,
CENTRALISED,COORDINATOR,LOADER_DONE,2,after_second_bottle_admitted,3,DRAINED,DRAINED,NONE,True,3592.2333,True,True,0.0,500,500.9999,10675.2048,-3153.1471999999994,7144,0,0,0,12.780384,C:\Users\cta10\OneDrive\Desktop\part4\704\704GP1\Integration\Zhiyuan\experiment_runs_event_v4\coordinator_loader_done_02_rep03.result.txt,
CENTRALISED,COORDINATOR,LOADER_DONE,2,after_second_bottle_admitted,4,EVENT_NOT_REACHED,FAULT,TABLE_ALIGNMENT_TIMEOUT,False,-1.0,False,False,-1.0,500,0.0,17059.0404,,11403,0,0,0,21.093656,C:\Users\cta10\OneDrive\Desktop\part4\704\704GP1\Integration\Zhiyuan\experiment_runs_event_v4\coordinator_loader_done_02_rep04.result.txt,
CENTRALISED,COORDINATOR,LOADER_DONE,2,after_second_bottle_admitted,5,DRAINED,DRAINED,NONE,True,3591.3704,True,True,0.0,500,500.95,10682.0205,-3146.3314999999984,7009,0,0,0,12.805592,C:\Users\cta10\OneDrive\Desktop\part4\704\704GP1\Integration\Zhiyuan\experiment_runs_event_v4\coordinator_loader_done_02_rep05.result.txt,
CENTRALISED,COORDINATOR,LOADER_DONE,2,after_second_bottle_admitted,6,DRAINED,DRAINED,NONE,True,3588.0623,True,True,0.0,500,501.7681,10677.0719,-3151.280099999998,7010,0,0,0,12.174915,C:\Users\cta10\OneDrive\Desktop\part4\704\704GP1\Integration\Zhiyuan\experiment_runs_event_v4\coordinator_loader_done_02_rep06.result.txt,
CENTRALISED,COORDINATOR,LOADER_DONE,2,after_second_bottle_admitted,7,DRAINED,DRAINED,NONE,True,3596.2993,True,True,0.0,500,500.1153,10678.2163,-3150.135699999999,6977,0,0,0,12.830791,C:\Users\cta10\OneDrive\Desktop\part4\704\704GP1\Integration\Zhiyuan\experiment_runs_event_v4\coordinator_loader_done_02_rep07.result.txt,
CENTRALISED,COORDINATOR,LOADER_DONE,2,after_second_bottle_admitted,8,DRAINED,DRAINED,NONE,True,3591.0515,True,True,0.0,500,501.6972,10684.8254,-3143.5265999999992,7061,0,0,0,12.180361,C:\Users\cta10\OneDrive\Desktop\part4\704\704GP1\Integration\Zhiyuan\experiment_runs_event_v4\coordinator_loader_done_02_rep08.result.txt,
CENTRALISED,COORDINATOR,LOADER_DONE,2,after_second_bottle_admitted,9,DRAINED,DRAINED,NONE,True,3588.4138,True,True,0.0,500,500.1912,10668.3885,-3159.9635,7074,0,0,0,12.773918,C:\Users\cta10\OneDrive\Desktop\part4\704\704GP1\Integration\Zhiyuan\experiment_runs_event_v4\coordinator_loader_done_02_rep09.result.txt,
CENTRALISED,COORDINATOR,LOADER_DONE,2,after_second_bottle_admitted,10,DRAINED,DRAINED,NONE,True,3595.9174,True,True,0.0,500,501.0507,10676.6058,-3151.7461999999996,7095,0,0,0,12.178797,C:\Users\cta10\OneDrive\Desktop\part4\704\704GP1\Integration\Zhiyuan\experiment_runs_event_v4\coordinator_loader_done_02_rep10.result.txt,
CENTRALISED,COORDINATOR,LOADER_DONE,2,after_second_bottle_admitted,11,DRAINED,DRAINED,NONE,True,3597.7693,True,True,0.0,500,500.0214,10689.6186,-3138.733399999999,6952,0,0,0,12.865293,C:\Users\cta10\OneDrive\Desktop\part4\704\704GP1\Integration\Zhiyuan\experiment_runs_event_v4\coordinator_loader_done_02_rep11.result.txt,
CENTRALISED,COORDINATOR,LOADER_DONE,2,after_second_bottle_admitted,12,DRAINED,DRAINED,NONE,True,3593.4315,True,True,0.0,500,500.9452,10682.4908,-3145.8611999999994,7097,0,0,0,12.165459,C:\Users\cta10\OneDrive\Desktop\part4\704\704GP1\Integration\Zhiyuan\experiment_runs_event_v4\coordinator_loader_done_02_rep12.result.txt,
CENTRALISED,COORDINATOR,LOADER_DONE,2,after_second_bottle_admitted,13,DRAINED,DRAINED,NONE,True,3587.4207,True,True,0.0,500,501.4231,10678.554,-3149.797999999999,6979,0,0,0,12.801865,C:\Users\cta10\OneDrive\Desktop\part4\704\704GP1\Integration\Zhiyuan\experiment_runs_event_v4\coordinator_loader_done_02_rep13.result.txt,
CENTRALISED,COORDINATOR,LOADER_DONE,2,after_second_bottle_admitted,14,EVENT_NOT_REACHED,FAULT,TABLE_ALIGNMENT_TIMEOUT,False,-1.0,False,False,-1.0,500,0.0,17067.9747,,11248,0,0,0,20.573322,C:\Users\cta10\OneDrive\Desktop\part4\704\704GP1\Integration\Zhiyuan\experiment_runs_event_v4\coordinator_loader_done_02_rep14.result.txt,
CENTRALISED,COORDINATOR,LOADER_DONE,2,after_second_bottle_admitted,15,DRAINED,DRAINED,NONE,True,3586.998,True,True,0.0,500,500.7261,10659.2528,-3169.0991999999987,7093,0,0,0,12.764829,C:\Users\cta10\OneDrive\Desktop\part4\704\704GP1\Integration\Zhiyuan\experiment_runs_event_v4\coordinator_loader_done_02_rep15.result.txt,
CENTRALISED,COORDINATOR,LOADER_DONE,2,after_second_bottle_admitted,16,DRAINED,DRAINED,NONE,True,3594.0188,True,True,0.0,500,500.5985,10664.5907,-3163.7612999999983,7113,0,0,0,12.148102,C:\Users\cta10\OneDrive\Desktop\part4\704\704GP1\Integration\Zhiyuan\experiment_runs_event_v4\coordinator_loader_done_02_rep16.result.txt,
CENTRALISED,COORDINATOR,LOADER_DONE,2,after_second_bottle_admitted,17,DRAINED,DRAINED,NONE,True,3593.0987,True,True,0.0,500,500.2324,10686.3971,-3141.954899999999,7122,0,0,0,12.782616,C:\Users\cta10\OneDrive\Desktop\part4\704\704GP1\Integration\Zhiyuan\experiment_runs_event_v4\coordinator_loader_done_02_rep17.result.txt,
CENTRALISED,COORDINATOR,LOADER_DONE,2,after_second_bottle_admitted,18,EVENT_NOT_REACHED,FAULT,TABLE_ALIGNMENT_TIMEOUT,False,-1.0,False,False,-1.0,500,0.0,17067.338,,11409,0,0,0,20.013305,C:\Users\cta10\OneDrive\Desktop\part4\704\704GP1\Integration\Zhiyuan\experiment_runs_event_v4\coordinator_loader_done_02_rep18.result.txt,
CENTRALISED,COORDINATOR,LOADER_DONE,2,after_second_bottle_admitted,19,DRAINED,DRAINED,NONE,True,3596.2331,True,True,0.0,500,500.5158,10690.6709,-3137.6811,7040,0,0,0,12.816676,C:\Users\cta10\OneDrive\Desktop\part4\704\704GP1\Integration\Zhiyuan\experiment_runs_event_v4\coordinator_loader_done_02_rep19.result.txt,
CENTRALISED,COORDINATOR,LOADER_DONE,2,after_second_bottle_admitted,20,DRAINED,DRAINED,NONE,True,3593.4325,True,True,0.0,500,501.8039,10676.8621,-3151.4898999999987,7073,0,0,0,12.159254,C:\Users\cta10\OneDrive\Desktop\part4\704\704GP1\Integration\Zhiyuan\experiment_runs_event_v4\coordinator_loader_done_02_rep20.result.txt,
CENTRALISED,COORDINATOR,CONVEYOR_DONE,2,after_second_bottle_transfer_to_rotary,1,DRAINED,DRAINED,NONE,True,4635.298,True,True,0.0,500,501.5426,10693.9478,-3134.404199999999,6920,0,0,0,12.791785,C:\Users\cta10\OneDrive\Desktop\part4\704\704GP1\Integration\Zhiyuan\experiment_runs_event_v4\coordinator_conveyor_done_02_rep01.result.txt,
CENTRALISED,COORDINATOR,CONVEYOR_DONE,2,after_second_bottle_transfer_to_rotary,2,DRAINED,DRAINED,NONE,True,4615.5665,True,True,0.0,500,500.3992,10669.7832,-3158.568799999999,7161,0,0,0,12.130883,C:\Users\cta10\OneDrive\Desktop\part4\704\704GP1\Integration\Zhiyuan\experiment_runs_event_v4\coordinator_conveyor_done_02_rep02.result.txt,
CENTRALISED,COORDINATOR,CONVEYOR_DONE,2,after_second_bottle_transfer_to_rotary,3,DRAINED,DRAINED,NONE,True,4628.1352,True,True,0.0,500,500.3574,10691.9208,-3136.431199999999,7163,0,0,0,12.824774,C:\Users\cta10\OneDrive\Desktop\part4\704\704GP1\Integration\Zhiyuan\experiment_runs_event_v4\coordinator_conveyor_done_02_rep03.result.txt,
CENTRALISED,COORDINATOR,CONVEYOR_DONE,2,after_second_bottle_transfer_to_rotary,4,DRAINED,DRAINED,NONE,True,4617.0853,True,True,0.0,500,501.9638,10664.7283,-3163.6236999999983,7204,0,0,0,12.219609,C:\Users\cta10\OneDrive\Desktop\part4\704\704GP1\Integration\Zhiyuan\experiment_runs_event_v4\coordinator_conveyor_done_02_rep04.result.txt,
CENTRALISED,COORDINATOR,CONVEYOR_DONE,2,after_second_bottle_transfer_to_rotary,5,DRAINED,DRAINED,NONE,True,4614.7561,True,True,0.0,500,500.3346,10673.6548,-3154.6971999999987,7157,0,0,0,12.795849,C:\Users\cta10\OneDrive\Desktop\part4\704\704GP1\Integration\Zhiyuan\experiment_runs_event_v4\coordinator_conveyor_done_02_rep05.result.txt,
CENTRALISED,COORDINATOR,CONVEYOR_DONE,2,after_second_bottle_transfer_to_rotary,6,DRAINED,DRAINED,NONE,True,4615.5116,True,True,0.0,500,500.8972,10684.1556,-3144.196399999999,7197,0,0,0,12.193109,C:\Users\cta10\OneDrive\Desktop\part4\704\704GP1\Integration\Zhiyuan\experiment_runs_event_v4\coordinator_conveyor_done_02_rep06.result.txt,
CENTRALISED,COORDINATOR,CONVEYOR_DONE,2,after_second_bottle_transfer_to_rotary,7,DRAINED,DRAINED,NONE,True,4620.0936,True,True,0.0,500,501.9735,10668.594,-3159.758,7243,0,0,0,12.836783,C:\Users\cta10\OneDrive\Desktop\part4\704\704GP1\Integration\Zhiyuan\experiment_runs_event_v4\coordinator_conveyor_done_02_rep07.result.txt,
CENTRALISED,COORDINATOR,CONVEYOR_DONE,2,after_second_bottle_transfer_to_rotary,8,DRAINED,DRAINED,NONE,True,4618.2242,True,True,0.0,500,500.7283,10667.4903,-3160.8616999999995,7128,0,0,0,12.163736,C:\Users\cta10\OneDrive\Desktop\part4\704\704GP1\Integration\Zhiyuan\experiment_runs_event_v4\coordinator_conveyor_done_02_rep08.result.txt,
CENTRALISED,COORDINATOR,CONVEYOR_DONE,2,after_second_bottle_transfer_to_rotary,9,FAULT,FAULT,TABLE_ALIGNMENT_TIMEOUT,True,4614.0061,True,True,0.0,500,500.2317,23892.0192,,16160,0,0,0,28.149297,C:\Users\cta10\OneDrive\Desktop\part4\704\704GP1\Integration\Zhiyuan\experiment_runs_event_v4\coordinator_conveyor_done_02_rep09.result.txt,
CENTRALISED,COORDINATOR,CONVEYOR_DONE,2,after_second_bottle_transfer_to_rotary,10,DRAINED,DRAINED,NONE,True,4622.7988,True,True,0.0,500,500.829,10710.9219,-3117.4300999999996,7023,0,0,0,12.158321,C:\Users\cta10\OneDrive\Desktop\part4\704\704GP1\Integration\Zhiyuan\experiment_runs_event_v4\coordinator_conveyor_done_02_rep10.result.txt,
CENTRALISED,COORDINATOR,CONVEYOR_DONE,2,after_second_bottle_transfer_to_rotary,11,DRAINED,DRAINED,NONE,True,4625.3806,True,True,0.0,500,501.9326,10682.0549,-3146.2971,7080,0,0,0,12.762865,C:\Users\cta10\OneDrive\Desktop\part4\704\704GP1\Integration\Zhiyuan\experiment_runs_event_v4\coordinator_conveyor_done_02_rep11.result.txt,
CENTRALISED,COORDINATOR,CONVEYOR_DONE,2,after_second_bottle_transfer_to_rotary,12,DRAINED,DRAINED,NONE,True,4623.0309,True,True,0.0,500,501.612,10675.7293,-3152.622699999998,7167,0,0,0,12.196737,C:\Users\cta10\OneDrive\Desktop\part4\704\704GP1\Integration\Zhiyuan\experiment_runs_event_v4\coordinator_conveyor_done_02_rep12.result.txt,
CENTRALISED,COORDINATOR,CONVEYOR_DONE,2,after_second_bottle_transfer_to_rotary,13,DRAINED,DRAINED,NONE,True,4616.5344,True,True,0.0,500,501.6608,10671.3005,-3157.0514999999996,7038,0,0,0,12.800977,C:\Users\cta10\OneDrive\Desktop\part4\704\704GP1\Integration\Zhiyuan\experiment_runs_event_v4\coordinator_conveyor_done_02_rep13.result.txt,
CENTRALISED,COORDINATOR,CONVEYOR_DONE,2,after_second_bottle_transfer_to_rotary,14,DRAINED,DRAINED,NONE,True,4622.4467,True,True,0.0,500,501.9292,10681.4064,-3146.945599999999,7198,0,0,0,12.188425,C:\Users\cta10\OneDrive\Desktop\part4\704\704GP1\Integration\Zhiyuan\experiment_runs_event_v4\coordinator_conveyor_done_02_rep14.result.txt,
CENTRALISED,COORDINATOR,CONVEYOR_DONE,2,after_second_bottle_transfer_to_rotary,15,DRAINED,DRAINED,NONE,True,4614.5714,True,True,0.0,500,500.3235,10662.6406,-3165.7113999999983,7119,0,0,0,12.773064,C:\Users\cta10\OneDrive\Desktop\part4\704\704GP1\Integration\Zhiyuan\experiment_runs_event_v4\coordinator_conveyor_done_02_rep15.result.txt,
CENTRALISED,COORDINATOR,CONVEYOR_DONE,2,after_second_bottle_transfer_to_rotary,16,DRAINED,DRAINED,NONE,True,4618.7521,True,True,0.0,500,501.2396,10683.5655,-3144.7864999999983,7096,0,0,0,12.173623,C:\Users\cta10\OneDrive\Desktop\part4\704\704GP1\Integration\Zhiyuan\experiment_runs_event_v4\coordinator_conveyor_done_02_rep16.result.txt,
CENTRALISED,COORDINATOR,CONVEYOR_DONE,2,after_second_bottle_transfer_to_rotary,17,FAULT,FAULT,TABLE_ALIGNMENT_TIMEOUT,True,4625.9657,True,True,0.0,500,500.9344,23893.7499,,16118,0,0,0,27.651637,C:\Users\cta10\OneDrive\Desktop\part4\704\704GP1\Integration\Zhiyuan\experiment_runs_event_v4\coordinator_conveyor_done_02_rep17.result.txt,
CENTRALISED,COORDINATOR,CONVEYOR_DONE,2,after_second_bottle_transfer_to_rotary,18,EVENT_NOT_REACHED,FAULT,TABLE_ALIGNMENT_TIMEOUT,False,-1.0,False,False,-1.0,500,0.0,17062.2332,,11567,0,0,0,20.041078,C:\Users\cta10\OneDrive\Desktop\part4\704\704GP1\Integration\Zhiyuan\experiment_runs_event_v4\coordinator_conveyor_done_02_rep18.result.txt,
CENTRALISED,COORDINATOR,CONVEYOR_DONE,2,after_second_bottle_transfer_to_rotary,19,DRAINED,DRAINED,NONE,True,4633.7575,True,True,0.0,500,500.7192,10687.9343,-3140.417699999998,7059,0,0,0,12.799101,C:\Users\cta10\OneDrive\Desktop\part4\704\704GP1\Integration\Zhiyuan\experiment_runs_event_v4\coordinator_conveyor_done_02_rep19.result.txt,
CENTRALISED,COORDINATOR,CONVEYOR_DONE,2,after_second_bottle_transfer_to_rotary,20,DRAINED,DRAINED,NONE,True,4624.5654,True,True,0.0,500,500.6078,10695.7066,-3132.6453999999994,7057,0,0,0,12.195039,C:\Users\cta10\OneDrive\Desktop\part4\704\704GP1\Integration\Zhiyuan\experiment_runs_event_v4\coordinator_conveyor_done_02_rep20.result.txt,
CENTRALISED,COORDINATOR,FILLER_DONE,2,after_second_bottle_fill,1,DRAINED,DRAINED,NONE,True,6158.3493,True,True,0.0,500,500.6034,10659.1994,-3169.1525999999994,7065,0,0,0,12.769823,C:\Users\cta10\OneDrive\Desktop\part4\704\704GP1\Integration\Zhiyuan\experiment_runs_event_v4\coordinator_filler_done_02_rep01.result.txt,
CENTRALISED,COORDINATOR,FILLER_DONE,2,after_second_bottle_fill,2,DRAINED,DRAINED,NONE,True,6155.377,True,True,0.0,500,501.6905,10670.4811,-3157.870899999998,7011,0,0,0,12.158221,C:\Users\cta10\OneDrive\Desktop\part4\704\704GP1\Integration\Zhiyuan\experiment_runs_event_v4\coordinator_filler_done_02_rep02.result.txt,
CENTRALISED,COORDINATOR,FILLER_DONE,2,after_second_bottle_fill,3,DRAINED,DRAINED,NONE,True,6166.767,True,True,0.0,500,501.6813,10693.8616,-3134.4903999999988,7021,0,0,0,12.797932,C:\Users\cta10\OneDrive\Desktop\part4\704\704GP1\Integration\Zhiyuan\experiment_runs_event_v4\coordinator_filler_done_02_rep03.result.txt,
CENTRALISED,COORDINATOR,FILLER_DONE,2,after_second_bottle_fill,4,DRAINED,DRAINED,NONE,True,6175.0042,True,True,0.0,500,500.6295,10702.514,-3125.8379999999997,7010,0,0,0,12.199893,C:\Users\cta10\OneDrive\Desktop\part4\704\704GP1\Integration\Zhiyuan\experiment_runs_event_v4\coordinator_filler_done_02_rep04.result.txt,
CENTRALISED,COORDINATOR,FILLER_DONE,2,after_second_bottle_fill,5,DRAINED,DRAINED,NONE,True,6170.7706,True,True,0.0,500,500.3052,10668.7667,-3159.585299999999,7103,0,0,0,12.761088,C:\Users\cta10\OneDrive\Desktop\part4\704\704GP1\Integration\Zhiyuan\experiment_runs_event_v4\coordinator_filler_done_02_rep05.result.txt,
CENTRALISED,COORDINATOR,FILLER_DONE,2,after_second_bottle_fill,6,DRAINED,DRAINED,NONE,True,6156.5351,True,True,0.0,500,500.0001,10674.4382,-3153.9137999999984,6956,0,0,0,12.163892,C:\Users\cta10\OneDrive\Desktop\part4\704\704GP1\Integration\Zhiyuan\experiment_runs_event_v4\coordinator_filler_done_02_rep06.result.txt,
CENTRALISED,COORDINATOR,FILLER_DONE,2,after_second_bottle_fill,7,DRAINED,DRAINED,NONE,True,6177.7091,True,True,0.0,500,500.7874,10687.0037,-3141.3482999999997,7048,0,0,0,12.829269,C:\Users\cta10\OneDrive\Desktop\part4\704\704GP1\Integration\Zhiyuan\experiment_runs_event_v4\coordinator_filler_done_02_rep07.result.txt,
CENTRALISED,COORDINATOR,FILLER_DONE,2,after_second_bottle_fill,8,DRAINED,DRAINED,NONE,True,6161.8874,True,True,0.0,500,501.637,10676.6205,-3151.731499999998,7093,0,0,0,12.140716,C:\Users\cta10\OneDrive\Desktop\part4\704\704GP1\Integration\Zhiyuan\experiment_runs_event_v4\coordinator_filler_done_02_rep08.result.txt,
CENTRALISED,COORDINATOR,FILLER_DONE,2,after_second_bottle_fill,9,DRAINED,DRAINED,NONE,True,6164.5587,True,True,0.0,500,501.4168,10699.1966,-3129.1553999999996,7043,0,0,0,12.793626,C:\Users\cta10\OneDrive\Desktop\part4\704\704GP1\Integration\Zhiyuan\experiment_runs_event_v4\coordinator_filler_done_02_rep09.result.txt,
CENTRALISED,COORDINATOR,FILLER_DONE,2,after_second_bottle_fill,10,DRAINED,DRAINED,NONE,True,6170.3729,True,True,0.0,500,501.491,10707.4979,-3120.8540999999987,7016,0,0,0,12.219737,C:\Users\cta10\OneDrive\Desktop\part4\704\704GP1\Integration\Zhiyuan\experiment_runs_event_v4\coordinator_filler_done_02_rep10.result.txt,
CENTRALISED,COORDINATOR,FILLER_DONE,2,after_second_bottle_fill,11,DRAINED,DRAINED,NONE,True,6165.1395,True,True,0.0,500,500.7709,10689.4167,-3138.935299999999,7004,0,0,0,12.813968,C:\Users\cta10\OneDrive\Desktop\part4\704\704GP1\Integration\Zhiyuan\experiment_runs_event_v4\coordinator_filler_done_02_rep11.result.txt,
CENTRALISED,COORDINATOR,FILLER_DONE,2,after_second_bottle_fill,12,EVENT_NOT_REACHED,FAULT,TABLE_ALIGNMENT_TIMEOUT,False,-1.0,False,False,-1.0,500,0.0,17060.8567,,11243,0,0,0,20.623286,C:\Users\cta10\OneDrive\Desktop\part4\704\704GP1\Integration\Zhiyuan\experiment_runs_event_v4\coordinator_filler_done_02_rep12.result.txt,
CENTRALISED,COORDINATOR,FILLER_DONE,2,after_second_bottle_fill,13,DRAINED,DRAINED,NONE,True,6168.304,True,True,0.0,500,500.3593,10682.8135,-3145.5384999999987,7114,0,0,0,12.805668,C:\Users\cta10\OneDrive\Desktop\part4\704\704GP1\Integration\Zhiyuan\experiment_runs_event_v4\coordinator_filler_done_02_rep13.result.txt,
CENTRALISED,COORDINATOR,FILLER_DONE,2,after_second_bottle_fill,14,DRAINED,DRAINED,NONE,True,6171.2012,True,True,0.0,500,500.9124,10687.2348,-3141.117199999999,7032,0,0,0,12.189957,C:\Users\cta10\OneDrive\Desktop\part4\704\704GP1\Integration\Zhiyuan\experiment_runs_event_v4\coordinator_filler_done_02_rep14.result.txt,
CENTRALISED,COORDINATOR,FILLER_DONE,2,after_second_bottle_fill,15,DRAINED,DRAINED,NONE,True,6175.7519,True,True,0.0,500,500.0825,10695.0333,-3133.3187,6936,0,0,0,12.817503,C:\Users\cta10\OneDrive\Desktop\part4\704\704GP1\Integration\Zhiyuan\experiment_runs_event_v4\coordinator_filler_done_02_rep15.result.txt,
CENTRALISED,COORDINATOR,FILLER_DONE,2,after_second_bottle_fill,16,DRAINED,DRAINED,NONE,True,6181.1589,True,True,0.0,500,500.8879,10704.125,-3124.226999999999,6994,0,0,0,12.207762,C:\Users\cta10\OneDrive\Desktop\part4\704\704GP1\Integration\Zhiyuan\experiment_runs_event_v4\coordinator_filler_done_02_rep16.result.txt,
CENTRALISED,COORDINATOR,FILLER_DONE,2,after_second_bottle_fill,17,FAULT,FAULT,TABLE_ALIGNMENT_TIMEOUT,True,6171.4163,True,True,0.0,500,500.6856,21680.1454,,14355,0,0,0,25.609627,C:\Users\cta10\OneDrive\Desktop\part4\704\704GP1\Integration\Zhiyuan\experiment_runs_event_v4\coordinator_filler_done_02_rep17.result.txt,
CENTRALISED,COORDINATOR,FILLER_DONE,2,after_second_bottle_fill,18,DRAINED,DRAINED,NONE,True,6165.5846,True,True,0.0,500,500.1408,10672.112,-3156.24,7077,0,0,0,12.172644,C:\Users\cta10\OneDrive\Desktop\part4\704\704GP1\Integration\Zhiyuan\experiment_runs_event_v4\coordinator_filler_done_02_rep18.result.txt,
CENTRALISED,COORDINATOR,FILLER_DONE,2,after_second_bottle_fill,19,DRAINED,DRAINED,NONE,True,6168.0107,True,True,0.0,500,500.6379,10680.5116,-3147.840399999999,7078,0,0,0,12.854427,C:\Users\cta10\OneDrive\Desktop\part4\704\704GP1\Integration\Zhiyuan\experiment_runs_event_v4\coordinator_filler_done_02_rep19.result.txt,
CENTRALISED,COORDINATOR,FILLER_DONE,2,after_second_bottle_fill,20,DRAINED,DRAINED,NONE,True,6160.6772,True,True,0.0,500,501.8095,10680.1242,-3148.2277999999988,7087,0,0,0,12.176063,C:\Users\cta10\OneDrive\Desktop\part4\704\704GP1\Integration\Zhiyuan\experiment_runs_event_v4\coordinator_filler_done_02_rep20.result.txt,
CENTRALISED,COORDINATOR,TABLE_ALIGNED,3,after_third_confirmed_rotation,1,DRAINED,DRAINED,NONE,True,6681.0957,True,True,0.0,500,500.3116,10698.9725,-3129.379499999999,6761,0,0,0,12.821986,C:\Users\cta10\OneDrive\Desktop\part4\704\704GP1\Integration\Zhiyuan\experiment_runs_event_v4\coordinator_table_aligned_03_rep01.result.txt,
CENTRALISED,COORDINATOR,TABLE_ALIGNED,3,after_third_confirmed_rotation,2,DRAINED,DRAINED,NONE,True,6684.2585,True,True,0.0,500,501.4043,10684.1574,-3144.194599999999,7158,0,0,0,12.180705,C:\Users\cta10\OneDrive\Desktop\part4\704\704GP1\Integration\Zhiyuan\experiment_runs_event_v4\coordinator_table_aligned_03_rep02.result.txt,
CENTRALISED,COORDINATOR,TABLE_ALIGNED,3,after_third_confirmed_rotation,3,DRAINED,DRAINED,NONE,True,6680.1385,True,True,0.0,500,500.6466,10752.5326,-3075.8193999999985,7146,0,0,0,12.855785,C:\Users\cta10\OneDrive\Desktop\part4\704\704GP1\Integration\Zhiyuan\experiment_runs_event_v4\coordinator_table_aligned_03_rep03.result.txt,
CENTRALISED,COORDINATOR,TABLE_ALIGNED,3,after_third_confirmed_rotation,4,DRAINED,DRAINED,NONE,True,6686.6787,True,True,0.0,500,501.3121,10687.1123,-3141.2396999999983,7095,0,0,0,12.190825,C:\Users\cta10\OneDrive\Desktop\part4\704\704GP1\Integration\Zhiyuan\experiment_runs_event_v4\coordinator_table_aligned_03_rep04.result.txt,
CENTRALISED,COORDINATOR,TABLE_ALIGNED,3,after_third_confirmed_rotation,5,DRAINED,DRAINED,NONE,True,6679.4378,True,True,0.0,500,501.5422,10669.3245,-3159.0274999999983,7139,0,0,0,12.793295,C:\Users\cta10\OneDrive\Desktop\part4\704\704GP1\Integration\Zhiyuan\experiment_runs_event_v4\coordinator_table_aligned_03_rep05.result.txt,
CENTRALISED,COORDINATOR,TABLE_ALIGNED,3,after_third_confirmed_rotation,6,DRAINED,DRAINED,NONE,True,6667.0627,True,True,0.0,500,500.4912,10659.5302,-3168.8217999999997,7029,0,0,0,12.138715,C:\Users\cta10\OneDrive\Desktop\part4\704\704GP1\Integration\Zhiyuan\experiment_runs_event_v4\coordinator_table_aligned_03_rep06.result.txt,
CENTRALISED,COORDINATOR,TABLE_ALIGNED,3,after_third_confirmed_rotation,7,DRAINED,DRAINED,NONE,True,6685.2051,True,True,0.0,500,500.8246,10678.1516,-3150.2003999999997,7091,0,0,0,12.786122,C:\Users\cta10\OneDrive\Desktop\part4\704\704GP1\Integration\Zhiyuan\experiment_runs_event_v4\coordinator_table_aligned_03_rep07.result.txt,
CENTRALISED,COORDINATOR,TABLE_ALIGNED,3,after_third_confirmed_rotation,8,DRAINED,DRAINED,NONE,True,6681.6835,True,True,0.0,500,500.8846,10666.7666,-3161.585399999998,7053,0,0,0,12.154117,C:\Users\cta10\OneDrive\Desktop\part4\704\704GP1\Integration\Zhiyuan\experiment_runs_event_v4\coordinator_table_aligned_03_rep08.result.txt,
CENTRALISED,COORDINATOR,TABLE_ALIGNED,3,after_third_confirmed_rotation,9,DRAINED,DRAINED,NONE,True,6690.1074,True,True,0.0,500,501.1705,10691.3793,-3136.9726999999984,7079,0,0,0,12.793891,C:\Users\cta10\OneDrive\Desktop\part4\704\704GP1\Integration\Zhiyuan\experiment_runs_event_v4\coordinator_table_aligned_03_rep09.result.txt,
CENTRALISED,COORDINATOR,TABLE_ALIGNED,3,after_third_confirmed_rotation,10,DRAINED,DRAINED,NONE,True,6684.131,True,True,0.0,500,500.6979,10680.0425,-3148.3094999999994,7038,0,0,0,12.190394,C:\Users\cta10\OneDrive\Desktop\part4\704\704GP1\Integration\Zhiyuan\experiment_runs_event_v4\coordinator_table_aligned_03_rep10.result.txt,
CENTRALISED,COORDINATOR,TABLE_ALIGNED,3,after_third_confirmed_rotation,11,DRAINED,DRAINED,NONE,True,6676.8223,True,True,0.0,500,500.6754,10673.3831,-3154.9689,7160,0,0,0,12.770028,C:\Users\cta10\OneDrive\Desktop\part4\704\704GP1\Integration\Zhiyuan\experiment_runs_event_v4\coordinator_table_aligned_03_rep11.result.txt,
CENTRALISED,COORDINATOR,TABLE_ALIGNED,3,after_third_confirmed_rotation,12,DRAINED,DRAINED,NONE,True,6690.8391,True,True,0.0,500,500.102,10699.2665,-3129.0854999999992,6970,0,0,0,12.19154,C:\Users\cta10\OneDrive\Desktop\part4\704\704GP1\Integration\Zhiyuan\experiment_runs_event_v4\coordinator_table_aligned_03_rep12.result.txt,
CENTRALISED,COORDINATOR,TABLE_ALIGNED,3,after_third_confirmed_rotation,13,DRAINED,DRAINED,NONE,True,6676.0259,True,True,0.0,500,500.3665,10683.6273,-3144.724699999999,6958,0,0,0,12.800603,C:\Users\cta10\OneDrive\Desktop\part4\704\704GP1\Integration\Zhiyuan\experiment_runs_event_v4\coordinator_table_aligned_03_rep13.result.txt,
CENTRALISED,COORDINATOR,TABLE_ALIGNED,3,after_third_confirmed_rotation,14,DRAINED,DRAINED,NONE,True,6679.0044,True,True,0.0,500,500.9656,10682.359,-3145.9929999999986,7041,0,0,0,12.143785,C:\Users\cta10\OneDrive\Desktop\part4\704\704GP1\Integration\Zhiyuan\experiment_runs_event_v4\coordinator_table_aligned_03_rep14.result.txt,
CENTRALISED,COORDINATOR,TABLE_ALIGNED,3,after_third_confirmed_rotation,15,DRAINED,DRAINED,NONE,True,6693.2626,True,True,0.0,500,500.5268,10705.3917,-3122.960299999999,6936,0,0,0,12.819741,C:\Users\cta10\OneDrive\Desktop\part4\704\704GP1\Integration\Zhiyuan\experiment_runs_event_v4\coordinator_table_aligned_03_rep15.result.txt,
CENTRALISED,COORDINATOR,TABLE_ALIGNED,3,after_third_confirmed_rotation,16,DRAINED,DRAINED,NONE,True,6677.4155,True,True,0.0,500,500.243,10696.9738,-3131.378199999999,7100,0,0,0,12.185797,C:\Users\cta10\OneDrive\Desktop\part4\704\704GP1\Integration\Zhiyuan\experiment_runs_event_v4\coordinator_table_aligned_03_rep16.result.txt,
CENTRALISED,COORDINATOR,TABLE_ALIGNED,3,after_third_confirmed_rotation,17,DRAINED,DRAINED,NONE,True,6690.4714,True,True,0.0,500,500.6309,10697.1688,-3131.1831999999995,6900,0,0,0,12.787993,C:\Users\cta10\OneDrive\Desktop\part4\704\704GP1\Integration\Zhiyuan\experiment_runs_event_v4\coordinator_table_aligned_03_rep17.result.txt,
CENTRALISED,COORDINATOR,TABLE_ALIGNED,3,after_third_confirmed_rotation,18,DRAINED,DRAINED,NONE,True,6684.6866,True,True,0.0,500,500.2453,10675.8747,-3152.4772999999986,7099,0,0,0,12.152722,C:\Users\cta10\OneDrive\Desktop\part4\704\704GP1\Integration\Zhiyuan\experiment_runs_event_v4\coordinator_table_aligned_03_rep18.result.txt,
CENTRALISED,COORDINATOR,TABLE_ALIGNED,3,after_third_confirmed_rotation,19,DRAINED,DRAINED,NONE,True,6682.7935,True,True,0.0,500,500.6692,10681.9716,-3146.380399999998,7046,0,0,0,12.776337,C:\Users\cta10\OneDrive\Desktop\part4\704\704GP1\Integration\Zhiyuan\experiment_runs_event_v4\coordinator_table_aligned_03_rep19.result.txt,
CENTRALISED,COORDINATOR,TABLE_ALIGNED,3,after_third_confirmed_rotation,20,DRAINED,DRAINED,NONE,True,6675.2983,True,True,0.0,500,501.2287,10689.443,-3138.9089999999997,7109,0,0,0,12.170661,C:\Users\cta10\OneDrive\Desktop\part4\704\704GP1\Integration\Zhiyuan\experiment_runs_event_v4\coordinator_table_aligned_03_rep20.result.txt,
CENTRALISED,COORDINATOR,TABLE_ALIGNED,5,after_fifth_confirmed_rotation,1,DRAINED,DRAINED,NONE,True,8912.7267,True,True,0.0,500,500.6115,10686.8247,-3141.5272999999997,7106,0,0,0,12.7853,C:\Users\cta10\OneDrive\Desktop\part4\704\704GP1\Integration\Zhiyuan\experiment_runs_event_v4\coordinator_table_aligned_05_rep01.result.txt,
CENTRALISED,COORDINATOR,TABLE_ALIGNED,5,after_fifth_confirmed_rotation,2,DRAINED,DRAINED,NONE,True,8916.8315,True,True,0.0,500,500.0811,10679.5282,-3148.8237999999983,7111,0,0,0,12.149011,C:\Users\cta10\OneDrive\Desktop\part4\704\704GP1\Integration\Zhiyuan\experiment_runs_event_v4\coordinator_table_aligned_05_rep02.result.txt,
CENTRALISED,COORDINATOR,TABLE_ALIGNED,5,after_fifth_confirmed_rotation,3,EVENT_NOT_REACHED,FAULT,TABLE_ALIGNMENT_TIMEOUT,False,-1.0,False,False,-1.0,500,0.0,17067.6006,,11129,0,0,0,20.616309,C:\Users\cta10\OneDrive\Desktop\part4\704\704GP1\Integration\Zhiyuan\experiment_runs_event_v4\coordinator_table_aligned_05_rep03.result.txt,
CENTRALISED,COORDINATOR,TABLE_ALIGNED,5,after_fifth_confirmed_rotation,4,EVENT_NOT_REACHED,FAULT,TABLE_ALIGNMENT_TIMEOUT,False,-1.0,False,False,-1.0,500,0.0,17066.6212,,11254,0,0,0,21.076611,C:\Users\cta10\OneDrive\Desktop\part4\704\704GP1\Integration\Zhiyuan\experiment_runs_event_v4\coordinator_table_aligned_05_rep04.result.txt,
CENTRALISED,COORDINATOR,TABLE_ALIGNED,5,after_fifth_confirmed_rotation,5,DRAINED,DRAINED,NONE,True,8904.1105,True,True,0.0,500,500.6072,10675.4813,-3152.8706999999995,7090,0,0,0,12.77014,C:\Users\cta10\OneDrive\Desktop\part4\704\704GP1\Integration\Zhiyuan\experiment_runs_event_v4\coordinator_table_aligned_05_rep05.result.txt,
CENTRALISED,COORDINATOR,TABLE_ALIGNED,5,after_fifth_confirmed_rotation,6,EVENT_NOT_REACHED,FAULT,TABLE_ALIGNMENT_TIMEOUT,False,-1.0,False,False,-1.0,500,0.0,19629.8227,,13095,0,0,0,22.528051,C:\Users\cta10\OneDrive\Desktop\part4\704\704GP1\Integration\Zhiyuan\experiment_runs_event_v4\coordinator_table_aligned_05_rep06.result.txt,
CENTRALISED,COORDINATOR,TABLE_ALIGNED,5,after_fifth_confirmed_rotation,7,DRAINED,DRAINED,NONE,True,8912.7379,True,True,0.0,500,500.4404,10680.3469,-3148.0050999999985,7099,0,0,0,12.853143,C:\Users\cta10\OneDrive\Desktop\part4\704\704GP1\Integration\Zhiyuan\experiment_runs_event_v4\coordinator_table_aligned_05_rep07.result.txt,
CENTRALISED,COORDINATOR,TABLE_ALIGNED,5,after_fifth_confirmed_rotation,8,EVENT_NOT_REACHED,FAULT,TABLE_ALIGNMENT_TIMEOUT,False,-1.0,False,False,-1.0,500,0.0,17064.9155,,11325,0,0,0,20.52107,C:\Users\cta10\OneDrive\Desktop\part4\704\704GP1\Integration\Zhiyuan\experiment_runs_event_v4\coordinator_table_aligned_05_rep08.result.txt,
CENTRALISED,COORDINATOR,TABLE_ALIGNED,5,after_fifth_confirmed_rotation,9,EVENT_NOT_REACHED,FAULT,TABLE_ALIGNMENT_TIMEOUT,False,-1.0,False,False,-1.0,500,0.0,19633.8753,,13022,0,0,0,23.832221,C:\Users\cta10\OneDrive\Desktop\part4\704\704GP1\Integration\Zhiyuan\experiment_runs_event_v4\coordinator_table_aligned_05_rep09.result.txt,
CENTRALISED,COORDINATOR,TABLE_ALIGNED,5,after_fifth_confirmed_rotation,10,DRAINED,DRAINED,NONE,True,8917.0166,True,True,0.0,500,500.5663,10684.7521,-3143.5998999999993,7046,0,0,0,12.202424,C:\Users\cta10\OneDrive\Desktop\part4\704\704GP1\Integration\Zhiyuan\experiment_runs_event_v4\coordinator_table_aligned_05_rep10.result.txt,
CENTRALISED,COORDINATOR,TABLE_ALIGNED,5,after_fifth_confirmed_rotation,11,DRAINED,DRAINED,NONE,True,8927.4765,True,True,0.0,500,501.3981,10711.575,-3116.776999999998,6959,0,0,0,12.810485,C:\Users\cta10\OneDrive\Desktop\part4\704\704GP1\Integration\Zhiyuan\experiment_runs_event_v4\coordinator_table_aligned_05_rep11.result.txt,
CENTRALISED,COORDINATOR,TABLE_ALIGNED,5,after_fifth_confirmed_rotation,12,DRAINED,DRAINED,NONE,True,8923.546,True,True,0.0,500,500.7677,10696.0728,-3132.279199999999,7028,0,0,0,12.189832,C:\Users\cta10\OneDrive\Desktop\part4\704\704GP1\Integration\Zhiyuan\experiment_runs_event_v4\coordinator_table_aligned_05_rep12.result.txt,
CENTRALISED,COORDINATOR,TABLE_ALIGNED,5,after_fifth_confirmed_rotation,13,DRAINED,DRAINED,NONE,True,8909.4449,True,True,0.0,500,500.2228,10680.4519,-3147.900099999999,7058,0,0,0,12.771991,C:\Users\cta10\OneDrive\Desktop\part4\704\704GP1\Integration\Zhiyuan\experiment_runs_event_v4\coordinator_table_aligned_05_rep13.result.txt,
CENTRALISED,COORDINATOR,TABLE_ALIGNED,5,after_fifth_confirmed_rotation,14,DRAINED,DRAINED,NONE,True,8927.326,True,True,0.0,500,500.0036,10700.2309,-3128.1210999999985,7018,0,0,0,12.214368,C:\Users\cta10\OneDrive\Desktop\part4\704\704GP1\Integration\Zhiyuan\experiment_runs_event_v4\coordinator_table_aligned_05_rep14.result.txt,
CENTRALISED,COORDINATOR,TABLE_ALIGNED,5,after_fifth_confirmed_rotation,15,DRAINED,DRAINED,NONE,True,8913.3796,True,True,0.0,500,501.9512,10682.7835,-3145.5684999999994,7063,0,0,0,12.763949,C:\Users\cta10\OneDrive\Desktop\part4\704\704GP1\Integration\Zhiyuan\experiment_runs_event_v4\coordinator_table_aligned_05_rep15.result.txt,
CENTRALISED,COORDINATOR,TABLE_ALIGNED,5,after_fifth_confirmed_rotation,16,DRAINED,DRAINED,NONE,True,8919.8105,True,True,0.0,500,500.4787,10692.231,-3136.120999999999,7047,0,0,0,12.215685,C:\Users\cta10\OneDrive\Desktop\part4\704\704GP1\Integration\Zhiyuan\experiment_runs_event_v4\coordinator_table_aligned_05_rep16.result.txt,
CENTRALISED,COORDINATOR,TABLE_ALIGNED,5,after_fifth_confirmed_rotation,17,DRAINED,DRAINED,NONE,True,8913.4915,True,True,0.0,500,500.567,10697.7022,-3130.6497999999992,7020,0,0,0,12.789131,C:\Users\cta10\OneDrive\Desktop\part4\704\704GP1\Integration\Zhiyuan\experiment_runs_event_v4\coordinator_table_aligned_05_rep17.result.txt,
CENTRALISED,COORDINATOR,TABLE_ALIGNED,5,after_fifth_confirmed_rotation,18,DRAINED,DRAINED,NONE,True,8911.9271,True,True,0.0,500,501.4826,10680.4886,-3147.8633999999984,7038,0,0,0,12.173208,C:\Users\cta10\OneDrive\Desktop\part4\704\704GP1\Integration\Zhiyuan\experiment_runs_event_v4\coordinator_table_aligned_05_rep18.result.txt,
CENTRALISED,COORDINATOR,TABLE_ALIGNED,5,after_fifth_confirmed_rotation,19,DRAINED,DRAINED,NONE,True,8916.8284,True,True,0.0,500,501.0046,10693.273,-3135.0789999999997,7042,0,0,0,12.796552,C:\Users\cta10\OneDrive\Desktop\part4\704\704GP1\Integration\Zhiyuan\experiment_runs_event_v4\coordinator_table_aligned_05_rep19.result.txt,
CENTRALISED,COORDINATOR,TABLE_ALIGNED,5,after_fifth_confirmed_rotation,20,DRAINED,DRAINED,NONE,True,8911.2899,True,True,0.0,500,500.3849,10681.8021,-3146.549899999998,7090,0,0,0,12.141356,C:\Users\cta10\OneDrive\Desktop\part4\704\704GP1\Integration\Zhiyuan\experiment_runs_event_v4\coordinator_table_aligned_05_rep20.result.txt,
DECOMPOSED_3CD,BATCH,BATCH_ACCEPTED,1,after_valid_B2_acceptance,1,DRAINED,DRAINED,NONE,True,0.0892,True,True,0.0,500,500.4269,10173.7419,-4172.239600000001,0,6768,6768,6768,12.312283,C:\Users\cta10\OneDrive\Desktop\part4\704\704GP1\Integration\Zhiyuan\experiment_runs_event_v4\batch_batch_accepted_01_rep01.result.txt,
DECOMPOSED_3CD,BATCH,BATCH_ACCEPTED,1,after_valid_B2_acceptance,2,DRAINED,DRAINED,NONE,True,0.0685,True,True,0.0,500,500.0712,10176.244,-4169.737500000001,0,6786,6786,6786,11.693871,C:\Users\cta10\OneDrive\Desktop\part4\704\704GP1\Integration\Zhiyuan\experiment_runs_event_v4\batch_batch_accepted_01_rep02.result.txt,
DECOMPOSED_3CD,BATCH,BATCH_ACCEPTED,1,after_valid_B2_acceptance,3,DRAINED,DRAINED,NONE,True,0.0603,True,True,0.0,500,500.5233,10172.421,-4173.560500000001,0,6813,6813,6813,12.28022,C:\Users\cta10\OneDrive\Desktop\part4\704\704GP1\Integration\Zhiyuan\experiment_runs_event_v4\batch_batch_accepted_01_rep03.result.txt,
DECOMPOSED_3CD,BATCH,BATCH_ACCEPTED,1,after_valid_B2_acceptance,4,DRAINED,DRAINED,NONE,True,0.0707,True,True,0.0,500,500.6554,10167.7203,-4178.261200000001,0,6799,6799,6799,11.673864,C:\Users\cta10\OneDrive\Desktop\part4\704\704GP1\Integration\Zhiyuan\experiment_runs_event_v4\batch_batch_accepted_01_rep04.result.txt,
DECOMPOSED_3CD,BATCH,BATCH_ACCEPTED,1,after_valid_B2_acceptance,5,DRAINED,DRAINED,NONE,True,0.0668,True,True,0.0,500,500.0133,10172.0698,-4173.911700000002,0,6664,6664,6664,12.278324,C:\Users\cta10\OneDrive\Desktop\part4\704\704GP1\Integration\Zhiyuan\experiment_runs_event_v4\batch_batch_accepted_01_rep05.result.txt,
DECOMPOSED_3CD,BATCH,BATCH_ACCEPTED,1,after_valid_B2_acceptance,6,DRAINED,DRAINED,NONE,True,0.07,True,True,0.0,500,500.8033,10178.8344,-4167.147100000002,0,6817,6817,6817,11.64484,C:\Users\cta10\OneDrive\Desktop\part4\704\704GP1\Integration\Zhiyuan\experiment_runs_event_v4\batch_batch_accepted_01_rep06.result.txt,
DECOMPOSED_3CD,BATCH,BATCH_ACCEPTED,1,after_valid_B2_acceptance,7,DRAINED,DRAINED,NONE,True,0.0868,True,True,0.0,500,501.8753,10206.0464,-4139.935100000002,0,6681,6681,6681,12.313195,C:\Users\cta10\OneDrive\Desktop\part4\704\704GP1\Integration\Zhiyuan\experiment_runs_event_v4\batch_batch_accepted_01_rep07.result.txt,
DECOMPOSED_3CD,BATCH,BATCH_ACCEPTED,1,after_valid_B2_acceptance,8,DRAINED,DRAINED,NONE,True,0.0683,True,True,0.0,500,500.3998,10194.1049,-4151.876600000001,0,6686,6686,6686,11.694775,C:\Users\cta10\OneDrive\Desktop\part4\704\704GP1\Integration\Zhiyuan\experiment_runs_event_v4\batch_batch_accepted_01_rep08.result.txt,
DECOMPOSED_3CD,BATCH,BATCH_ACCEPTED,1,after_valid_B2_acceptance,9,DRAINED,DRAINED,NONE,True,0.0651,True,True,0.0,500,502.3531,10171.06,-4174.921500000002,0,6846,6846,6846,12.263182,C:\Users\cta10\OneDrive\Desktop\part4\704\704GP1\Integration\Zhiyuan\experiment_runs_event_v4\batch_batch_accepted_01_rep09.result.txt,
DECOMPOSED_3CD,BATCH,BATCH_ACCEPTED,1,after_valid_B2_acceptance,10,DRAINED,DRAINED,NONE,True,0.1387,True,True,0.0,500,500.7451,10177.0981,-4168.883400000002,0,6839,6839,6839,11.685033,C:\Users\cta10\OneDrive\Desktop\part4\704\704GP1\Integration\Zhiyuan\experiment_runs_event_v4\batch_batch_accepted_01_rep10.result.txt,
DECOMPOSED_3CD,BATCH,BATCH_ACCEPTED,1,after_valid_B2_acceptance,11,DRAINED,DRAINED,NONE,True,0.0463,True,True,0.0,500,500.3842,10166.2162,-4179.765300000001,0,6780,6780,6780,12.263032,C:\Users\cta10\OneDrive\Desktop\part4\704\704GP1\Integration\Zhiyuan\experiment_runs_event_v4\batch_batch_accepted_01_rep11.result.txt,
DECOMPOSED_3CD,BATCH,BATCH_ACCEPTED,1,after_valid_B2_acceptance,12,DRAINED,DRAINED,NONE,True,0.0714,True,True,0.0,500,500.7273,10168.6961,-4177.2854000000025,0,6779,6779,6779,11.675626,C:\Users\cta10\OneDrive\Desktop\part4\704\704GP1\Integration\Zhiyuan\experiment_runs_event_v4\batch_batch_accepted_01_rep12.result.txt,
DECOMPOSED_3CD,BATCH,BATCH_ACCEPTED,1,after_valid_B2_acceptance,13,DRAINED,DRAINED,NONE,True,0.0473,True,True,0.0,500,500.2049,10174.9777,-4171.003800000002,0,6705,6705,6705,12.277107,C:\Users\cta10\OneDrive\Desktop\part4\704\704GP1\Integration\Zhiyuan\experiment_runs_event_v4\batch_batch_accepted_01_rep13.result.txt,
DECOMPOSED_3CD,BATCH,BATCH_ACCEPTED,1,after_valid_B2_acceptance,14,DRAINED,DRAINED,NONE,True,0.0732,True,True,0.0,500,501.9401,10188.662,-4157.319500000001,0,6659,6659,6659,11.657806,C:\Users\cta10\OneDrive\Desktop\part4\704\704GP1\Integration\Zhiyuan\experiment_runs_event_v4\batch_batch_accepted_01_rep14.result.txt,
DECOMPOSED_3CD,BATCH,BATCH_ACCEPTED,1,after_valid_B2_acceptance,15,FAULT,FAULT,TABLE_ALIGNMENT_TIMEOUT,True,0.0751,True,True,0.0,500,500.1096,17070.6035,,0,11687,11687,11687,21.660948,C:\Users\cta10\OneDrive\Desktop\part4\704\704GP1\Integration\Zhiyuan\experiment_runs_event_v4\batch_batch_accepted_01_rep15.result.txt,
DECOMPOSED_3CD,BATCH,BATCH_ACCEPTED,1,after_valid_B2_acceptance,16,DRAINED,DRAINED,NONE,True,0.1152,True,True,0.0,500,500.2852,10180.7037,-4165.277800000002,0,6822,6822,6822,11.675059,C:\Users\cta10\OneDrive\Desktop\part4\704\704GP1\Integration\Zhiyuan\experiment_runs_event_v4\batch_batch_accepted_01_rep16.result.txt,
DECOMPOSED_3CD,BATCH,BATCH_ACCEPTED,1,after_valid_B2_acceptance,17,DRAINED,DRAINED,NONE,True,0.0754,True,True,0.0,500,500.9389,10201.4724,-4144.509100000001,0,6541,6541,6541,12.300458,C:\Users\cta10\OneDrive\Desktop\part4\704\704GP1\Integration\Zhiyuan\experiment_runs_event_v4\batch_batch_accepted_01_rep17.result.txt,
DECOMPOSED_3CD,BATCH,BATCH_ACCEPTED,1,after_valid_B2_acceptance,18,DRAINED,DRAINED,NONE,True,0.1148,True,True,0.0,500,500.9362,10189.2745,-4156.707000000002,0,6651,6651,6651,11.655072,C:\Users\cta10\OneDrive\Desktop\part4\704\704GP1\Integration\Zhiyuan\experiment_runs_event_v4\batch_batch_accepted_01_rep18.result.txt,
DECOMPOSED_3CD,BATCH,BATCH_ACCEPTED,1,after_valid_B2_acceptance,19,DRAINED,DRAINED,NONE,True,0.0742,True,True,0.0,500,500.1705,10169.6478,-4176.333700000001,0,6785,6785,6785,12.29535,C:\Users\cta10\OneDrive\Desktop\part4\704\704GP1\Integration\Zhiyuan\experiment_runs_event_v4\batch_batch_accepted_01_rep19.result.txt,
DECOMPOSED_3CD,BATCH,BATCH_ACCEPTED,1,after_valid_B2_acceptance,20,DRAINED,DRAINED,NONE,True,0.0752,True,True,0.0,500,500.815,10173.5042,-4172.477300000002,0,6841,6841,6841,11.648901,C:\Users\cta10\OneDrive\Desktop\part4\704\704GP1\Integration\Zhiyuan\experiment_runs_event_v4\batch_batch_accepted_01_rep20.result.txt,
DECOMPOSED_3CD,BATCH,LOADER_DONE,1,after_first_bottle_admitted,1,DRAINED,DRAINED,NONE,True,1038.3515,True,True,0.0,500,500.3551,10183.1771,-4162.804400000001,0,6811,6811,6811,12.270209,C:\Users\cta10\OneDrive\Desktop\part4\704\704GP1\Integration\Zhiyuan\experiment_runs_event_v4\batch_loader_done_01_rep01.result.txt,
DECOMPOSED_3CD,BATCH,LOADER_DONE,1,after_first_bottle_admitted,2,FAULT,FAULT,TABLE_ALIGNMENT_TIMEOUT,True,1036.7968,True,True,0.0,500,501.2426,17072.4748,,0,11461,11461,11461,19.985466,C:\Users\cta10\OneDrive\Desktop\part4\704\704GP1\Integration\Zhiyuan\experiment_runs_event_v4\batch_loader_done_01_rep02.result.txt,
DECOMPOSED_3CD,BATCH,LOADER_DONE,1,after_first_bottle_admitted,3,DRAINED,DRAINED,NONE,True,1039.9922,True,True,0.0,500,501.984,10184.7815,-4161.200000000003,0,6843,6843,6843,12.378263,C:\Users\cta10\OneDrive\Desktop\part4\704\704GP1\Integration\Zhiyuan\experiment_runs_event_v4\batch_loader_done_01_rep03.result.txt,
DECOMPOSED_3CD,BATCH,LOADER_DONE,1,after_first_bottle_admitted,4,DRAINED,DRAINED,NONE,True,1038.4113,True,True,0.0,500,500.6282,10187.8435,-4158.138000000001,0,6780,6780,6780,11.695848,C:\Users\cta10\OneDrive\Desktop\part4\704\704GP1\Integration\Zhiyuan\experiment_runs_event_v4\batch_loader_done_01_rep04.result.txt,
DECOMPOSED_3CD,BATCH,LOADER_DONE,1,after_first_bottle_admitted,5,DRAINED,DRAINED,NONE,True,1033.64,True,True,0.0,500,501.4449,10195.8343,-4150.147200000001,0,6772,6772,6772,12.285901,C:\Users\cta10\OneDrive\Desktop\part4\704\704GP1\Integration\Zhiyuan\experiment_runs_event_v4\batch_loader_done_01_rep05.result.txt,
DECOMPOSED_3CD,BATCH,LOADER_DONE,1,after_first_bottle_admitted,6,DRAINED,DRAINED,NONE,True,1039.932,True,True,0.0,500,500.0109,10200.9172,-4145.064300000002,0,6793,6793,6793,11.701216,C:\Users\cta10\OneDrive\Desktop\part4\704\704GP1\Integration\Zhiyuan\experiment_runs_event_v4\batch_loader_done_01_rep06.result.txt,
DECOMPOSED_3CD,BATCH,LOADER_DONE,1,after_first_bottle_admitted,7,DRAINED,DRAINED,NONE,True,1037.4027,True,True,0.0,500,501.181,10185.9829,-4159.998600000001,0,6698,6698,6698,12.287769,C:\Users\cta10\OneDrive\Desktop\part4\704\704GP1\Integration\Zhiyuan\experiment_runs_event_v4\batch_loader_done_01_rep07.result.txt,
DECOMPOSED_3CD,BATCH,LOADER_DONE,1,after_first_bottle_admitted,8,DRAINED,DRAINED,NONE,True,1038.0838,True,True,0.0,500,501.047,10202.4567,-4143.524800000001,0,6691,6691,6691,11.698553,C:\Users\cta10\OneDrive\Desktop\part4\704\704GP1\Integration\Zhiyuan\experiment_runs_event_v4\batch_loader_done_01_rep08.result.txt,
DECOMPOSED_3CD,BATCH,LOADER_DONE,1,after_first_bottle_admitted,9,DRAINED,DRAINED,NONE,True,1035.6789,True,True,0.0,500,501.4818,10210.2378,-4135.743700000001,0,6667,6667,6667,12.322321,C:\Users\cta10\OneDrive\Desktop\part4\704\704GP1\Integration\Zhiyuan\experiment_runs_event_v4\batch_loader_done_01_rep09.result.txt,
DECOMPOSED_3CD,BATCH,LOADER_DONE,1,after_first_bottle_admitted,10,DRAINED,DRAINED,NONE,True,1040.2139,True,True,0.0,500,500.2971,10187.1909,-4158.790600000002,0,6756,6756,6756,11.676028,C:\Users\cta10\OneDrive\Desktop\part4\704\704GP1\Integration\Zhiyuan\experiment_runs_event_v4\batch_loader_done_01_rep10.result.txt,
DECOMPOSED_3CD,BATCH,LOADER_DONE,1,after_first_bottle_admitted,11,DRAINED,DRAINED,NONE,True,1035.9231,True,True,0.0,500,501.1979,10177.8859,-4168.095600000002,0,6741,6741,6741,12.275488,C:\Users\cta10\OneDrive\Desktop\part4\704\704GP1\Integration\Zhiyuan\experiment_runs_event_v4\batch_loader_done_01_rep11.result.txt,
DECOMPOSED_3CD,BATCH,LOADER_DONE,1,after_first_bottle_admitted,12,DRAINED,DRAINED,NONE,True,1040.6504,True,True,0.0,500,500.1429,10201.1497,-4144.831800000002,0,6652,6652,6652,11.7158,C:\Users\cta10\OneDrive\Desktop\part4\704\704GP1\Integration\Zhiyuan\experiment_runs_event_v4\batch_loader_done_01_rep12.result.txt,
DECOMPOSED_3CD,BATCH,LOADER_DONE,1,after_first_bottle_admitted,13,DRAINED,DRAINED,NONE,True,1036.9197,True,True,0.0,500,500.9179,10187.8175,-4158.1640000000025,0,6739,6739,6739,12.282149,C:\Users\cta10\OneDrive\Desktop\part4\704\704GP1\Integration\Zhiyuan\experiment_runs_event_v4\batch_loader_done_01_rep13.result.txt,
DECOMPOSED_3CD,BATCH,LOADER_DONE,1,after_first_bottle_admitted,14,DRAINED,DRAINED,NONE,True,1037.9097,True,True,0.0,500,500.1438,10182.1943,-4163.7872000000025,0,6691,6691,6691,11.668657,C:\Users\cta10\OneDrive\Desktop\part4\704\704GP1\Integration\Zhiyuan\experiment_runs_event_v4\batch_loader_done_01_rep14.result.txt,
DECOMPOSED_3CD,BATCH,LOADER_DONE,1,after_first_bottle_admitted,15,DRAINED,DRAINED,NONE,True,1037.9519,True,True,0.0,500,500.3289,10183.2367,-4162.744800000002,0,6651,6651,6651,12.277496,C:\Users\cta10\OneDrive\Desktop\part4\704\704GP1\Integration\Zhiyuan\experiment_runs_event_v4\batch_loader_done_01_rep15.result.txt,
DECOMPOSED_3CD,BATCH,LOADER_DONE,1,after_first_bottle_admitted,16,DRAINED,DRAINED,NONE,True,1036.3843,True,True,0.0,500,500.1491,10186.4737,-4159.507800000001,0,6642,6642,6642,11.695697,C:\Users\cta10\OneDrive\Desktop\part4\704\704GP1\Integration\Zhiyuan\experiment_runs_event_v4\batch_loader_done_01_rep16.result.txt,
DECOMPOSED_3CD,BATCH,LOADER_DONE,1,after_first_bottle_admitted,17,DRAINED,DRAINED,NONE,True,1034.8233,True,True,0.0,500,501.075,10185.1766,-4160.804900000001,0,6627,6627,6627,12.309287,C:\Users\cta10\OneDrive\Desktop\part4\704\704GP1\Integration\Zhiyuan\experiment_runs_event_v4\batch_loader_done_01_rep17.result.txt,
DECOMPOSED_3CD,BATCH,LOADER_DONE,1,after_first_bottle_admitted,18,DRAINED,DRAINED,NONE,True,1037.085,True,True,0.0,500,501.2424,10197.7652,-4148.216300000002,0,6701,6701,6701,11.710073,C:\Users\cta10\OneDrive\Desktop\part4\704\704GP1\Integration\Zhiyuan\experiment_runs_event_v4\batch_loader_done_01_rep18.result.txt,
DECOMPOSED_3CD,BATCH,LOADER_DONE,1,after_first_bottle_admitted,19,DRAINED,DRAINED,NONE,True,1031.6199,True,True,0.0,500,500.6482,10185.1214,-4160.860100000002,0,6715,6715,6715,12.29808,C:\Users\cta10\OneDrive\Desktop\part4\704\704GP1\Integration\Zhiyuan\experiment_runs_event_v4\batch_loader_done_01_rep19.result.txt,
DECOMPOSED_3CD,BATCH,LOADER_DONE,1,after_first_bottle_admitted,20,DRAINED,DRAINED,NONE,True,1035.162,True,True,0.0,500,501.3912,10190.4312,-4155.550300000001,0,6755,6755,6755,11.706321,C:\Users\cta10\OneDrive\Desktop\part4\704\704GP1\Integration\Zhiyuan\experiment_runs_event_v4\batch_loader_done_01_rep20.result.txt,
DECOMPOSED_3CD,BATCH,CONVEYOR_DONE,1,after_first_bottle_transfer_to_rotary,1,DRAINED,DRAINED,NONE,True,2061.3261,True,True,0.0,500,500.8376,10192.4972,-4153.484300000002,0,6733,6733,6733,12.318931,C:\Users\cta10\OneDrive\Desktop\part4\704\704GP1\Integration\Zhiyuan\experiment_runs_event_v4\batch_conveyor_done_01_rep01.result.txt,
DECOMPOSED_3CD,BATCH,CONVEYOR_DONE,1,after_first_bottle_transfer_to_rotary,2,DRAINED,DRAINED,NONE,True,2058.4929,True,True,0.0,500,500.4719,10183.2414,-4162.740100000001,0,6724,6724,6724,11.67109,C:\Users\cta10\OneDrive\Desktop\part4\704\704GP1\Integration\Zhiyuan\experiment_runs_event_v4\batch_conveyor_done_01_rep02.result.txt,
DECOMPOSED_3CD,BATCH,CONVEYOR_DONE,1,after_first_bottle_transfer_to_rotary,3,DRAINED,DRAINED,NONE,True,2055.245,True,True,0.0,500,501.0041,10185.1293,-4160.852200000001,0,6696,6696,6696,12.28548,C:\Users\cta10\OneDrive\Desktop\part4\704\704GP1\Integration\Zhiyuan\experiment_runs_event_v4\batch_conveyor_done_01_rep03.result.txt,
DECOMPOSED_3CD,BATCH,CONVEYOR_DONE,1,after_first_bottle_transfer_to_rotary,4,FAULT,FAULT,TABLE_ALIGNMENT_TIMEOUT,True,2059.4491,True,True,0.0,500,500.733,17069.1278,,0,11222,11222,11222,20.569898,C:\Users\cta10\OneDrive\Desktop\part4\704\704GP1\Integration\Zhiyuan\experiment_runs_event_v4\batch_conveyor_done_01_rep04.result.txt,
DECOMPOSED_3CD,BATCH,CONVEYOR_DONE,1,after_first_bottle_transfer_to_rotary,5,DRAINED,DRAINED,NONE,True,2065.1932,True,True,0.0,500,500.4118,10187.1654,-4158.816100000002,0,6798,6798,6798,12.473066,C:\Users\cta10\OneDrive\Desktop\part4\704\704GP1\Integration\Zhiyuan\experiment_runs_event_v4\batch_conveyor_done_01_rep05.result.txt,
DECOMPOSED_3CD,BATCH,CONVEYOR_DONE,1,after_first_bottle_transfer_to_rotary,6,DRAINED,DRAINED,NONE,True,2066.6245,True,True,0.0,500,500.2611,10194.4873,-4151.494200000001,0,6698,6698,6698,11.65664,C:\Users\cta10\OneDrive\Desktop\part4\704\704GP1\Integration\Zhiyuan\experiment_runs_event_v4\batch_conveyor_done_01_rep06.result.txt,
DECOMPOSED_3CD,BATCH,CONVEYOR_DONE,1,after_first_bottle_transfer_to_rotary,7,FAULT,FAULT,TABLE_ALIGNMENT_TIMEOUT,True,2057.8984,True,True,0.0,500,500.7163,17068.3751,,0,11302,11302,11302,21.120234,C:\Users\cta10\OneDrive\Desktop\part4\704\704GP1\Integration\Zhiyuan\experiment_runs_event_v4\batch_conveyor_done_01_rep07.result.txt,
DECOMPOSED_3CD,BATCH,CONVEYOR_DONE,1,after_first_bottle_transfer_to_rotary,8,DRAINED,DRAINED,NONE,True,2058.4801,True,True,0.0,500,500.8827,10191.6065,-4154.375000000002,0,6824,6824,6824,11.677572,C:\Users\cta10\OneDrive\Desktop\part4\704\704GP1\Integration\Zhiyuan\experiment_runs_event_v4\batch_conveyor_done_01_rep08.result.txt,
DECOMPOSED_3CD,BATCH,CONVEYOR_DONE,1,after_first_bottle_transfer_to_rotary,9,DRAINED,DRAINED,NONE,True,2062.2686,True,True,0.0,500,500.4815,10188.3741,-4157.607400000001,0,6648,6648,6648,12.283453,C:\Users\cta10\OneDrive\Desktop\part4\704\704GP1\Integration\Zhiyuan\experiment_runs_event_v4\batch_conveyor_done_01_rep09.result.txt,
DECOMPOSED_3CD,BATCH,CONVEYOR_DONE,1,after_first_bottle_transfer_to_rotary,10,DRAINED,DRAINED,NONE,True,2063.5357,True,True,0.0,500,500.1408,10202.749,-4143.232500000002,0,6583,6583,6583,11.718157,C:\Users\cta10\OneDrive\Desktop\part4\704\704GP1\Integration\Zhiyuan\experiment_runs_event_v4\batch_conveyor_done_01_rep10.result.txt,
DECOMPOSED_3CD,BATCH,CONVEYOR_DONE,1,after_first_bottle_transfer_to_rotary,11,DRAINED,DRAINED,NONE,True,2065.4155,True,True,0.0,500,500.2868,10197.6872,-4148.294300000001,0,6648,6648,6648,12.313454,C:\Users\cta10\OneDrive\Desktop\part4\704\704GP1\Integration\Zhiyuan\experiment_runs_event_v4\batch_conveyor_done_01_rep11.result.txt,
DECOMPOSED_3CD,BATCH,CONVEYOR_DONE,1,after_first_bottle_transfer_to_rotary,12,DRAINED,DRAINED,NONE,True,2060.3471,True,True,0.0,500,501.0197,10181.9897,-4163.991800000002,0,6665,6665,6665,11.650089,C:\Users\cta10\OneDrive\Desktop\part4\704\704GP1\Integration\Zhiyuan\experiment_runs_event_v4\batch_conveyor_done_01_rep12.result.txt,
DECOMPOSED_3CD,BATCH,CONVEYOR_DONE,1,after_first_bottle_transfer_to_rotary,13,DRAINED,DRAINED,NONE,True,2055.4437,True,True,0.0,500,501.4439,10205.3056,-4140.675900000002,0,6690,6690,6690,12.311548,C:\Users\cta10\OneDrive\Desktop\part4\704\704GP1\Integration\Zhiyuan\experiment_runs_event_v4\batch_conveyor_done_01_rep13.result.txt,
DECOMPOSED_3CD,BATCH,CONVEYOR_DONE,1,after_first_bottle_transfer_to_rotary,14,DRAINED,DRAINED,NONE,True,2062.0786,True,True,0.0,500,500.1824,10192.9503,-4153.031200000001,0,6702,6702,6702,11.679926,C:\Users\cta10\OneDrive\Desktop\part4\704\704GP1\Integration\Zhiyuan\experiment_runs_event_v4\batch_conveyor_done_01_rep14.result.txt,
DECOMPOSED_3CD,BATCH,CONVEYOR_DONE,1,after_first_bottle_transfer_to_rotary,15,DRAINED,DRAINED,NONE,True,2059.9091,True,True,0.0,500,500.9706,10176.2985,-4169.683000000001,0,6818,6818,6818,12.282789,C:\Users\cta10\OneDrive\Desktop\part4\704\704GP1\Integration\Zhiyuan\experiment_runs_event_v4\batch_conveyor_done_01_rep15.result.txt,
DECOMPOSED_3CD,BATCH,CONVEYOR_DONE,1,after_first_bottle_transfer_to_rotary,16,DRAINED,DRAINED,NONE,True,2058.295,True,True,0.0,500,500.6137,10170.4618,-4175.519700000003,0,6800,6800,6800,11.648414,C:\Users\cta10\OneDrive\Desktop\part4\704\704GP1\Integration\Zhiyuan\experiment_runs_event_v4\batch_conveyor_done_01_rep16.result.txt,
DECOMPOSED_3CD,BATCH,CONVEYOR_DONE,1,after_first_bottle_transfer_to_rotary,17,DRAINED,DRAINED,NONE,True,2061.3623,True,True,0.0,500,500.2717,10197.8697,-4148.111800000002,0,6671,6671,6671,12.307486,C:\Users\cta10\OneDrive\Desktop\part4\704\704GP1\Integration\Zhiyuan\experiment_runs_event_v4\batch_conveyor_done_01_rep17.result.txt,
DECOMPOSED_3CD,BATCH,CONVEYOR_DONE,1,after_first_bottle_transfer_to_rotary,18,DRAINED,DRAINED,NONE,True,2062.973,True,True,0.0,500,501.0957,10180.1267,-4165.854800000001,0,6809,6809,6809,11.670331,C:\Users\cta10\OneDrive\Desktop\part4\704\704GP1\Integration\Zhiyuan\experiment_runs_event_v4\batch_conveyor_done_01_rep18.result.txt,
DECOMPOSED_3CD,BATCH,CONVEYOR_DONE,1,after_first_bottle_transfer_to_rotary,19,DRAINED,DRAINED,NONE,True,2054.454,True,True,0.0,500,500.7011,10172.4722,-4173.5093000000015,0,6676,6676,6676,12.276049,C:\Users\cta10\OneDrive\Desktop\part4\704\704GP1\Integration\Zhiyuan\experiment_runs_event_v4\batch_conveyor_done_01_rep19.result.txt,
DECOMPOSED_3CD,BATCH,CONVEYOR_DONE,1,after_first_bottle_transfer_to_rotary,20,FAULT,FAULT,TABLE_ALIGNMENT_TIMEOUT,True,2060.1394,True,True,0.0,500,500.5176,23411.0389,,0,15602,15602,15602,26.552408,C:\Users\cta10\OneDrive\Desktop\part4\704\704GP1\Integration\Zhiyuan\experiment_runs_event_v4\batch_conveyor_done_01_rep20.result.txt,
DECOMPOSED_3CD,BATCH,TABLE_ALIGNED,1,after_first_confirmed_rotation,1,DRAINED,DRAINED,NONE,True,2570.3728,True,True,0.0,500,500.3293,10167.8623,-4178.119200000001,0,6805,6805,6805,12.277853,C:\Users\cta10\OneDrive\Desktop\part4\704\704GP1\Integration\Zhiyuan\experiment_runs_event_v4\batch_table_aligned_01_rep01.result.txt,
DECOMPOSED_3CD,BATCH,TABLE_ALIGNED,1,after_first_confirmed_rotation,2,DRAINED,DRAINED,NONE,True,2576.2463,True,True,0.0,500,501.0869,10169.7089,-4176.272600000002,0,6797,6797,6797,11.667546,C:\Users\cta10\OneDrive\Desktop\part4\704\704GP1\Integration\Zhiyuan\experiment_runs_event_v4\batch_table_aligned_01_rep02.result.txt,
DECOMPOSED_3CD,BATCH,TABLE_ALIGNED,1,after_first_confirmed_rotation,3,DRAINED,DRAINED,NONE,True,2574.9221,True,True,0.0,500,500.1503,10171.1615,-4174.8200000000015,0,6839,6839,6839,12.300117,C:\Users\cta10\OneDrive\Desktop\part4\704\704GP1\Integration\Zhiyuan\experiment_runs_event_v4\batch_table_aligned_01_rep03.result.txt,
DECOMPOSED_3CD,BATCH,TABLE_ALIGNED,1,after_first_confirmed_rotation,4,DRAINED,DRAINED,NONE,True,2579.4056,True,True,0.0,500,500.0088,10181.8859,-4164.095600000002,0,6789,6789,6789,11.704849,C:\Users\cta10\OneDrive\Desktop\part4\704\704GP1\Integration\Zhiyuan\experiment_runs_event_v4\batch_table_aligned_01_rep04.result.txt,
DECOMPOSED_3CD,BATCH,TABLE_ALIGNED,1,after_first_confirmed_rotation,5,DRAINED,DRAINED,NONE,True,2579.5082,True,True,0.0,500,500.9531,10210.0234,-4135.958100000002,0,6659,6659,6659,12.314968,C:\Users\cta10\OneDrive\Desktop\part4\704\704GP1\Integration\Zhiyuan\experiment_runs_event_v4\batch_table_aligned_01_rep05.result.txt,
DECOMPOSED_3CD,BATCH,TABLE_ALIGNED,1,after_first_confirmed_rotation,6,DRAINED,DRAINED,NONE,True,2575.1917,True,True,0.0,500,500.926,10188.3763,-4157.605200000002,0,6798,6798,6798,11.667077,C:\Users\cta10\OneDrive\Desktop\part4\704\704GP1\Integration\Zhiyuan\experiment_runs_event_v4\batch_table_aligned_01_rep06.result.txt,
DECOMPOSED_3CD,BATCH,TABLE_ALIGNED,1,after_first_confirmed_rotation,7,FAULT,FAULT,TABLE_ALIGNMENT_TIMEOUT,True,2572.254,True,True,0.0,500,500.8485,23406.6264,,0,15738,15738,15738,27.106648,C:\Users\cta10\OneDrive\Desktop\part4\704\704GP1\Integration\Zhiyuan\experiment_runs_event_v4\batch_table_aligned_01_rep07.result.txt,
DECOMPOSED_3CD,BATCH,TABLE_ALIGNED,1,after_first_confirmed_rotation,8,DRAINED,DRAINED,NONE,True,2575.075,True,True,0.0,500,500.735,10185.2205,-4160.761000000002,0,6707,6707,6707,11.715401,C:\Users\cta10\OneDrive\Desktop\part4\704\704GP1\Integration\Zhiyuan\experiment_runs_event_v4\batch_table_aligned_01_rep08.result.txt,
DECOMPOSED_3CD,BATCH,TABLE_ALIGNED,1,after_first_confirmed_rotation,9,EVENT_NOT_REACHED,FAULT,TABLE_ALIGNMENT_TIMEOUT,False,-1.0,False,False,-1.0,500,0.0,17062.9686,,0,11311,11311,11311,21.631484,C:\Users\cta10\OneDrive\Desktop\part4\704\704GP1\Integration\Zhiyuan\experiment_runs_event_v4\batch_table_aligned_01_rep09.result.txt,
DECOMPOSED_3CD,BATCH,TABLE_ALIGNED,1,after_first_confirmed_rotation,10,DRAINED,DRAINED,NONE,True,2571.9294,True,True,0.0,500,500.8984,10192.1931,-4153.788400000001,0,6756,6756,6756,11.665484,C:\Users\cta10\OneDrive\Desktop\part4\704\704GP1\Integration\Zhiyuan\experiment_runs_event_v4\batch_table_aligned_01_rep10.result.txt,
DECOMPOSED_3CD,BATCH,TABLE_ALIGNED,1,after_first_confirmed_rotation,11,DRAINED,DRAINED,NONE,True,2581.1844,True,True,0.0,500,500.336,10186.927,-4159.054500000002,0,6598,6598,6598,12.289111,C:\Users\cta10\OneDrive\Desktop\part4\704\704GP1\Integration\Zhiyuan\experiment_runs_event_v4\batch_table_aligned_01_rep11.result.txt,
DECOMPOSED_3CD,BATCH,TABLE_ALIGNED,1,after_first_confirmed_rotation,12,FAULT,FAULT,TABLE_ALIGNMENT_TIMEOUT,True,2569.0691,True,True,0.0,500,500.6862,19626.7781,,0,13148,13148,13148,22.53965,C:\Users\cta10\OneDrive\Desktop\part4\704\704GP1\Integration\Zhiyuan\experiment_runs_event_v4\batch_table_aligned_01_rep12.result.txt,
DECOMPOSED_3CD,BATCH,TABLE_ALIGNED,1,after_first_confirmed_rotation,13,DRAINED,DRAINED,NONE,True,2575.5023,True,True,0.0,500,500.0057,10197.1353,-4148.846200000002,0,6710,6710,6710,12.323327,C:\Users\cta10\OneDrive\Desktop\part4\704\704GP1\Integration\Zhiyuan\experiment_runs_event_v4\batch_table_aligned_01_rep13.result.txt,
DECOMPOSED_3CD,BATCH,TABLE_ALIGNED,1,after_first_confirmed_rotation,14,DRAINED,DRAINED,NONE,True,2577.7929,True,True,0.0,500,500.7695,10186.6931,-4159.288400000001,0,6670,6670,6670,11.68264,C:\Users\cta10\OneDrive\Desktop\part4\704\704GP1\Integration\Zhiyuan\experiment_runs_event_v4\batch_table_aligned_01_rep14.result.txt,
DECOMPOSED_3CD,BATCH,TABLE_ALIGNED,1,after_first_confirmed_rotation,15,DRAINED,DRAINED,NONE,True,2574.3007,True,True,0.0,500,501.3874,10201.7863,-4144.195200000002,0,6625,6625,6625,12.306463,C:\Users\cta10\OneDrive\Desktop\part4\704\704GP1\Integration\Zhiyuan\experiment_runs_event_v4\batch_table_aligned_01_rep15.result.txt,
DECOMPOSED_3CD,BATCH,TABLE_ALIGNED,1,after_first_confirmed_rotation,16,DRAINED,DRAINED,NONE,True,2573.8424,True,True,0.0,500,500.9292,10181.8228,-4164.158700000002,0,6799,6799,6799,11.644202,C:\Users\cta10\OneDrive\Desktop\part4\704\704GP1\Integration\Zhiyuan\experiment_runs_event_v4\batch_table_aligned_01_rep16.result.txt,
DECOMPOSED_3CD,BATCH,TABLE_ALIGNED,1,after_first_confirmed_rotation,17,DRAINED,DRAINED,NONE,True,2578.2633,True,True,0.0,500,500.6333,10212.0582,-4133.923300000002,0,6753,6753,6753,12.320457,C:\Users\cta10\OneDrive\Desktop\part4\704\704GP1\Integration\Zhiyuan\experiment_runs_event_v4\batch_table_aligned_01_rep17.result.txt,
DECOMPOSED_3CD,BATCH,TABLE_ALIGNED,1,after_first_confirmed_rotation,18,DRAINED,DRAINED,NONE,True,2572.493,True,True,0.0,500,500.9997,10182.5382,-4163.443300000001,0,6723,6723,6723,11.681439,C:\Users\cta10\OneDrive\Desktop\part4\704\704GP1\Integration\Zhiyuan\experiment_runs_event_v4\batch_table_aligned_01_rep18.result.txt,
DECOMPOSED_3CD,BATCH,TABLE_ALIGNED,1,after_first_confirmed_rotation,19,DRAINED,DRAINED,NONE,True,2574.6334,True,True,0.0,500,500.6648,10190.2274,-4155.754100000002,0,6707,6707,6707,12.289047,C:\Users\cta10\OneDrive\Desktop\part4\704\704GP1\Integration\Zhiyuan\experiment_runs_event_v4\batch_table_aligned_01_rep19.result.txt,
DECOMPOSED_3CD,BATCH,TABLE_ALIGNED,1,after_first_confirmed_rotation,20,DRAINED,DRAINED,NONE,True,2579.212,True,True,0.0,500,500.1462,10198.9185,-4147.063000000002,0,6632,6632,6632,11.67078,C:\Users\cta10\OneDrive\Desktop\part4\704\704GP1\Integration\Zhiyuan\experiment_runs_event_v4\batch_table_aligned_01_rep20.result.txt,
DECOMPOSED_3CD,BATCH,FILLER_DONE,1,after_first_bottle_fill,1,DRAINED,DRAINED,NONE,True,3594.1488,True,True,0.0,500,500.5461,10184.6612,-4161.320300000001,0,6776,6776,6776,12.300345,C:\Users\cta10\OneDrive\Desktop\part4\704\704GP1\Integration\Zhiyuan\experiment_runs_event_v4\batch_filler_done_01_rep01.result.txt,
DECOMPOSED_3CD,BATCH,FILLER_DONE,1,after_first_bottle_fill,2,DRAINED,DRAINED,NONE,True,3598.3222,True,True,0.0,500,501.4259,10191.799,-4154.182500000001,0,6739,6739,6739,11.68901,C:\Users\cta10\OneDrive\Desktop\part4\704\704GP1\Integration\Zhiyuan\experiment_runs_event_v4\batch_filler_done_01_rep02.result.txt,
DECOMPOSED_3CD,BATCH,FILLER_DONE,1,after_first_bottle_fill,3,DRAINED,DRAINED,NONE,True,3600.13,True,True,0.0,500,500.0631,10196.2028,-4149.778700000003,0,6753,6753,6753,12.303004,C:\Users\cta10\OneDrive\Desktop\part4\704\704GP1\Integration\Zhiyuan\experiment_runs_event_v4\batch_filler_done_01_rep03.result.txt,
DECOMPOSED_3CD,BATCH,FILLER_DONE,1,after_first_bottle_fill,4,DRAINED,DRAINED,NONE,True,3602.6036,True,True,0.0,500,500.1832,10202.611,-4143.370500000001,0,6730,6730,6730,11.701239,C:\Users\cta10\OneDrive\Desktop\part4\704\704GP1\Integration\Zhiyuan\experiment_runs_event_v4\batch_filler_done_01_rep04.result.txt,
DECOMPOSED_3CD,BATCH,FILLER_DONE,1,after_first_bottle_fill,5,FAULT,FAULT,TABLE_ALIGNMENT_TIMEOUT,True,3595.0703,True,True,0.0,500,500.2806,19627.3845,,0,13102,13102,13102,23.151313,C:\Users\cta10\OneDrive\Desktop\part4\704\704GP1\Integration\Zhiyuan\experiment_runs_event_v4\batch_filler_done_01_rep05.result.txt,
DECOMPOSED_3CD,BATCH,FILLER_DONE,1,after_first_bottle_fill,6,DRAINED,DRAINED,NONE,True,3602.5657,True,True,0.0,500,500.8292,10194.4355,-4151.546000000002,0,6796,6796,6796,11.714307,C:\Users\cta10\OneDrive\Desktop\part4\704\704GP1\Integration\Zhiyuan\experiment_runs_event_v4\batch_filler_done_01_rep06.result.txt,
DECOMPOSED_3CD,BATCH,FILLER_DONE,1,after_first_bottle_fill,7,DRAINED,DRAINED,NONE,True,3603.345,True,True,0.0,500,500.8553,10189.0609,-4156.920600000001,0,6597,6597,6597,12.295305,C:\Users\cta10\OneDrive\Desktop\part4\704\704GP1\Integration\Zhiyuan\experiment_runs_event_v4\batch_filler_done_01_rep07.result.txt,
DECOMPOSED_3CD,BATCH,FILLER_DONE,1,after_first_bottle_fill,8,DRAINED,DRAINED,NONE,True,3602.4564,True,True,0.0,500,501.2824,10208.5387,-4137.4428000000025,0,6614,6614,6614,11.761208,C:\Users\cta10\OneDrive\Desktop\part4\704\704GP1\Integration\Zhiyuan\experiment_runs_event_v4\batch_filler_done_01_rep08.result.txt,
DECOMPOSED_3CD,BATCH,FILLER_DONE,1,after_first_bottle_fill,9,DRAINED,DRAINED,NONE,True,3598.7591,True,True,0.0,500,500.9491,10205.5157,-4140.465800000002,0,6595,6595,6595,12.286065,C:\Users\cta10\OneDrive\Desktop\part4\704\704GP1\Integration\Zhiyuan\experiment_runs_event_v4\batch_filler_done_01_rep09.result.txt,
DECOMPOSED_3CD,BATCH,FILLER_DONE,1,after_first_bottle_fill,10,DRAINED,DRAINED,NONE,True,3598.0294,True,True,0.0,500,501.9917,10193.5328,-4152.448700000001,0,6565,6565,6565,11.688059,C:\Users\cta10\OneDrive\Desktop\part4\704\704GP1\Integration\Zhiyuan\experiment_runs_event_v4\batch_filler_done_01_rep10.result.txt,
DECOMPOSED_3CD,BATCH,FILLER_DONE,1,after_first_bottle_fill,11,DRAINED,DRAINED,NONE,True,3608.0977,True,True,0.0,500,500.7872,10217.9411,-4128.040400000002,0,6671,6671,6671,12.309372,C:\Users\cta10\OneDrive\Desktop\part4\704\704GP1\Integration\Zhiyuan\experiment_runs_event_v4\batch_filler_done_01_rep11.result.txt,
DECOMPOSED_3CD,BATCH,FILLER_DONE,1,after_first_bottle_fill,12,DRAINED,DRAINED,NONE,True,3606.4459,True,True,0.0,500,500.6399,10203.2857,-4142.695800000001,0,6666,6666,6666,11.676681,C:\Users\cta10\OneDrive\Desktop\part4\704\704GP1\Integration\Zhiyuan\experiment_runs_event_v4\batch_filler_done_01_rep12.result.txt,
DECOMPOSED_3CD,BATCH,FILLER_DONE,1,after_first_bottle_fill,13,DRAINED,DRAINED,NONE,True,3601.2431,True,True,0.0,500,500.9076,10176.1834,-4169.798100000002,0,6838,6838,6838,12.282878,C:\Users\cta10\OneDrive\Desktop\part4\704\704GP1\Integration\Zhiyuan\experiment_runs_event_v4\batch_filler_done_01_rep13.result.txt,
DECOMPOSED_3CD,BATCH,FILLER_DONE,1,after_first_bottle_fill,14,DRAINED,DRAINED,NONE,True,3613.8315,True,True,0.0,500,500.9511,10227.2327,-4118.748800000001,0,6502,6502,6502,11.743989,C:\Users\cta10\OneDrive\Desktop\part4\704\704GP1\Integration\Zhiyuan\experiment_runs_event_v4\batch_filler_done_01_rep14.result.txt,
DECOMPOSED_3CD,BATCH,FILLER_DONE,1,after_first_bottle_fill,15,DRAINED,DRAINED,NONE,True,3607.8795,True,True,0.0,500,500.4581,10191.5951,-4154.386400000001,0,6519,6519,6519,12.304688,C:\Users\cta10\OneDrive\Desktop\part4\704\704GP1\Integration\Zhiyuan\experiment_runs_event_v4\batch_filler_done_01_rep15.result.txt,
DECOMPOSED_3CD,BATCH,FILLER_DONE,1,after_first_bottle_fill,16,DRAINED,DRAINED,NONE,True,3606.929,True,True,0.0,500,500.7323,10190.6216,-4155.359900000001,0,6659,6659,6659,11.637614,C:\Users\cta10\OneDrive\Desktop\part4\704\704GP1\Integration\Zhiyuan\experiment_runs_event_v4\batch_filler_done_01_rep16.result.txt,
DECOMPOSED_3CD,BATCH,FILLER_DONE,1,after_first_bottle_fill,17,DRAINED,DRAINED,NONE,True,3602.1267,True,True,0.0,500,501.3299,10182.5184,-4163.463100000001,0,6852,6852,6852,12.257325,C:\Users\cta10\OneDrive\Desktop\part4\704\704GP1\Integration\Zhiyuan\experiment_runs_event_v4\batch_filler_done_01_rep17.result.txt,
DECOMPOSED_3CD,BATCH,FILLER_DONE,1,after_first_bottle_fill,18,DRAINED,DRAINED,NONE,True,3598.2236,True,True,0.0,500,501.7523,10178.5278,-4167.453700000002,0,6787,6787,6787,11.647262,C:\Users\cta10\OneDrive\Desktop\part4\704\704GP1\Integration\Zhiyuan\experiment_runs_event_v4\batch_filler_done_01_rep18.result.txt,
DECOMPOSED_3CD,BATCH,FILLER_DONE,1,after_first_bottle_fill,19,EVENT_NOT_REACHED,FAULT,TABLE_ALIGNMENT_TIMEOUT,False,-1.0,False,False,-1.0,500,0.0,17070.4976,,0,11346,11346,11346,20.634757,C:\Users\cta10\OneDrive\Desktop\part4\704\704GP1\Integration\Zhiyuan\experiment_runs_event_v4\batch_filler_done_01_rep19.result.txt,
DECOMPOSED_3CD,BATCH,FILLER_DONE,1,after_first_bottle_fill,20,DRAINED,DRAINED,NONE,True,3599.1106,True,True,0.0,500,500.96,10170.425,-4175.556500000002,0,6795,6795,6795,11.686947,C:\Users\cta10\OneDrive\Desktop\part4\704\704GP1\Integration\Zhiyuan\experiment_runs_event_v4\batch_filler_done_01_rep20.result.txt,
DECOMPOSED_3CD,BATCH,LID_DONE,1,after_first_bottle_lid,1,DRAINED,DRAINED,NONE,True,5204.3732,True,True,0.0,500,500.7986,10190.2944,-4155.687100000001,0,6498,6498,6498,12.305156,C:\Users\cta10\OneDrive\Desktop\part4\704\704GP1\Integration\Zhiyuan\experiment_runs_event_v4\batch_lid_done_01_rep01.result.txt,
DECOMPOSED_3CD,BATCH,LID_DONE,1,after_first_bottle_lid,2,FAULT,FAULT,TABLE_ALIGNMENT_TIMEOUT,True,5212.0312,True,True,0.0,500,501.4323,21175.5991,,0,13745,13745,13745,23.973972,C:\Users\cta10\OneDrive\Desktop\part4\704\704GP1\Integration\Zhiyuan\experiment_runs_event_v4\batch_lid_done_01_rep02.result.txt,
DECOMPOSED_3CD,BATCH,LID_DONE,1,after_first_bottle_lid,3,EVENT_NOT_REACHED,FAULT,TABLE_ALIGNMENT_TIMEOUT,False,-1.0,False,False,-1.0,500,0.0,19632.1487,,0,13234,13234,13234,23.125341,C:\Users\cta10\OneDrive\Desktop\part4\704\704GP1\Integration\Zhiyuan\experiment_runs_event_v4\batch_lid_done_01_rep03.result.txt,
DECOMPOSED_3CD,BATCH,LID_DONE,1,after_first_bottle_lid,4,DRAINED,DRAINED,NONE,True,5210.5265,True,True,0.0,500,500.5725,10185.4426,-4160.538900000001,0,6853,6853,6853,11.72153,C:\Users\cta10\OneDrive\Desktop\part4\704\704GP1\Integration\Zhiyuan\experiment_runs_event_v4\batch_lid_done_01_rep04.result.txt,
DECOMPOSED_3CD,BATCH,LID_DONE,1,after_first_bottle_lid,5,DRAINED,DRAINED,NONE,True,5206.1611,True,True,0.0,500,502.3427,10173.3766,-4172.604900000002,0,6765,6765,6765,12.363562,C:\Users\cta10\OneDrive\Desktop\part4\704\704GP1\Integration\Zhiyuan\experiment_runs_event_v4\batch_lid_done_01_rep05.result.txt,
DECOMPOSED_3CD,BATCH,LID_DONE,1,after_first_bottle_lid,6,DRAINED,DRAINED,NONE,True,5206.4335,True,True,0.0,500,501.1087,10185.524,-4160.457500000002,0,6725,6725,6725,11.676149,C:\Users\cta10\OneDrive\Desktop\part4\704\704GP1\Integration\Zhiyuan\experiment_runs_event_v4\batch_lid_done_01_rep06.result.txt,
DECOMPOSED_3CD,BATCH,LID_DONE,1,after_first_bottle_lid,7,EVENT_NOT_REACHED,FAULT,TABLE_ALIGNMENT_TIMEOUT,False,-1.0,False,False,-1.0,500,0.0,19630.2092,,0,13161,13161,13161,23.119896,C:\Users\cta10\OneDrive\Desktop\part4\704\704GP1\Integration\Zhiyuan\experiment_runs_event_v4\batch_lid_done_01_rep07.result.txt,
DECOMPOSED_3CD,BATCH,LID_DONE,1,after_first_bottle_lid,8,DRAINED,DRAINED,NONE,True,5208.6015,True,True,0.0,500,501.4827,10193.2997,-4152.681800000002,0,6762,6762,6762,11.67332,C:\Users\cta10\OneDrive\Desktop\part4\704\704GP1\Integration\Zhiyuan\experiment_runs_event_v4\batch_lid_done_01_rep08.result.txt,
DECOMPOSED_3CD,BATCH,LID_DONE,1,after_first_bottle_lid,9,DRAINED,DRAINED,NONE,True,5192.4167,True,True,0.0,500,500.9968,10184.332,-4161.649500000001,0,6831,6831,6831,12.299902,C:\Users\cta10\OneDrive\Desktop\part4\704\704GP1\Integration\Zhiyuan\experiment_runs_event_v4\batch_lid_done_01_rep09.result.txt,
DECOMPOSED_3CD,BATCH,LID_DONE,1,after_first_bottle_lid,10,DRAINED,DRAINED,NONE,True,5207.3028,True,True,0.0,500,500.3883,10175.4536,-4170.527900000001,0,6719,6719,6719,11.664051,C:\Users\cta10\OneDrive\Desktop\part4\704\704GP1\Integration\Zhiyuan\experiment_runs_event_v4\batch_lid_done_01_rep10.result.txt,
DECOMPOSED_3CD,BATCH,LID_DONE,1,after_first_bottle_lid,11,DRAINED,DRAINED,NONE,True,5207.9458,True,True,0.0,500,501.6036,10194.7663,-4151.215200000002,0,6695,6695,6695,12.305951,C:\Users\cta10\OneDrive\Desktop\part4\704\704GP1\Integration\Zhiyuan\experiment_runs_event_v4\batch_lid_done_01_rep11.result.txt,
DECOMPOSED_3CD,BATCH,LID_DONE,1,after_first_bottle_lid,12,DRAINED,DRAINED,NONE,True,5200.8428,True,True,0.0,500,501.6925,10183.8436,-4162.1379000000015,0,6679,6679,6679,11.678838,C:\Users\cta10\OneDrive\Desktop\part4\704\704GP1\Integration\Zhiyuan\experiment_runs_event_v4\batch_lid_done_01_rep12.result.txt,
DECOMPOSED_3CD,BATCH,LID_DONE,1,after_first_bottle_lid,13,FAULT,FAULT,TABLE_ALIGNMENT_TIMEOUT,True,5220.701,True,True,0.0,500,500.0766,23413.4179,,0,15447,15447,15447,27.675603,C:\Users\cta10\OneDrive\Desktop\part4\704\704GP1\Integration\Zhiyuan\experiment_runs_event_v4\batch_lid_done_01_rep13.result.txt,
DECOMPOSED_3CD,BATCH,LID_DONE,1,after_first_bottle_lid,14,DRAINED,DRAINED,NONE,True,5211.0672,True,True,0.0,500,500.597,10182.7445,-4163.237000000001,0,6669,6669,6669,11.673278,C:\Users\cta10\OneDrive\Desktop\part4\704\704GP1\Integration\Zhiyuan\experiment_runs_event_v4\batch_lid_done_01_rep14.result.txt,
DECOMPOSED_3CD,BATCH,LID_DONE,1,after_first_bottle_lid,15,DRAINED,DRAINED,NONE,True,5204.1178,True,True,0.0,500,500.7985,10179.1791,-4166.802400000002,0,6773,6773,6773,12.340134,C:\Users\cta10\OneDrive\Desktop\part4\704\704GP1\Integration\Zhiyuan\experiment_runs_event_v4\batch_lid_done_01_rep15.result.txt,
DECOMPOSED_3CD,BATCH,LID_DONE,1,after_first_bottle_lid,16,DRAINED,DRAINED,NONE,True,5201.1833,True,True,0.0,500,501.7044,10184.0733,-4161.908200000002,0,6653,6653,6653,11.698122,C:\Users\cta10\OneDrive\Desktop\part4\704\704GP1\Integration\Zhiyuan\experiment_runs_event_v4\batch_lid_done_01_rep16.result.txt,
DECOMPOSED_3CD,BATCH,LID_DONE,1,after_first_bottle_lid,17,DRAINED,DRAINED,NONE,True,5214.6665,True,True,0.0,500,500.3522,10198.0538,-4147.927700000002,0,6694,6694,6694,12.323377,C:\Users\cta10\OneDrive\Desktop\part4\704\704GP1\Integration\Zhiyuan\experiment_runs_event_v4\batch_lid_done_01_rep17.result.txt,
DECOMPOSED_3CD,BATCH,LID_DONE,1,after_first_bottle_lid,18,FAULT,FAULT,TABLE_ALIGNMENT_TIMEOUT,True,5202.6673,True,True,0.0,500,500.931,21772.7152,,0,14359,14359,14359,24.449717,C:\Users\cta10\OneDrive\Desktop\part4\704\704GP1\Integration\Zhiyuan\experiment_runs_event_v4\batch_lid_done_01_rep18.result.txt,
DECOMPOSED_3CD,BATCH,LID_DONE,1,after_first_bottle_lid,19,DRAINED,DRAINED,NONE,True,5211.2857,True,True,0.0,500,501.7283,10181.3465,-4164.635000000002,0,6645,6645,6645,12.313101,C:\Users\cta10\OneDrive\Desktop\part4\704\704GP1\Integration\Zhiyuan\experiment_runs_event_v4\batch_lid_done_01_rep19.result.txt,
DECOMPOSED_3CD,BATCH,LID_DONE,1,after_first_bottle_lid,20,DRAINED,DRAINED,NONE,True,5208.6348,True,True,0.0,500,501.723,10185.6703,-4160.311200000002,0,6676,6676,6676,11.698143,C:\Users\cta10\OneDrive\Desktop\part4\704\704GP1\Integration\Zhiyuan\experiment_runs_event_v4\batch_lid_done_01_rep20.result.txt,
DECOMPOSED_3CD,BATCH,CAPPER_DONE,1,after_first_bottle_cap,1,DRAINED,DRAINED,NONE,True,6766.3213,True,True,0.0,500,500.5357,10193.291,-4152.690500000002,0,6654,6654,6654,12.295338,C:\Users\cta10\OneDrive\Desktop\part4\704\704GP1\Integration\Zhiyuan\experiment_runs_event_v4\batch_capper_done_01_rep01.result.txt,
DECOMPOSED_3CD,BATCH,CAPPER_DONE,1,after_first_bottle_cap,2,DRAINED,DRAINED,NONE,True,6766.5518,True,True,0.0,500,501.2155,10187.0238,-4158.957700000001,0,6715,6715,6715,11.67792,C:\Users\cta10\OneDrive\Desktop\part4\704\704GP1\Integration\Zhiyuan\experiment_runs_event_v4\batch_capper_done_01_rep02.result.txt,
DECOMPOSED_3CD,BATCH,CAPPER_DONE,1,after_first_bottle_cap,3,DRAINED,DRAINED,NONE,True,6758.8935,True,True,0.0,500,501.3085,10184.775,-4161.206500000002,0,6752,6752,6752,12.305758,C:\Users\cta10\OneDrive\Desktop\part4\704\704GP1\Integration\Zhiyuan\experiment_runs_event_v4\batch_capper_done_01_rep03.result.txt,
DECOMPOSED_3CD,BATCH,CAPPER_DONE,1,after_first_bottle_cap,4,DRAINED,DRAINED,NONE,True,6764.8813,True,True,0.0,500,500.9514,10175.8987,-4170.082800000002,0,6722,6722,6722,11.659393,C:\Users\cta10\OneDrive\Desktop\part4\704\704GP1\Integration\Zhiyuan\experiment_runs_event_v4\batch_capper_done_01_rep04.result.txt,
DECOMPOSED_3CD,BATCH,CAPPER_DONE,1,after_first_bottle_cap,5,DRAINED,DRAINED,NONE,True,6763.4529,True,True,0.0,500,500.8441,10184.1322,-4161.849300000002,0,6647,6647,6647,12.300456,C:\Users\cta10\OneDrive\Desktop\part4\704\704GP1\Integration\Zhiyuan\experiment_runs_event_v4\batch_capper_done_01_rep05.result.txt,
DECOMPOSED_3CD,BATCH,CAPPER_DONE,1,after_first_bottle_cap,6,DRAINED,DRAINED,NONE,True,6767.8638,True,True,0.0,500,501.691,10199.7852,-4146.196300000001,0,6591,6591,6591,11.715687,C:\Users\cta10\OneDrive\Desktop\part4\704\704GP1\Integration\Zhiyuan\experiment_runs_event_v4\batch_capper_done_01_rep06.result.txt,
DECOMPOSED_3CD,BATCH,CAPPER_DONE,1,after_first_bottle_cap,7,DRAINED,DRAINED,NONE,True,6775.0532,True,True,0.0,500,501.2431,10207.914,-4138.067500000001,0,6681,6681,6681,12.324726,C:\Users\cta10\OneDrive\Desktop\part4\704\704GP1\Integration\Zhiyuan\experiment_runs_event_v4\batch_capper_done_01_rep07.result.txt,
DECOMPOSED_3CD,BATCH,CAPPER_DONE,1,after_first_bottle_cap,8,EVENT_NOT_REACHED,FAULT,TABLE_ALIGNMENT_TIMEOUT,False,-1.0,False,False,-1.0,500,0.0,17071.6765,,0,11238,11238,11238,21.013701,C:\Users\cta10\OneDrive\Desktop\part4\704\704GP1\Integration\Zhiyuan\experiment_runs_event_v4\batch_capper_done_01_rep08.result.txt,
DECOMPOSED_3CD,BATCH,CAPPER_DONE,1,after_first_bottle_cap,9,DRAINED,DRAINED,NONE,True,6764.935,True,True,0.0,500,500.0249,10176.9454,-4169.036100000001,0,6685,6685,6685,12.270714,C:\Users\cta10\OneDrive\Desktop\part4\704\704GP1\Integration\Zhiyuan\experiment_runs_event_v4\batch_capper_done_01_rep09.result.txt,
DECOMPOSED_3CD,BATCH,CAPPER_DONE,1,after_first_bottle_cap,10,DRAINED,DRAINED,NONE,True,6765.9135,True,True,0.0,500,501.6339,10208.0619,-4137.919600000001,0,6669,6669,6669,11.676717,C:\Users\cta10\OneDrive\Desktop\part4\704\704GP1\Integration\Zhiyuan\experiment_runs_event_v4\batch_capper_done_01_rep10.result.txt,
DECOMPOSED_3CD,BATCH,CAPPER_DONE,1,after_first_bottle_cap,11,DRAINED,DRAINED,NONE,True,6762.7395,True,True,0.0,500,500.1619,10192.342,-4153.639500000001,0,6729,6729,6729,12.309282,C:\Users\cta10\OneDrive\Desktop\part4\704\704GP1\Integration\Zhiyuan\experiment_runs_event_v4\batch_capper_done_01_rep11.result.txt,
DECOMPOSED_3CD,BATCH,CAPPER_DONE,1,after_first_bottle_cap,12,DRAINED,DRAINED,NONE,True,6760.8909,True,True,0.0,500,501.8718,10183.8556,-4162.125900000001,0,6744,6744,6744,11.69003,C:\Users\cta10\OneDrive\Desktop\part4\704\704GP1\Integration\Zhiyuan\experiment_runs_event_v4\batch_capper_done_01_rep12.result.txt,
DECOMPOSED_3CD,BATCH,CAPPER_DONE,1,after_first_bottle_cap,13,DRAINED,DRAINED,NONE,True,6763.8248,True,True,0.0,500,501.4582,10184.487,-4161.4945000000025,0,6809,6809,6809,12.281337,C:\Users\cta10\OneDrive\Desktop\part4\704\704GP1\Integration\Zhiyuan\experiment_runs_event_v4\batch_capper_done_01_rep13.result.txt,
DECOMPOSED_3CD,BATCH,CAPPER_DONE,1,after_first_bottle_cap,14,FAULT,FAULT,TABLE_ALIGNMENT_TIMEOUT,True,6769.2668,True,True,0.0,500,500.9854,23407.7442,,0,15528,15528,15528,26.562308,C:\Users\cta10\OneDrive\Desktop\part4\704\704GP1\Integration\Zhiyuan\experiment_runs_event_v4\batch_capper_done_01_rep14.result.txt,
DECOMPOSED_3CD,BATCH,CAPPER_DONE,1,after_first_bottle_cap,15,DRAINED,DRAINED,NONE,True,6754.976,True,True,0.0,500,500.5729,10179.6827,-4166.298800000002,0,6755,6755,6755,12.302319,C:\Users\cta10\OneDrive\Desktop\part4\704\704GP1\Integration\Zhiyuan\experiment_runs_event_v4\batch_capper_done_01_rep15.result.txt,
DECOMPOSED_3CD,BATCH,CAPPER_DONE,1,after_first_bottle_cap,16,DRAINED,DRAINED,NONE,True,6774.1631,True,True,0.0,500,500.7664,10199.1142,-4146.867300000002,0,6634,6634,6634,11.732841,C:\Users\cta10\OneDrive\Desktop\part4\704\704GP1\Integration\Zhiyuan\experiment_runs_event_v4\batch_capper_done_01_rep16.result.txt,
DECOMPOSED_3CD,BATCH,CAPPER_DONE,1,after_first_bottle_cap,17,DRAINED,DRAINED,NONE,True,6763.1343,True,True,0.0,500,501.1631,10185.3142,-4160.667300000001,0,6590,6590,6590,12.315917,C:\Users\cta10\OneDrive\Desktop\part4\704\704GP1\Integration\Zhiyuan\experiment_runs_event_v4\batch_capper_done_01_rep17.result.txt,
DECOMPOSED_3CD,BATCH,CAPPER_DONE,1,after_first_bottle_cap,18,EVENT_NOT_REACHED,FAULT,TABLE_ALIGNMENT_TIMEOUT,False,-1.0,False,False,-1.0,500,0.0,19628.078,,0,13035,13035,13035,22.51332,C:\Users\cta10\OneDrive\Desktop\part4\704\704GP1\Integration\Zhiyuan\experiment_runs_event_v4\batch_capper_done_01_rep18.result.txt,
DECOMPOSED_3CD,BATCH,CAPPER_DONE,1,after_first_bottle_cap,19,DRAINED,DRAINED,NONE,True,6753.1362,True,True,0.0,500,501.2996,10166.505,-4179.4765000000025,0,6766,6766,6766,12.277561,C:\Users\cta10\OneDrive\Desktop\part4\704\704GP1\Integration\Zhiyuan\experiment_runs_event_v4\batch_capper_done_01_rep19.result.txt,
DECOMPOSED_3CD,BATCH,CAPPER_DONE,1,after_first_bottle_cap,20,DRAINED,DRAINED,NONE,True,6774.1574,True,True,0.0,500,501.5982,10205.1656,-4140.815900000001,0,6703,6703,6703,11.702742,C:\Users\cta10\OneDrive\Desktop\part4\704\704GP1\Integration\Zhiyuan\experiment_runs_event_v4\batch_capper_done_01_rep20.result.txt,
DECOMPOSED_3CD,BATCH,LABELLER_DONE,1,after_first_bottle_label,1,EVENT_NOT_REACHED,FAULT,TABLE_ALIGNMENT_TIMEOUT,False,-1.0,False,False,-1.0,500,0.0,17073.3696,,0,11158,11158,11158,20.623613,C:\Users\cta10\OneDrive\Desktop\part4\704\704GP1\Integration\Zhiyuan\experiment_runs_event_v4\batch_labeller_done_01_rep01.result.txt,
DECOMPOSED_3CD,BATCH,LABELLER_DONE,1,after_first_bottle_label,2,EVENT_NOT_REACHED,FAULT,TABLE_ALIGNMENT_TIMEOUT,False,-1.0,False,False,-1.0,500,0.0,19634.2111,,0,13070,13070,13070,22.527702,C:\Users\cta10\OneDrive\Desktop\part4\704\704GP1\Integration\Zhiyuan\experiment_runs_event_v4\batch_labeller_done_01_rep02.result.txt,
DECOMPOSED_3CD,BATCH,LABELLER_DONE,1,after_first_bottle_label,3,DRAINED,DRAINED,NONE,True,8984.753,True,True,0.0,500,500.5711,10190.7067,-4155.274800000001,0,6754,6754,6754,12.30892,C:\Users\cta10\OneDrive\Desktop\part4\704\704GP1\Integration\Zhiyuan\experiment_runs_event_v4\batch_labeller_done_01_rep03.result.txt,
DECOMPOSED_3CD,BATCH,LABELLER_DONE,1,after_first_bottle_label,4,DRAINED,DRAINED,NONE,True,8976.3154,True,True,0.0,500,500.4984,10184.6546,-4161.326900000002,0,6743,6743,6743,11.666835,C:\Users\cta10\OneDrive\Desktop\part4\704\704GP1\Integration\Zhiyuan\experiment_runs_event_v4\batch_labeller_done_01_rep04.result.txt,
DECOMPOSED_3CD,BATCH,LABELLER_DONE,1,after_first_bottle_label,5,DRAINED,DRAINED,NONE,True,8968.1182,True,True,0.0,500,500.4626,10182.0743,-4163.9072000000015,0,6780,6780,6780,12.2795,C:\Users\cta10\OneDrive\Desktop\part4\704\704GP1\Integration\Zhiyuan\experiment_runs_event_v4\batch_labeller_done_01_rep05.result.txt,
DECOMPOSED_3CD,BATCH,LABELLER_DONE,1,after_first_bottle_label,6,EVENT_NOT_REACHED,FAULT,TABLE_ALIGNMENT_TIMEOUT,False,-1.0,False,False,-1.0,500,0.0,21170.958,,0,14271,14271,14271,24.002954,C:\Users\cta10\OneDrive\Desktop\part4\704\704GP1\Integration\Zhiyuan\experiment_runs_event_v4\batch_labeller_done_01_rep06.result.txt,
DECOMPOSED_3CD,BATCH,LABELLER_DONE,1,after_first_bottle_label,7,DRAINED,DRAINED,NONE,True,8975.5167,True,True,0.0,500,501.9582,10180.7936,-4165.187900000001,0,6787,6787,6787,12.286236,C:\Users\cta10\OneDrive\Desktop\part4\704\704GP1\Integration\Zhiyuan\experiment_runs_event_v4\batch_labeller_done_01_rep07.result.txt,
DECOMPOSED_3CD,BATCH,LABELLER_DONE,1,after_first_bottle_label,8,EVENT_NOT_REACHED,FAULT,TABLE_ALIGNMENT_TIMEOUT,False,-1.0,False,False,-1.0,500,0.0,17067.0085,,0,11290,11290,11290,20.518566,C:\Users\cta10\OneDrive\Desktop\part4\704\704GP1\Integration\Zhiyuan\experiment_runs_event_v4\batch_labeller_done_01_rep08.result.txt,
DECOMPOSED_3CD,BATCH,LABELLER_DONE,1,after_first_bottle_label,9,DRAINED,DRAINED,NONE,True,8980.6149,True,True,0.0,500,501.6473,10187.2985,-4158.683000000001,0,6740,6740,6740,12.497996,C:\Users\cta10\OneDrive\Desktop\part4\704\704GP1\Integration\Zhiyuan\experiment_runs_event_v4\batch_labeller_done_01_rep09.result.txt,
DECOMPOSED_3CD,BATCH,LABELLER_DONE,1,after_first_bottle_label,10,EVENT_NOT_REACHED,FAULT,TABLE_ALIGNMENT_TIMEOUT,False,-1.0,False,False,-1.0,500,0.0,17070.9227,,0,11388,11388,11388,19.545907,C:\Users\cta10\OneDrive\Desktop\part4\704\704GP1\Integration\Zhiyuan\experiment_runs_event_v4\batch_labeller_done_01_rep10.result.txt,
DECOMPOSED_3CD,BATCH,LABELLER_DONE,1,after_first_bottle_label,11,DRAINED,DRAINED,NONE,True,8974.0109,True,True,0.0,500,500.8404,10181.4845,-4164.497000000001,0,6711,6711,6711,12.312199,C:\Users\cta10\OneDrive\Desktop\part4\704\704GP1\Integration\Zhiyuan\experiment_runs_event_v4\batch_labeller_done_01_rep11.result.txt,
DECOMPOSED_3CD,BATCH,LABELLER_DONE,1,after_first_bottle_label,12,DRAINED,DRAINED,NONE,True,8980.9866,True,True,0.0,500,501.2347,10198.4773,-4147.504200000001,0,6660,6660,6660,11.677068,C:\Users\cta10\OneDrive\Desktop\part4\704\704GP1\Integration\Zhiyuan\experiment_runs_event_v4\batch_labeller_done_01_rep12.result.txt,
DECOMPOSED_3CD,BATCH,LABELLER_DONE,1,after_first_bottle_label,13,DRAINED,DRAINED,NONE,True,8985.3651,True,True,0.0,500,500.0597,10187.071,-4158.910500000002,0,6666,6666,6666,12.285516,C:\Users\cta10\OneDrive\Desktop\part4\704\704GP1\Integration\Zhiyuan\experiment_runs_event_v4\batch_labeller_done_01_rep13.result.txt,
DECOMPOSED_3CD,BATCH,LABELLER_DONE,1,after_first_bottle_label,14,DRAINED,DRAINED,NONE,True,8984.8795,True,True,0.0,500,500.0661,10192.6366,-4153.344900000002,0,6642,6642,6642,11.698926,C:\Users\cta10\OneDrive\Desktop\part4\704\704GP1\Integration\Zhiyuan\experiment_runs_event_v4\batch_labeller_done_01_rep14.result.txt,
DECOMPOSED_3CD,BATCH,LABELLER_DONE,1,after_first_bottle_label,15,DRAINED,DRAINED,NONE,True,8972.5872,True,True,0.0,500,501.3708,10167.7355,-4178.246000000001,0,6754,6754,6754,12.270652,C:\Users\cta10\OneDrive\Desktop\part4\704\704GP1\Integration\Zhiyuan\experiment_runs_event_v4\batch_labeller_done_01_rep15.result.txt,
DECOMPOSED_3CD,BATCH,LABELLER_DONE,1,after_first_bottle_label,16,DRAINED,DRAINED,NONE,True,8980.7991,True,True,0.0,500,500.8755,10187.1025,-4158.879000000001,0,6676,6676,6676,11.686497,C:\Users\cta10\OneDrive\Desktop\part4\704\704GP1\Integration\Zhiyuan\experiment_runs_event_v4\batch_labeller_done_01_rep16.result.txt,
DECOMPOSED_3CD,BATCH,LABELLER_DONE,1,after_first_bottle_label,17,DRAINED,DRAINED,NONE,True,8980.5179,True,True,0.0,500,500.2324,10186.1575,-4159.824000000002,0,6713,6713,6713,12.300968,C:\Users\cta10\OneDrive\Desktop\part4\704\704GP1\Integration\Zhiyuan\experiment_runs_event_v4\batch_labeller_done_01_rep17.result.txt,
DECOMPOSED_3CD,BATCH,LABELLER_DONE,1,after_first_bottle_label,18,DRAINED,DRAINED,NONE,True,8986.1771,True,True,0.0,500,500.3927,10206.6285,-4139.353000000001,0,6664,6664,6664,11.666888,C:\Users\cta10\OneDrive\Desktop\part4\704\704GP1\Integration\Zhiyuan\experiment_runs_event_v4\batch_labeller_done_01_rep18.result.txt,
DECOMPOSED_3CD,BATCH,LABELLER_DONE,1,after_first_bottle_label,19,DRAINED,DRAINED,NONE,True,8989.8475,True,True,0.0,500,501.1391,10193.0855,-4152.8960000000025,0,6628,6628,6628,12.282482,C:\Users\cta10\OneDrive\Desktop\part4\704\704GP1\Integration\Zhiyuan\experiment_runs_event_v4\batch_labeller_done_01_rep19.result.txt,
DECOMPOSED_3CD,BATCH,LABELLER_DONE,1,after_first_bottle_label,20,DRAINED,DRAINED,NONE,True,8991.2936,True,True,0.0,500,501.9319,10205.0857,-4140.895800000002,0,6701,6701,6701,11.71181,C:\Users\cta10\OneDrive\Desktop\part4\704\704GP1\Integration\Zhiyuan\experiment_runs_event_v4\batch_labeller_done_01_rep20.result.txt,
DECOMPOSED_3CD,BATCH,UNLOADER_DONE,1,after_first_bottle_completion,1,EVENT_NOT_REACHED,FAULT,TABLE_ALIGNMENT_TIMEOUT,False,-1.0,False,False,-1.0,500,0.0,17065.234,,0,11326,11326,11326,20.624217,C:\Users\cta10\OneDrive\Desktop\part4\704\704GP1\Integration\Zhiyuan\experiment_runs_event_v4\batch_unloader_done_01_rep01.result.txt,
DECOMPOSED_3CD,BATCH,UNLOADER_DONE,1,after_first_bottle_completion,2,DRAINED,DRAINED,NONE,True,10086.6919,True,True,0.0,500,500.1888,10590.4256,-3755.555900000001,0,6934,6934,6934,12.027285,C:\Users\cta10\OneDrive\Desktop\part4\704\704GP1\Integration\Zhiyuan\experiment_runs_event_v4\batch_unloader_done_01_rep02.result.txt,
DECOMPOSED_3CD,BATCH,UNLOADER_DONE,1,after_first_bottle_completion,3,DRAINED,DRAINED,NONE,True,10105.2281,True,True,0.0,500,500.3322,10608.8191,-3737.162400000001,0,6851,6851,6851,12.702096,C:\Users\cta10\OneDrive\Desktop\part4\704\704GP1\Integration\Zhiyuan\experiment_runs_event_v4\batch_unloader_done_01_rep03.result.txt,
DECOMPOSED_3CD,BATCH,UNLOADER_DONE,1,after_first_bottle_completion,4,DRAINED,DRAINED,NONE,True,10104.1472,True,True,0.0,500,500.6617,10607.8315,-3738.1500000000015,0,6929,6929,6929,12.099823,C:\Users\cta10\OneDrive\Desktop\part4\704\704GP1\Integration\Zhiyuan\experiment_runs_event_v4\batch_unloader_done_01_rep04.result.txt,
DECOMPOSED_3CD,BATCH,UNLOADER_DONE,1,after_first_bottle_completion,5,DRAINED,DRAINED,NONE,True,10104.0076,True,True,0.0,500,500.2519,10606.5483,-3739.4332000000013,0,6902,6902,6902,12.700033,C:\Users\cta10\OneDrive\Desktop\part4\704\704GP1\Integration\Zhiyuan\experiment_runs_event_v4\batch_unloader_done_01_rep05.result.txt,
DECOMPOSED_3CD,BATCH,UNLOADER_DONE,1,after_first_bottle_completion,6,DRAINED,DRAINED,NONE,True,10110.7168,True,True,0.0,500,500.0787,10612.8831,-3733.0984000000026,0,6932,6932,6932,12.114798,C:\Users\cta10\OneDrive\Desktop\part4\704\704GP1\Integration\Zhiyuan\experiment_runs_event_v4\batch_unloader_done_01_rep06.result.txt,
DECOMPOSED_3CD,BATCH,UNLOADER_DONE,1,after_first_bottle_completion,7,DRAINED,DRAINED,NONE,True,10082.1195,True,True,0.0,500,501.3942,10586.5137,-3759.467800000002,0,6979,6979,6979,12.678457,C:\Users\cta10\OneDrive\Desktop\part4\704\704GP1\Integration\Zhiyuan\experiment_runs_event_v4\batch_unloader_done_01_rep07.result.txt,
DECOMPOSED_3CD,BATCH,UNLOADER_DONE,1,after_first_bottle_completion,8,DRAINED,DRAINED,NONE,True,10098.697,True,True,0.0,500,500.5677,10602.2684,-3743.713100000001,0,6888,6888,6888,12.031052,C:\Users\cta10\OneDrive\Desktop\part4\704\704GP1\Integration\Zhiyuan\experiment_runs_event_v4\batch_unloader_done_01_rep08.result.txt,
DECOMPOSED_3CD,BATCH,UNLOADER_DONE,1,after_first_bottle_completion,9,EVENT_NOT_REACHED,FAULT,TABLE_ALIGNMENT_TIMEOUT,False,-1.0,False,False,-1.0,500,0.0,21776.7428,,0,14451,14451,14451,25.147262,C:\Users\cta10\OneDrive\Desktop\part4\704\704GP1\Integration\Zhiyuan\experiment_runs_event_v4\batch_unloader_done_01_rep09.result.txt,
DECOMPOSED_3CD,BATCH,UNLOADER_DONE,1,after_first_bottle_completion,10,DRAINED,DRAINED,NONE,True,10105.045,True,True,0.0,500,501.3971,10609.522,-3736.459500000001,0,7037,7037,7037,12.111905,C:\Users\cta10\OneDrive\Desktop\part4\704\704GP1\Integration\Zhiyuan\experiment_runs_event_v4\batch_unloader_done_01_rep10.result.txt,
DECOMPOSED_3CD,BATCH,UNLOADER_DONE,1,after_first_bottle_completion,11,DRAINED,DRAINED,NONE,True,10086.4911,True,True,0.0,500,500.3088,10588.9704,-3757.0111000000015,0,6985,6985,6985,12.696619,C:\Users\cta10\OneDrive\Desktop\part4\704\704GP1\Integration\Zhiyuan\experiment_runs_event_v4\batch_unloader_done_01_rep11.result.txt,
DECOMPOSED_3CD,BATCH,UNLOADER_DONE,1,after_first_bottle_completion,12,DRAINED,DRAINED,NONE,True,10099.469,True,True,0.0,500,501.0137,10603.5594,-3742.4221000000016,0,6843,6843,6843,12.09744,C:\Users\cta10\OneDrive\Desktop\part4\704\704GP1\Integration\Zhiyuan\experiment_runs_event_v4\batch_unloader_done_01_rep12.result.txt,
DECOMPOSED_3CD,BATCH,UNLOADER_DONE,1,after_first_bottle_completion,13,DRAINED,DRAINED,NONE,True,10081.1105,True,True,0.0,500,500.5752,10586.0867,-3759.894800000002,0,7129,7129,7129,12.686153,C:\Users\cta10\OneDrive\Desktop\part4\704\704GP1\Integration\Zhiyuan\experiment_runs_event_v4\batch_unloader_done_01_rep13.result.txt,
DECOMPOSED_3CD,BATCH,UNLOADER_DONE,1,after_first_bottle_completion,14,DRAINED,DRAINED,NONE,True,10113.643,True,True,0.0,500,500.0301,10616.4923,-3729.489200000002,0,6901,6901,6901,12.124348,C:\Users\cta10\OneDrive\Desktop\part4\704\704GP1\Integration\Zhiyuan\experiment_runs_event_v4\batch_unloader_done_01_rep14.result.txt,
DECOMPOSED_3CD,BATCH,UNLOADER_DONE,1,after_first_bottle_completion,15,EVENT_NOT_REACHED,FAULT,TABLE_ALIGNMENT_TIMEOUT,False,-1.0,False,False,-1.0,500,0.0,17067.956,,0,11594,11594,11594,21.682744,C:\Users\cta10\OneDrive\Desktop\part4\704\704GP1\Integration\Zhiyuan\experiment_runs_event_v4\batch_unloader_done_01_rep15.result.txt,
DECOMPOSED_3CD,BATCH,UNLOADER_DONE,1,after_first_bottle_completion,16,DRAINED,DRAINED,NONE,True,10085.2905,True,True,0.0,500,501.5677,10589.9116,-3756.0699000000022,0,7122,7122,7122,12.062231,C:\Users\cta10\OneDrive\Desktop\part4\704\704GP1\Integration\Zhiyuan\experiment_runs_event_v4\batch_unloader_done_01_rep16.result.txt,
DECOMPOSED_3CD,BATCH,UNLOADER_DONE,1,after_first_bottle_completion,17,DRAINED,DRAINED,NONE,True,10084.2093,True,True,0.0,500,500.3347,10588.553,-3757.428500000002,0,7085,7085,7085,12.693557,C:\Users\cta10\OneDrive\Desktop\part4\704\704GP1\Integration\Zhiyuan\experiment_runs_event_v4\batch_unloader_done_01_rep17.result.txt,
DECOMPOSED_3CD,BATCH,UNLOADER_DONE,1,after_first_bottle_completion,18,DRAINED,DRAINED,NONE,True,10086.0445,True,True,0.0,500,501.8514,10590.9294,-3755.052100000001,0,7095,7095,7095,12.071926,C:\Users\cta10\OneDrive\Desktop\part4\704\704GP1\Integration\Zhiyuan\experiment_runs_event_v4\batch_unloader_done_01_rep18.result.txt,
DECOMPOSED_3CD,BATCH,UNLOADER_DONE,1,after_first_bottle_completion,19,DRAINED,DRAINED,NONE,True,10085.123,True,True,0.0,500,501.1688,10589.7009,-3756.280600000002,0,7076,7076,7076,12.870876,C:\Users\cta10\OneDrive\Desktop\part4\704\704GP1\Integration\Zhiyuan\experiment_runs_event_v4\batch_unloader_done_01_rep19.result.txt,
DECOMPOSED_3CD,BATCH,UNLOADER_DONE,1,after_first_bottle_completion,20,DRAINED,DRAINED,NONE,True,10075.657,True,True,0.0,500,501.7497,10579.4384,-3766.5431000000026,0,7193,7193,7193,12.091169,C:\Users\cta10\OneDrive\Desktop\part4\704\704GP1\Integration\Zhiyuan\experiment_runs_event_v4\batch_unloader_done_01_rep20.result.txt,
DECOMPOSED_3CD,BATCH,LOADER_DONE,2,after_second_bottle_admitted,1,DRAINED,DRAINED,NONE,True,3590.7564,True,True,0.0,500,500.1541,10176.6794,-4169.302100000001,0,6745,6745,6745,12.321308,C:\Users\cta10\OneDrive\Desktop\part4\704\704GP1\Integration\Zhiyuan\experiment_runs_event_v4\batch_loader_done_02_rep01.result.txt,
DECOMPOSED_3CD,BATCH,LOADER_DONE,2,after_second_bottle_admitted,2,EVENT_NOT_REACHED,FAULT,TABLE_ALIGNMENT_TIMEOUT,False,-1.0,False,False,-1.0,500,0.0,17067.6752,,0,11500,11500,11500,20.544786,C:\Users\cta10\OneDrive\Desktop\part4\704\704GP1\Integration\Zhiyuan\experiment_runs_event_v4\batch_loader_done_02_rep02.result.txt,
DECOMPOSED_3CD,BATCH,LOADER_DONE,2,after_second_bottle_admitted,3,FAULT,FAULT,TABLE_ALIGNMENT_TIMEOUT,True,3593.6374,True,True,0.0,500,500.7446,19632.2856,,0,13068,13068,13068,23.130535,C:\Users\cta10\OneDrive\Desktop\part4\704\704GP1\Integration\Zhiyuan\experiment_runs_event_v4\batch_loader_done_02_rep03.result.txt,
DECOMPOSED_3CD,BATCH,LOADER_DONE,2,after_second_bottle_admitted,4,FAULT,FAULT,TABLE_ALIGNMENT_TIMEOUT,True,3587.6247,True,True,0.0,500,501.5726,23402.8374,,0,15808,15808,15808,26.542928,C:\Users\cta10\OneDrive\Desktop\part4\704\704GP1\Integration\Zhiyuan\experiment_runs_event_v4\batch_loader_done_02_rep04.result.txt,
DECOMPOSED_3CD,BATCH,LOADER_DONE,2,after_second_bottle_admitted,5,DRAINED,DRAINED,NONE,True,3599.2554,True,True,0.0,500,501.1202,10209.9807,-4136.000800000002,0,6612,6612,6612,12.318531,C:\Users\cta10\OneDrive\Desktop\part4\704\704GP1\Integration\Zhiyuan\experiment_runs_event_v4\batch_loader_done_02_rep05.result.txt,
DECOMPOSED_3CD,BATCH,LOADER_DONE,2,after_second_bottle_admitted,6,DRAINED,DRAINED,NONE,True,3585.8662,True,True,0.0,500,500.7582,10196.0916,-4149.889900000002,0,6774,6774,6774,11.668,C:\Users\cta10\OneDrive\Desktop\part4\704\704GP1\Integration\Zhiyuan\experiment_runs_event_v4\batch_loader_done_02_rep06.result.txt,
DECOMPOSED_3CD,BATCH,LOADER_DONE,2,after_second_bottle_admitted,7,DRAINED,DRAINED,NONE,True,3589.1381,True,True,0.0,500,501.165,10190.6148,-4155.366700000002,0,6715,6715,6715,12.28794,C:\Users\cta10\OneDrive\Desktop\part4\704\704GP1\Integration\Zhiyuan\experiment_runs_event_v4\batch_loader_done_02_rep07.result.txt,
DECOMPOSED_3CD,BATCH,LOADER_DONE,2,after_second_bottle_admitted,8,DRAINED,DRAINED,NONE,True,3594.5177,True,True,0.0,500,500.9818,10181.0742,-4164.907300000003,0,6852,6852,6852,11.666212,C:\Users\cta10\OneDrive\Desktop\part4\704\704GP1\Integration\Zhiyuan\experiment_runs_event_v4\batch_loader_done_02_rep08.result.txt,
DECOMPOSED_3CD,BATCH,LOADER_DONE,2,after_second_bottle_admitted,9,DRAINED,DRAINED,NONE,True,3590.7277,True,True,0.0,500,500.0719,10196.6948,-4149.286700000002,0,6590,6590,6590,12.302445,C:\Users\cta10\OneDrive\Desktop\part4\704\704GP1\Integration\Zhiyuan\experiment_runs_event_v4\batch_loader_done_02_rep09.result.txt,
DECOMPOSED_3CD,BATCH,LOADER_DONE,2,after_second_bottle_admitted,10,DRAINED,DRAINED,NONE,True,3598.1105,True,True,0.0,500,500.6127,10190.9824,-4154.999100000001,0,6584,6584,6584,11.680732,C:\Users\cta10\OneDrive\Desktop\part4\704\704GP1\Integration\Zhiyuan\experiment_runs_event_v4\batch_loader_done_02_rep10.result.txt,
DECOMPOSED_3CD,BATCH,LOADER_DONE,2,after_second_bottle_admitted,11,DRAINED,DRAINED,NONE,True,3594.663,True,True,0.0,500,501.396,10189.914,-4156.067500000001,0,6749,6749,6749,12.291437,C:\Users\cta10\OneDrive\Desktop\part4\704\704GP1\Integration\Zhiyuan\experiment_runs_event_v4\batch_loader_done_02_rep11.result.txt,
DECOMPOSED_3CD,BATCH,LOADER_DONE,2,after_second_bottle_admitted,12,DRAINED,DRAINED,NONE,True,3584.3324,True,True,0.0,500,501.6093,10184.1141,-4161.867400000001,0,6667,6667,6667,11.694233,C:\Users\cta10\OneDrive\Desktop\part4\704\704GP1\Integration\Zhiyuan\experiment_runs_event_v4\batch_loader_done_02_rep12.result.txt,
DECOMPOSED_3CD,BATCH,LOADER_DONE,2,after_second_bottle_admitted,13,EVENT_NOT_REACHED,FAULT,TABLE_ALIGNMENT_TIMEOUT,False,-1.0,False,False,-1.0,500,0.0,17065.1408,,0,11415,11415,11415,21.128262,C:\Users\cta10\OneDrive\Desktop\part4\704\704GP1\Integration\Zhiyuan\experiment_runs_event_v4\batch_loader_done_02_rep13.result.txt,
DECOMPOSED_3CD,BATCH,LOADER_DONE,2,after_second_bottle_admitted,14,DRAINED,DRAINED,NONE,True,3587.8411,True,True,0.0,500,500.9296,10171.3266,-4174.654900000001,0,6754,6754,6754,11.687955,C:\Users\cta10\OneDrive\Desktop\part4\704\704GP1\Integration\Zhiyuan\experiment_runs_event_v4\batch_loader_done_02_rep14.result.txt,
DECOMPOSED_3CD,BATCH,LOADER_DONE,2,after_second_bottle_admitted,15,FAULT,FAULT,TABLE_ALIGNMENT_TIMEOUT,True,3594.1818,True,True,0.0,500,500.4533,23400.3537,,0,15592,15592,15592,27.160899,C:\Users\cta10\OneDrive\Desktop\part4\704\704GP1\Integration\Zhiyuan\experiment_runs_event_v4\batch_loader_done_02_rep15.result.txt,
DECOMPOSED_3CD,BATCH,LOADER_DONE,2,after_second_bottle_admitted,16,DRAINED,DRAINED,NONE,True,3594.384,True,True,0.0,500,500.4074,10193.2655,-4152.716000000002,0,6675,6675,6675,11.731758,C:\Users\cta10\OneDrive\Desktop\part4\704\704GP1\Integration\Zhiyuan\experiment_runs_event_v4\batch_loader_done_02_rep16.result.txt,
DECOMPOSED_3CD,BATCH,LOADER_DONE,2,after_second_bottle_admitted,17,DRAINED,DRAINED,NONE,True,3584.2193,True,True,0.0,500,500.68,10175.8131,-4170.168400000002,0,6765,6765,6765,12.295687,C:\Users\cta10\OneDrive\Desktop\part4\704\704GP1\Integration\Zhiyuan\experiment_runs_event_v4\batch_loader_done_02_rep17.result.txt,
DECOMPOSED_3CD,BATCH,LOADER_DONE,2,after_second_bottle_admitted,18,DRAINED,DRAINED,NONE,True,3587.4893,True,True,0.0,500,501.2557,10203.5455,-4142.4360000000015,0,6729,6729,6729,11.708627,C:\Users\cta10\OneDrive\Desktop\part4\704\704GP1\Integration\Zhiyuan\experiment_runs_event_v4\batch_loader_done_02_rep18.result.txt,
DECOMPOSED_3CD,BATCH,LOADER_DONE,2,after_second_bottle_admitted,19,DRAINED,DRAINED,NONE,True,3599.6454,True,True,0.0,500,500.078,10205.0767,-4140.904800000002,0,6634,6634,6634,12.315387,C:\Users\cta10\OneDrive\Desktop\part4\704\704GP1\Integration\Zhiyuan\experiment_runs_event_v4\batch_loader_done_02_rep19.result.txt,
DECOMPOSED_3CD,BATCH,LOADER_DONE,2,after_second_bottle_admitted,20,DRAINED,DRAINED,NONE,True,3601.0558,True,True,0.0,500,500.695,10199.2694,-4146.7121000000025,0,6658,6658,6658,11.653058,C:\Users\cta10\OneDrive\Desktop\part4\704\704GP1\Integration\Zhiyuan\experiment_runs_event_v4\batch_loader_done_02_rep20.result.txt,
DECOMPOSED_3CD,BATCH,CONVEYOR_DONE,2,after_second_bottle_transfer_to_rotary,1,DRAINED,DRAINED,NONE,True,4621.2341,True,True,0.0,500,500.9369,10179.6168,-4166.364700000002,0,6677,6677,6677,12.275213,C:\Users\cta10\OneDrive\Desktop\part4\704\704GP1\Integration\Zhiyuan\experiment_runs_event_v4\batch_conveyor_done_02_rep01.result.txt,
DECOMPOSED_3CD,BATCH,CONVEYOR_DONE,2,after_second_bottle_transfer_to_rotary,2,DRAINED,DRAINED,NONE,True,4619.1018,True,True,0.0,500,500.5007,10172.573,-4173.408500000001,0,6761,6761,6761,11.643454,C:\Users\cta10\OneDrive\Desktop\part4\704\704GP1\Integration\Zhiyuan\experiment_runs_event_v4\batch_conveyor_done_02_rep02.result.txt,
DECOMPOSED_3CD,BATCH,CONVEYOR_DONE,2,after_second_bottle_transfer_to_rotary,3,DRAINED,DRAINED,NONE,True,4624.504,True,True,0.0,500,500.1895,10186.5733,-4159.408200000002,0,6761,6761,6761,12.303185,C:\Users\cta10\OneDrive\Desktop\part4\704\704GP1\Integration\Zhiyuan\experiment_runs_event_v4\batch_conveyor_done_02_rep03.result.txt,
DECOMPOSED_3CD,BATCH,CONVEYOR_DONE,2,after_second_bottle_transfer_to_rotary,4,DRAINED,DRAINED,NONE,True,4619.0723,True,True,0.0,500,500.8886,10168.9008,-4177.080700000002,0,6715,6715,6715,11.659518,C:\Users\cta10\OneDrive\Desktop\part4\704\704GP1\Integration\Zhiyuan\experiment_runs_event_v4\batch_conveyor_done_02_rep04.result.txt,
DECOMPOSED_3CD,BATCH,CONVEYOR_DONE,2,after_second_bottle_transfer_to_rotary,5,DRAINED,DRAINED,NONE,True,4632.0068,True,True,0.0,500,500.6126,10186.3227,-4159.658800000001,0,6656,6656,6656,12.280108,C:\Users\cta10\OneDrive\Desktop\part4\704\704GP1\Integration\Zhiyuan\experiment_runs_event_v4\batch_conveyor_done_02_rep05.result.txt,
DECOMPOSED_3CD,BATCH,CONVEYOR_DONE,2,after_second_bottle_transfer_to_rotary,6,DRAINED,DRAINED,NONE,True,4620.66,True,True,0.0,500,501.4891,10179.0619,-4166.919600000001,0,6633,6633,6633,11.685933,C:\Users\cta10\OneDrive\Desktop\part4\704\704GP1\Integration\Zhiyuan\experiment_runs_event_v4\batch_conveyor_done_02_rep06.result.txt,
DECOMPOSED_3CD,BATCH,CONVEYOR_DONE,2,after_second_bottle_transfer_to_rotary,7,EVENT_NOT_REACHED,FAULT,TABLE_ALIGNMENT_TIMEOUT,False,-1.0,False,False,-1.0,500,0.0,17073.1394,,0,11180,11180,11180,20.602069,C:\Users\cta10\OneDrive\Desktop\part4\704\704GP1\Integration\Zhiyuan\experiment_runs_event_v4\batch_conveyor_done_02_rep07.result.txt,
DECOMPOSED_3CD,BATCH,CONVEYOR_DONE,2,after_second_bottle_transfer_to_rotary,8,DRAINED,DRAINED,NONE,True,4630.2792,True,True,0.0,500,500.1499,10179.0064,-4166.9751000000015,0,6753,6753,6753,11.685825,C:\Users\cta10\OneDrive\Desktop\part4\704\704GP1\Integration\Zhiyuan\experiment_runs_event_v4\batch_conveyor_done_02_rep08.result.txt,
DECOMPOSED_3CD,BATCH,CONVEYOR_DONE,2,after_second_bottle_transfer_to_rotary,9,DRAINED,DRAINED,NONE,True,4617.1469,True,True,0.0,500,500.0623,10181.4717,-4164.509800000002,0,6714,6714,6714,12.300091,C:\Users\cta10\OneDrive\Desktop\part4\704\704GP1\Integration\Zhiyuan\experiment_runs_event_v4\batch_conveyor_done_02_rep09.result.txt,
DECOMPOSED_3CD,BATCH,CONVEYOR_DONE,2,after_second_bottle_transfer_to_rotary,10,DRAINED,DRAINED,NONE,True,4621.1059,True,True,0.0,500,500.538,10192.6888,-4153.292700000002,0,6739,6739,6739,11.694505,C:\Users\cta10\OneDrive\Desktop\part4\704\704GP1\Integration\Zhiyuan\experiment_runs_event_v4\batch_conveyor_done_02_rep10.result.txt,
DECOMPOSED_3CD,BATCH,CONVEYOR_DONE,2,after_second_bottle_transfer_to_rotary,11,DRAINED,DRAINED,NONE,True,4626.8991,True,True,0.0,500,501.3438,10207.21,-4138.771500000003,0,6520,6520,6520,12.326152,C:\Users\cta10\OneDrive\Desktop\part4\704\704GP1\Integration\Zhiyuan\experiment_runs_event_v4\batch_conveyor_done_02_rep11.result.txt,
DECOMPOSED_3CD,BATCH,CONVEYOR_DONE,2,after_second_bottle_transfer_to_rotary,12,DRAINED,DRAINED,NONE,True,4620.2631,True,True,0.0,500,500.1191,10180.4241,-4165.5574000000015,0,6703,6703,6703,11.632802,C:\Users\cta10\OneDrive\Desktop\part4\704\704GP1\Integration\Zhiyuan\experiment_runs_event_v4\batch_conveyor_done_02_rep12.result.txt,
DECOMPOSED_3CD,BATCH,CONVEYOR_DONE,2,after_second_bottle_transfer_to_rotary,13,DRAINED,DRAINED,NONE,True,4627.4293,True,True,0.0,500,501.5539,10199.4875,-4146.494000000002,0,6728,6728,6728,12.381,C:\Users\cta10\OneDrive\Desktop\part4\704\704GP1\Integration\Zhiyuan\experiment_runs_event_v4\batch_conveyor_done_02_rep13.result.txt,
DECOMPOSED_3CD,BATCH,CONVEYOR_DONE,2,after_second_bottle_transfer_to_rotary,14,DRAINED,DRAINED,NONE,True,4623.0126,True,True,0.0,500,501.8886,10175.8421,-4170.139400000002,0,6728,6728,6728,11.681351,C:\Users\cta10\OneDrive\Desktop\part4\704\704GP1\Integration\Zhiyuan\experiment_runs_event_v4\batch_conveyor_done_02_rep14.result.txt,
DECOMPOSED_3CD,BATCH,CONVEYOR_DONE,2,after_second_bottle_transfer_to_rotary,15,DRAINED,DRAINED,NONE,True,4627.6209,True,True,0.0,500,500.1428,10189.7661,-4156.215400000001,0,6629,6629,6629,12.304905,C:\Users\cta10\OneDrive\Desktop\part4\704\704GP1\Integration\Zhiyuan\experiment_runs_event_v4\batch_conveyor_done_02_rep15.result.txt,
DECOMPOSED_3CD,BATCH,CONVEYOR_DONE,2,after_second_bottle_transfer_to_rotary,16,DRAINED,DRAINED,NONE,True,4624.214,True,True,0.0,500,500.5409,10187.3885,-4158.593000000003,0,6738,6738,6738,11.62948,C:\Users\cta10\OneDrive\Desktop\part4\704\704GP1\Integration\Zhiyuan\experiment_runs_event_v4\batch_conveyor_done_02_rep16.result.txt,
DECOMPOSED_3CD,BATCH,CONVEYOR_DONE,2,after_second_bottle_transfer_to_rotary,17,DRAINED,DRAINED,NONE,True,4625.6571,True,True,0.0,500,500.0409,10197.1338,-4148.847700000002,0,6686,6686,6686,12.326282,C:\Users\cta10\OneDrive\Desktop\part4\704\704GP1\Integration\Zhiyuan\experiment_runs_event_v4\batch_conveyor_done_02_rep17.result.txt,
DECOMPOSED_3CD,BATCH,CONVEYOR_DONE,2,after_second_bottle_transfer_to_rotary,18,DRAINED,DRAINED,NONE,True,4621.1889,True,True,0.0,500,501.1235,10191.3711,-4154.610400000001,0,6709,6709,6709,11.673219,C:\Users\cta10\OneDrive\Desktop\part4\704\704GP1\Integration\Zhiyuan\experiment_runs_event_v4\batch_conveyor_done_02_rep18.result.txt,
DECOMPOSED_3CD,BATCH,CONVEYOR_DONE,2,after_second_bottle_transfer_to_rotary,19,DRAINED,DRAINED,NONE,True,4621.1853,True,True,0.0,500,500.0296,10186.8184,-4159.163100000002,0,6758,6758,6758,12.294587,C:\Users\cta10\OneDrive\Desktop\part4\704\704GP1\Integration\Zhiyuan\experiment_runs_event_v4\batch_conveyor_done_02_rep19.result.txt,
DECOMPOSED_3CD,BATCH,CONVEYOR_DONE,2,after_second_bottle_transfer_to_rotary,20,DRAINED,DRAINED,NONE,True,4618.0289,True,True,0.0,500,500.034,10197.7762,-4148.205300000001,0,6754,6754,6754,11.672397,C:\Users\cta10\OneDrive\Desktop\part4\704\704GP1\Integration\Zhiyuan\experiment_runs_event_v4\batch_conveyor_done_02_rep20.result.txt,
DECOMPOSED_3CD,BATCH,FILLER_DONE,2,after_second_bottle_fill,1,DRAINED,DRAINED,NONE,True,6179.1969,True,True,0.0,500,501.7133,10207.7301,-4138.251400000001,0,6599,6599,6599,12.293922,C:\Users\cta10\OneDrive\Desktop\part4\704\704GP1\Integration\Zhiyuan\experiment_runs_event_v4\batch_filler_done_02_rep01.result.txt,
DECOMPOSED_3CD,BATCH,FILLER_DONE,2,after_second_bottle_fill,2,EVENT_NOT_REACHED,FAULT,TABLE_ALIGNMENT_TIMEOUT,False,-1.0,False,False,-1.0,500,0.0,17065.8933,,0,11326,11326,11326,19.486854,C:\Users\cta10\OneDrive\Desktop\part4\704\704GP1\Integration\Zhiyuan\experiment_runs_event_v4\batch_filler_done_02_rep02.result.txt,
DECOMPOSED_3CD,BATCH,FILLER_DONE,2,after_second_bottle_fill,3,DRAINED,DRAINED,NONE,True,6163.6268,True,True,0.0,500,500.0943,10173.8451,-4172.136400000001,0,6721,6721,6721,12.279236,C:\Users\cta10\OneDrive\Desktop\part4\704\704GP1\Integration\Zhiyuan\experiment_runs_event_v4\batch_filler_done_02_rep03.result.txt,
DECOMPOSED_3CD,BATCH,FILLER_DONE,2,after_second_bottle_fill,4,DRAINED,DRAINED,NONE,True,6165.5049,True,True,0.0,500,500.2661,10183.5951,-4162.386400000001,0,6748,6748,6748,11.65947,C:\Users\cta10\OneDrive\Desktop\part4\704\704GP1\Integration\Zhiyuan\experiment_runs_event_v4\batch_filler_done_02_rep04.result.txt,
DECOMPOSED_3CD,BATCH,FILLER_DONE,2,after_second_bottle_fill,5,DRAINED,DRAINED,NONE,True,6175.3997,True,True,0.0,500,501.7499,10210.112,-4135.8695000000025,0,6562,6562,6562,12.37564,C:\Users\cta10\OneDrive\Desktop\part4\704\704GP1\Integration\Zhiyuan\experiment_runs_event_v4\batch_filler_done_02_rep05.result.txt,
DECOMPOSED_3CD,BATCH,FILLER_DONE,2,after_second_bottle_fill,6,DRAINED,DRAINED,NONE,True,6161.2468,True,True,0.0,500,500.8774,10183.4735,-4162.508000000002,0,6622,6622,6622,11.701129,C:\Users\cta10\OneDrive\Desktop\part4\704\704GP1\Integration\Zhiyuan\experiment_runs_event_v4\batch_filler_done_02_rep06.result.txt,
DECOMPOSED_3CD,BATCH,FILLER_DONE,2,after_second_bottle_fill,7,DRAINED,DRAINED,NONE,True,6171.3966,True,True,0.0,500,501.7129,10205.6775,-4140.304000000002,0,6598,6598,6598,12.302834,C:\Users\cta10\OneDrive\Desktop\part4\704\704GP1\Integration\Zhiyuan\experiment_runs_event_v4\batch_filler_done_02_rep07.result.txt,
DECOMPOSED_3CD,BATCH,FILLER_DONE,2,after_second_bottle_fill,8,DRAINED,DRAINED,NONE,True,6170.0923,True,True,0.0,500,500.0083,10201.4973,-4144.484200000001,0,6686,6686,6686,11.655264,C:\Users\cta10\OneDrive\Desktop\part4\704\704GP1\Integration\Zhiyuan\experiment_runs_event_v4\batch_filler_done_02_rep08.result.txt,
DECOMPOSED_3CD,BATCH,FILLER_DONE,2,after_second_bottle_fill,9,DRAINED,DRAINED,NONE,True,6159.2986,True,True,0.0,500,501.1824,10178.1375,-4167.844000000001,0,6764,6764,6764,12.292072,C:\Users\cta10\OneDrive\Desktop\part4\704\704GP1\Integration\Zhiyuan\experiment_runs_event_v4\batch_filler_done_02_rep09.result.txt,
DECOMPOSED_3CD,BATCH,FILLER_DONE,2,after_second_bottle_fill,10,DRAINED,DRAINED,NONE,True,6172.6717,True,True,0.0,500,501.3239,10194.7464,-4151.235100000002,0,6790,6790,6790,11.715434,C:\Users\cta10\OneDrive\Desktop\part4\704\704GP1\Integration\Zhiyuan\experiment_runs_event_v4\batch_filler_done_02_rep10.result.txt,
DECOMPOSED_3CD,BATCH,FILLER_DONE,2,after_second_bottle_fill,11,DRAINED,DRAINED,NONE,True,6168.0207,True,True,0.0,500,501.285,10185.754,-4160.227500000001,0,6670,6670,6670,12.266729,C:\Users\cta10\OneDrive\Desktop\part4\704\704GP1\Integration\Zhiyuan\experiment_runs_event_v4\batch_filler_done_02_rep11.result.txt,
DECOMPOSED_3CD,BATCH,FILLER_DONE,2,after_second_bottle_fill,12,DRAINED,DRAINED,NONE,True,6174.2354,True,True,0.0,500,500.7977,10199.2903,-4146.691200000001,0,6687,6687,6687,11.701775,C:\Users\cta10\OneDrive\Desktop\part4\704\704GP1\Integration\Zhiyuan\experiment_runs_event_v4\batch_filler_done_02_rep12.result.txt,
DECOMPOSED_3CD,BATCH,FILLER_DONE,2,after_second_bottle_fill,13,DRAINED,DRAINED,NONE,True,6165.2128,True,True,0.0,500,501.9644,10194.0388,-4151.942700000001,0,6714,6714,6714,12.313057,C:\Users\cta10\OneDrive\Desktop\part4\704\704GP1\Integration\Zhiyuan\experiment_runs_event_v4\batch_filler_done_02_rep13.result.txt,
DECOMPOSED_3CD,BATCH,FILLER_DONE,2,after_second_bottle_fill,14,DRAINED,DRAINED,NONE,True,6160.87,True,True,0.0,500,500.8704,10169.7659,-4176.215600000001,0,6622,6622,6622,11.63544,C:\Users\cta10\OneDrive\Desktop\part4\704\704GP1\Integration\Zhiyuan\experiment_runs_event_v4\batch_filler_done_02_rep14.result.txt,
DECOMPOSED_3CD,BATCH,FILLER_DONE,2,after_second_bottle_fill,15,DRAINED,DRAINED,NONE,True,6166.4165,True,True,0.0,500,500.0085,10193.2177,-4152.763800000002,0,6713,6713,6713,12.310186,C:\Users\cta10\OneDrive\Desktop\part4\704\704GP1\Integration\Zhiyuan\experiment_runs_event_v4\batch_filler_done_02_rep15.result.txt,
DECOMPOSED_3CD,BATCH,FILLER_DONE,2,after_second_bottle_fill,16,DRAINED,DRAINED,NONE,True,6170.1864,True,True,0.0,500,500.2112,10202.4293,-4143.552200000002,0,6747,6747,6747,11.69685,C:\Users\cta10\OneDrive\Desktop\part4\704\704GP1\Integration\Zhiyuan\experiment_runs_event_v4\batch_filler_done_02_rep16.result.txt,
DECOMPOSED_3CD,BATCH,FILLER_DONE,2,after_second_bottle_fill,17,EVENT_NOT_REACHED,FAULT,TABLE_ALIGNMENT_TIMEOUT,False,-1.0,False,False,-1.0,500,0.0,17068.3822,,0,11238,11238,11238,20.622655,C:\Users\cta10\OneDrive\Desktop\part4\704\704GP1\Integration\Zhiyuan\experiment_runs_event_v4\batch_filler_done_02_rep17.result.txt,
DECOMPOSED_3CD,BATCH,FILLER_DONE,2,after_second_bottle_fill,18,DRAINED,DRAINED,NONE,True,6167.3622,True,True,0.0,500,500.2313,10179.3586,-4166.622900000002,0,6733,6733,6733,11.690365,C:\Users\cta10\OneDrive\Desktop\part4\704\704GP1\Integration\Zhiyuan\experiment_runs_event_v4\batch_filler_done_02_rep18.result.txt,
DECOMPOSED_3CD,BATCH,FILLER_DONE,2,after_second_bottle_fill,19,DRAINED,DRAINED,NONE,True,6163.292,True,True,0.0,500,500.3275,10182.6816,-4163.299900000002,0,6755,6755,6755,12.29693,C:\Users\cta10\OneDrive\Desktop\part4\704\704GP1\Integration\Zhiyuan\experiment_runs_event_v4\batch_filler_done_02_rep19.result.txt,
DECOMPOSED_3CD,BATCH,FILLER_DONE,2,after_second_bottle_fill,20,DRAINED,DRAINED,NONE,True,6161.2076,True,True,0.0,500,501.2149,10179.9114,-4166.070100000001,0,6633,6633,6633,11.68318,C:\Users\cta10\OneDrive\Desktop\part4\704\704GP1\Integration\Zhiyuan\experiment_runs_event_v4\batch_filler_done_02_rep20.result.txt,
DECOMPOSED_3CD,BATCH,TABLE_ALIGNED,3,after_third_confirmed_rotation,1,DRAINED,DRAINED,NONE,True,6688.9665,True,True,0.0,500,500.52,10200.1109,-4145.870600000002,0,6531,6531,6531,12.357061,C:\Users\cta10\OneDrive\Desktop\part4\704\704GP1\Integration\Zhiyuan\experiment_runs_event_v4\batch_table_aligned_03_rep01.result.txt,
DECOMPOSED_3CD,BATCH,TABLE_ALIGNED,3,after_third_confirmed_rotation,2,DRAINED,DRAINED,NONE,True,6685.2302,True,True,0.0,500,500.5668,10190.6367,-4155.344800000003,0,6658,6658,6658,11.680202,C:\Users\cta10\OneDrive\Desktop\part4\704\704GP1\Integration\Zhiyuan\experiment_runs_event_v4\batch_table_aligned_03_rep02.result.txt,
DECOMPOSED_3CD,BATCH,TABLE_ALIGNED,3,after_third_confirmed_rotation,3,DRAINED,DRAINED,NONE,True,6675.7597,True,True,0.0,500,500.6616,10177.9496,-4168.031900000002,0,6685,6685,6685,12.287485,C:\Users\cta10\OneDrive\Desktop\part4\704\704GP1\Integration\Zhiyuan\experiment_runs_event_v4\batch_table_aligned_03_rep03.result.txt,
DECOMPOSED_3CD,BATCH,TABLE_ALIGNED,3,after_third_confirmed_rotation,4,DRAINED,DRAINED,NONE,True,6680.085,True,True,0.0,500,500.6571,10185.6899,-4160.291600000002,0,6691,6691,6691,11.703187,C:\Users\cta10\OneDrive\Desktop\part4\704\704GP1\Integration\Zhiyuan\experiment_runs_event_v4\batch_table_aligned_03_rep04.result.txt,
DECOMPOSED_3CD,BATCH,TABLE_ALIGNED,3,after_third_confirmed_rotation,5,DRAINED,DRAINED,NONE,True,6682.9215,True,True,0.0,500,500.5995,10183.3989,-4162.582600000002,0,6644,6644,6644,12.284139,C:\Users\cta10\OneDrive\Desktop\part4\704\704GP1\Integration\Zhiyuan\experiment_runs_event_v4\batch_table_aligned_03_rep05.result.txt,
DECOMPOSED_3CD,BATCH,TABLE_ALIGNED,3,after_third_confirmed_rotation,6,DRAINED,DRAINED,NONE,True,6677.9026,True,True,0.0,500,501.8503,10187.3078,-4158.673700000001,0,6668,6668,6668,11.662174,C:\Users\cta10\OneDrive\Desktop\part4\704\704GP1\Integration\Zhiyuan\experiment_runs_event_v4\batch_table_aligned_03_rep06.result.txt,
DECOMPOSED_3CD,BATCH,TABLE_ALIGNED,3,after_third_confirmed_rotation,7,DRAINED,DRAINED,NONE,True,6690.7471,True,True,0.0,500,500.3185,10197.3498,-4148.631700000002,0,6682,6682,6682,12.30584,C:\Users\cta10\OneDrive\Desktop\part4\704\704GP1\Integration\Zhiyuan\experiment_runs_event_v4\batch_table_aligned_03_rep07.result.txt,
DECOMPOSED_3CD,BATCH,TABLE_ALIGNED,3,after_third_confirmed_rotation,8,EVENT_NOT_REACHED,FAULT,TABLE_ALIGNMENT_TIMEOUT,False,-1.0,False,False,-1.0,500,0.0,17062.9663,,0,11238,11238,11238,20.579647,C:\Users\cta10\OneDrive\Desktop\part4\704\704GP1\Integration\Zhiyuan\experiment_runs_event_v4\batch_table_aligned_03_rep08.result.txt,
DECOMPOSED_3CD,BATCH,TABLE_ALIGNED,3,after_third_confirmed_rotation,9,DRAINED,DRAINED,NONE,True,6687.2504,True,True,0.0,500,501.1432,10174.0384,-4171.943100000002,0,6687,6687,6687,12.3209,C:\Users\cta10\OneDrive\Desktop\part4\704\704GP1\Integration\Zhiyuan\experiment_runs_event_v4\batch_table_aligned_03_rep09.result.txt,
DECOMPOSED_3CD,BATCH,TABLE_ALIGNED,3,after_third_confirmed_rotation,10,DRAINED,DRAINED,NONE,True,6688.38,True,True,0.0,500,500.4031,10195.8091,-4150.172400000001,0,6689,6689,6689,11.698854,C:\Users\cta10\OneDrive\Desktop\part4\704\704GP1\Integration\Zhiyuan\experiment_runs_event_v4\batch_table_aligned_03_rep10.result.txt,
DECOMPOSED_3CD,BATCH,TABLE_ALIGNED,3,after_third_confirmed_rotation,11,DRAINED,DRAINED,NONE,True,6683.7235,True,True,0.0,500,500.2122,10179.8383,-4166.143200000002,0,6627,6627,6627,12.296231,C:\Users\cta10\OneDrive\Desktop\part4\704\704GP1\Integration\Zhiyuan\experiment_runs_event_v4\batch_table_aligned_03_rep11.result.txt,
DECOMPOSED_3CD,BATCH,TABLE_ALIGNED,3,after_third_confirmed_rotation,12,DRAINED,DRAINED,NONE,True,6688.4894,True,True,0.0,500,502.0544,10195.9318,-4150.049700000001,0,6669,6669,6669,11.670534,C:\Users\cta10\OneDrive\Desktop\part4\704\704GP1\Integration\Zhiyuan\experiment_runs_event_v4\batch_table_aligned_03_rep12.result.txt,
DECOMPOSED_3CD,BATCH,TABLE_ALIGNED,3,after_third_confirmed_rotation,13,DRAINED,DRAINED,NONE,True,6684.7874,True,True,0.0,500,500.3618,10190.6831,-4155.2984000000015,0,6614,6614,6614,12.293782,C:\Users\cta10\OneDrive\Desktop\part4\704\704GP1\Integration\Zhiyuan\experiment_runs_event_v4\batch_table_aligned_03_rep13.result.txt,
DECOMPOSED_3CD,BATCH,TABLE_ALIGNED,3,after_third_confirmed_rotation,14,DRAINED,DRAINED,NONE,True,6673.698,True,True,0.0,500,500.4467,10174.7607,-4171.220800000001,0,6710,6710,6710,11.657239,C:\Users\cta10\OneDrive\Desktop\part4\704\704GP1\Integration\Zhiyuan\experiment_runs_event_v4\batch_table_aligned_03_rep14.result.txt,
DECOMPOSED_3CD,BATCH,TABLE_ALIGNED,3,after_third_confirmed_rotation,15,DRAINED,DRAINED,NONE,True,6684.209,True,True,0.0,500,500.3121,10196.1617,-4149.819800000001,0,6709,6709,6709,12.334173,C:\Users\cta10\OneDrive\Desktop\part4\704\704GP1\Integration\Zhiyuan\experiment_runs_event_v4\batch_table_aligned_03_rep15.result.txt,
DECOMPOSED_3CD,BATCH,TABLE_ALIGNED,3,after_third_confirmed_rotation,16,EVENT_NOT_REACHED,FAULT,TABLE_ALIGNMENT_TIMEOUT,False,-1.0,False,False,-1.0,500,0.0,17071.1494,,0,11133,11133,11133,19.98776,C:\Users\cta10\OneDrive\Desktop\part4\704\704GP1\Integration\Zhiyuan\experiment_runs_event_v4\batch_table_aligned_03_rep16.result.txt,
DECOMPOSED_3CD,BATCH,TABLE_ALIGNED,3,after_third_confirmed_rotation,17,DRAINED,DRAINED,NONE,True,6681.8044,True,True,0.0,500,500.2295,10198.046,-4147.935500000001,0,6760,6760,6760,12.319386,C:\Users\cta10\OneDrive\Desktop\part4\704\704GP1\Integration\Zhiyuan\experiment_runs_event_v4\batch_table_aligned_03_rep17.result.txt,
DECOMPOSED_3CD,BATCH,TABLE_ALIGNED,3,after_third_confirmed_rotation,18,DRAINED,DRAINED,NONE,True,6678.2846,True,True,0.0,500,500.7042,10191.5171,-4154.464400000003,0,6756,6756,6756,11.671792,C:\Users\cta10\OneDrive\Desktop\part4\704\704GP1\Integration\Zhiyuan\experiment_runs_event_v4\batch_table_aligned_03_rep18.result.txt,
DECOMPOSED_3CD,BATCH,TABLE_ALIGNED,3,after_third_confirmed_rotation,19,DRAINED,DRAINED,NONE,True,6690.2204,True,True,0.0,500,500.7016,10196.6935,-4149.288000000002,0,6711,6711,6711,12.322126,C:\Users\cta10\OneDrive\Desktop\part4\704\704GP1\Integration\Zhiyuan\experiment_runs_event_v4\batch_table_aligned_03_rep19.result.txt,
DECOMPOSED_3CD,BATCH,TABLE_ALIGNED,3,after_third_confirmed_rotation,20,DRAINED,DRAINED,NONE,True,6677.2381,True,True,0.0,500,501.2297,10180.8359,-4165.145600000002,0,6744,6744,6744,11.634727,C:\Users\cta10\OneDrive\Desktop\part4\704\704GP1\Integration\Zhiyuan\experiment_runs_event_v4\batch_table_aligned_03_rep20.result.txt,
DECOMPOSED_3CD,BATCH,TABLE_ALIGNED,5,after_fifth_confirmed_rotation,1,DRAINED,DRAINED,NONE,True,8907.9299,True,True,0.0,500,500.009,10179.1345,-4166.847000000002,0,6849,6849,6849,12.270203,C:\Users\cta10\OneDrive\Desktop\part4\704\704GP1\Integration\Zhiyuan\experiment_runs_event_v4\batch_table_aligned_05_rep01.result.txt,
DECOMPOSED_3CD,BATCH,TABLE_ALIGNED,5,after_fifth_confirmed_rotation,2,EVENT_NOT_REACHED,FAULT,TABLE_ALIGNMENT_TIMEOUT,False,-1.0,False,False,-1.0,500,0.0,17067.5817,,0,11417,11417,11417,20.538627,C:\Users\cta10\OneDrive\Desktop\part4\704\704GP1\Integration\Zhiyuan\experiment_runs_event_v4\batch_table_aligned_05_rep02.result.txt,
DECOMPOSED_3CD,BATCH,TABLE_ALIGNED,5,after_fifth_confirmed_rotation,3,DRAINED,DRAINED,NONE,True,8904.5129,True,True,0.0,500,500.714,10178.2681,-4167.713400000002,0,6782,6782,6782,12.275973,C:\Users\cta10\OneDrive\Desktop\part4\704\704GP1\Integration\Zhiyuan\experiment_runs_event_v4\batch_table_aligned_05_rep03.result.txt,
DECOMPOSED_3CD,BATCH,TABLE_ALIGNED,5,after_fifth_confirmed_rotation,4,DRAINED,DRAINED,NONE,True,8906.5245,True,True,0.0,500,501.187,10175.7817,-4170.199800000002,0,6812,6812,6812,11.695608,C:\Users\cta10\OneDrive\Desktop\part4\704\704GP1\Integration\Zhiyuan\experiment_runs_event_v4\batch_table_aligned_05_rep04.result.txt,
DECOMPOSED_3CD,BATCH,TABLE_ALIGNED,5,after_fifth_confirmed_rotation,5,DRAINED,DRAINED,NONE,True,8919.9674,True,True,0.0,500,500.3197,10204.509,-4141.472500000002,0,6605,6605,6605,12.296569,C:\Users\cta10\OneDrive\Desktop\part4\704\704GP1\Integration\Zhiyuan\experiment_runs_event_v4\batch_table_aligned_05_rep05.result.txt,
DECOMPOSED_3CD,BATCH,TABLE_ALIGNED,5,after_fifth_confirmed_rotation,6,DRAINED,DRAINED,NONE,True,8936.1117,True,True,0.0,500,500.6878,10216.6571,-4129.324400000001,0,6616,6616,6616,11.710557,C:\Users\cta10\OneDrive\Desktop\part4\704\704GP1\Integration\Zhiyuan\experiment_runs_event_v4\batch_table_aligned_05_rep06.result.txt,
DECOMPOSED_3CD,BATCH,TABLE_ALIGNED,5,after_fifth_confirmed_rotation,7,DRAINED,DRAINED,NONE,True,8911.1661,True,True,0.0,500,500.9551,10177.3453,-4168.636200000001,0,6896,6896,6896,12.269126,C:\Users\cta10\OneDrive\Desktop\part4\704\704GP1\Integration\Zhiyuan\experiment_runs_event_v4\batch_table_aligned_05_rep07.result.txt,
DECOMPOSED_3CD,BATCH,TABLE_ALIGNED,5,after_fifth_confirmed_rotation,8,EVENT_NOT_REACHED,FAULT,TABLE_ALIGNMENT_TIMEOUT,False,-1.0,False,False,-1.0,500,0.0,23405.7058,,0,15926,15926,15926,26.523343,C:\Users\cta10\OneDrive\Desktop\part4\704\704GP1\Integration\Zhiyuan\experiment_runs_event_v4\batch_table_aligned_05_rep08.result.txt,
DECOMPOSED_3CD,BATCH,TABLE_ALIGNED,5,after_fifth_confirmed_rotation,9,DRAINED,DRAINED,NONE,True,8909.7927,True,True,0.0,500,501.8741,10179.8101,-4166.171400000001,0,6863,6863,6863,12.289823,C:\Users\cta10\OneDrive\Desktop\part4\704\704GP1\Integration\Zhiyuan\experiment_runs_event_v4\batch_table_aligned_05_rep09.result.txt,
DECOMPOSED_3CD,BATCH,TABLE_ALIGNED,5,after_fifth_confirmed_rotation,10,DRAINED,DRAINED,NONE,True,8906.2494,True,True,0.0,500,500.6209,10174.5567,-4171.4248000000025,0,6843,6843,6843,11.658365,C:\Users\cta10\OneDrive\Desktop\part4\704\704GP1\Integration\Zhiyuan\experiment_runs_event_v4\batch_table_aligned_05_rep10.result.txt,
DECOMPOSED_3CD,BATCH,TABLE_ALIGNED,5,after_fifth_confirmed_rotation,11,DRAINED,DRAINED,NONE,True,8907.3662,True,True,0.0,500,500.8889,10176.771,-4169.210500000001,0,6695,6695,6695,12.271578,C:\Users\cta10\OneDrive\Desktop\part4\704\704GP1\Integration\Zhiyuan\experiment_runs_event_v4\batch_table_aligned_05_rep11.result.txt,
DECOMPOSED_3CD,BATCH,TABLE_ALIGNED,5,after_fifth_confirmed_rotation,12,DRAINED,DRAINED,NONE,True,8902.363,True,True,0.0,500,500.5469,10169.1227,-4176.858800000002,0,6727,6727,6727,11.63386,C:\Users\cta10\OneDrive\Desktop\part4\704\704GP1\Integration\Zhiyuan\experiment_runs_event_v4\batch_table_aligned_05_rep12.result.txt,
DECOMPOSED_3CD,BATCH,TABLE_ALIGNED,5,after_fifth_confirmed_rotation,13,DRAINED,DRAINED,NONE,True,8915.1708,True,True,0.0,500,500.2156,10183.9138,-4162.067700000001,0,6826,6826,6826,12.290495,C:\Users\cta10\OneDrive\Desktop\part4\704\704GP1\Integration\Zhiyuan\experiment_runs_event_v4\batch_table_aligned_05_rep13.result.txt,
DECOMPOSED_3CD,BATCH,TABLE_ALIGNED,5,after_fifth_confirmed_rotation,14,DRAINED,DRAINED,NONE,True,8911.9011,True,True,0.0,500,501.8394,10193.9198,-4152.061700000002,0,6756,6756,6756,11.706067,C:\Users\cta10\OneDrive\Desktop\part4\704\704GP1\Integration\Zhiyuan\experiment_runs_event_v4\batch_table_aligned_05_rep14.result.txt,
DECOMPOSED_3CD,BATCH,TABLE_ALIGNED,5,after_fifth_confirmed_rotation,15,DRAINED,DRAINED,NONE,True,8901.2068,True,True,0.0,500,501.8778,10180.3189,-4165.6626000000015,0,6740,6740,6740,12.280777,C:\Users\cta10\OneDrive\Desktop\part4\704\704GP1\Integration\Zhiyuan\experiment_runs_event_v4\batch_table_aligned_05_rep15.result.txt,
DECOMPOSED_3CD,BATCH,TABLE_ALIGNED,5,after_fifth_confirmed_rotation,16,DRAINED,DRAINED,NONE,True,8915.8469,True,True,0.0,500,500.3281,10187.4358,-4158.545700000002,0,6781,6781,6781,11.672405,C:\Users\cta10\OneDrive\Desktop\part4\704\704GP1\Integration\Zhiyuan\experiment_runs_event_v4\batch_table_aligned_05_rep16.result.txt,
DECOMPOSED_3CD,BATCH,TABLE_ALIGNED,5,after_fifth_confirmed_rotation,17,EVENT_NOT_REACHED,FAULT,TABLE_ALIGNMENT_TIMEOUT,False,-1.0,False,False,-1.0,500,0.0,17061.3677,,0,11635,11635,11635,20.646858,C:\Users\cta10\OneDrive\Desktop\part4\704\704GP1\Integration\Zhiyuan\experiment_runs_event_v4\batch_table_aligned_05_rep17.result.txt,
DECOMPOSED_3CD,BATCH,TABLE_ALIGNED,5,after_fifth_confirmed_rotation,18,EVENT_NOT_REACHED,FAULT,TABLE_ALIGNMENT_TIMEOUT,False,-1.0,False,False,-1.0,500,0.0,21785.6658,,0,14523,14523,14523,24.531613,C:\Users\cta10\OneDrive\Desktop\part4\704\704GP1\Integration\Zhiyuan\experiment_runs_event_v4\batch_table_aligned_05_rep18.result.txt,
DECOMPOSED_3CD,BATCH,TABLE_ALIGNED,5,after_fifth_confirmed_rotation,19,DRAINED,DRAINED,NONE,True,8916.4728,True,True,0.0,500,500.9635,10184.86,-4161.121500000001,0,6704,6704,6704,12.293976,C:\Users\cta10\OneDrive\Desktop\part4\704\704GP1\Integration\Zhiyuan\experiment_runs_event_v4\batch_table_aligned_05_rep19.result.txt,
DECOMPOSED_3CD,BATCH,TABLE_ALIGNED,5,after_fifth_confirmed_rotation,20,DRAINED,DRAINED,NONE,True,8904.7265,True,True,0.0,500,501.474,10176.0502,-4169.931300000002,0,6710,6710,6710,11.670283,C:\Users\cta10\OneDrive\Desktop\part4\704\704GP1\Integration\Zhiyuan\experiment_runs_event_v4\batch_table_aligned_05_rep20.result.txt,
DECOMPOSED_3CD,PRODUCTION,BATCH_ACCEPTED,1,after_valid_B2_acceptance,1,DRAINED,DRAINED,NONE,True,0.0686,True,True,0.0,500,500.8431,10679.8679,-3666.1136000000024,0,6983,6983,6983,12.772309,C:\Users\cta10\OneDrive\Desktop\part4\704\704GP1\Integration\Zhiyuan\experiment_runs_event_v4\production_batch_accepted_01_rep01.result.txt,
DECOMPOSED_3CD,PRODUCTION,BATCH_ACCEPTED,1,after_valid_B2_acceptance,2,FAULT,FAULT,TABLE_ALIGNMENT_TIMEOUT,True,0.0816,True,True,0.0,500,500.1429,17560.5489,,0,11425,11425,11425,20.526262,C:\Users\cta10\OneDrive\Desktop\part4\704\704GP1\Integration\Zhiyuan\experiment_runs_event_v4\production_batch_accepted_01_rep02.result.txt,
DECOMPOSED_3CD,PRODUCTION,BATCH_ACCEPTED,1,after_valid_B2_acceptance,3,DRAINED,DRAINED,NONE,True,0.0573,True,True,0.0,500,500.6351,10682.1995,-3663.782000000001,0,6924,6924,6924,12.994719,C:\Users\cta10\OneDrive\Desktop\part4\704\704GP1\Integration\Zhiyuan\experiment_runs_event_v4\production_batch_accepted_01_rep03.result.txt,
DECOMPOSED_3CD,PRODUCTION,BATCH_ACCEPTED,1,after_valid_B2_acceptance,4,FAULT,FAULT,TABLE_ALIGNMENT_TIMEOUT,True,0.0454,True,True,0.0,500,500.5642,17556.4863,,0,11635,11635,11635,20.024807,C:\Users\cta10\OneDrive\Desktop\part4\704\704GP1\Integration\Zhiyuan\experiment_runs_event_v4\production_batch_accepted_01_rep04.result.txt,
DECOMPOSED_3CD,PRODUCTION,BATCH_ACCEPTED,1,after_valid_B2_acceptance,5,DRAINED,DRAINED,NONE,True,0.0513,True,True,0.0,500,500.0096,10649.3508,-3696.6307000000015,0,7124,7124,7124,12.757156,C:\Users\cta10\OneDrive\Desktop\part4\704\704GP1\Integration\Zhiyuan\experiment_runs_event_v4\production_batch_accepted_01_rep05.result.txt,
DECOMPOSED_3CD,PRODUCTION,BATCH_ACCEPTED,1,after_valid_B2_acceptance,6,DRAINED,DRAINED,NONE,True,0.0677,True,True,0.0,500,501.3142,10658.9693,-3687.012200000001,0,7026,7026,7026,12.180949,C:\Users\cta10\OneDrive\Desktop\part4\704\704GP1\Integration\Zhiyuan\experiment_runs_event_v4\production_batch_accepted_01_rep06.result.txt,
DECOMPOSED_3CD,PRODUCTION,BATCH_ACCEPTED,1,after_valid_B2_acceptance,7,DRAINED,DRAINED,NONE,True,0.0861,True,True,0.0,500,500.7024,10664.4731,-3681.5084000000024,0,7120,7120,7120,12.774397,C:\Users\cta10\OneDrive\Desktop\part4\704\704GP1\Integration\Zhiyuan\experiment_runs_event_v4\production_batch_accepted_01_rep07.result.txt,
DECOMPOSED_3CD,PRODUCTION,BATCH_ACCEPTED,1,after_valid_B2_acceptance,8,DRAINED,DRAINED,NONE,True,0.0485,True,True,0.0,500,500.5149,10694.116,-3651.8655000000017,0,7016,7016,7016,12.212291,C:\Users\cta10\OneDrive\Desktop\part4\704\704GP1\Integration\Zhiyuan\experiment_runs_event_v4\production_batch_accepted_01_rep08.result.txt,
DECOMPOSED_3CD,PRODUCTION,BATCH_ACCEPTED,1,after_valid_B2_acceptance,9,DRAINED,DRAINED,NONE,True,0.0847,True,True,0.0,500,501.9671,10688.1152,-3657.8663000000015,0,6993,6993,6993,12.765557,C:\Users\cta10\OneDrive\Desktop\part4\704\704GP1\Integration\Zhiyuan\experiment_runs_event_v4\production_batch_accepted_01_rep09.result.txt,
DECOMPOSED_3CD,PRODUCTION,BATCH_ACCEPTED,1,after_valid_B2_acceptance,10,DRAINED,DRAINED,NONE,True,0.0762,True,True,0.0,500,501.0804,10681.1221,-3664.859400000001,0,7073,7073,7073,12.19232,C:\Users\cta10\OneDrive\Desktop\part4\704\704GP1\Integration\Zhiyuan\experiment_runs_event_v4\production_batch_accepted_01_rep10.result.txt,
DECOMPOSED_3CD,PRODUCTION,BATCH_ACCEPTED,1,after_valid_B2_acceptance,11,DRAINED,DRAINED,NONE,True,0.0794,True,True,0.0,500,501.3841,10675.8425,-3670.139000000001,0,7058,7058,7058,12.793205,C:\Users\cta10\OneDrive\Desktop\part4\704\704GP1\Integration\Zhiyuan\experiment_runs_event_v4\production_batch_accepted_01_rep11.result.txt,
DECOMPOSED_3CD,PRODUCTION,BATCH_ACCEPTED,1,after_valid_B2_acceptance,12,FAULT,FAULT,TABLE_ALIGNMENT_TIMEOUT,True,0.0672,True,True,0.0,500,500.8384,17560.3228,,0,11574,11574,11574,21.018685,C:\Users\cta10\OneDrive\Desktop\part4\704\704GP1\Integration\Zhiyuan\experiment_runs_event_v4\production_batch_accepted_01_rep12.result.txt,
DECOMPOSED_3CD,PRODUCTION,BATCH_ACCEPTED,1,after_valid_B2_acceptance,13,DRAINED,DRAINED,NONE,True,0.0729,True,True,0.0,500,501.9322,10663.8419,-3682.1396000000022,0,7084,7084,7084,12.788973,C:\Users\cta10\OneDrive\Desktop\part4\704\704GP1\Integration\Zhiyuan\experiment_runs_event_v4\production_batch_accepted_01_rep13.result.txt,
DECOMPOSED_3CD,PRODUCTION,BATCH_ACCEPTED,1,after_valid_B2_acceptance,14,FAULT,FAULT,TABLE_ALIGNMENT_TIMEOUT,True,0.0597,True,True,0.0,500,500.0598,17553.6441,,0,11577,11577,11577,21.562085,C:\Users\cta10\OneDrive\Desktop\part4\704\704GP1\Integration\Zhiyuan\experiment_runs_event_v4\production_batch_accepted_01_rep14.result.txt,
DECOMPOSED_3CD,PRODUCTION,BATCH_ACCEPTED,1,after_valid_B2_acceptance,15,DRAINED,DRAINED,NONE,True,0.0963,True,True,0.0,500,500.1999,10663.1571,-3682.8244000000013,0,7085,7085,7085,12.790019,C:\Users\cta10\OneDrive\Desktop\part4\704\704GP1\Integration\Zhiyuan\experiment_runs_event_v4\production_batch_accepted_01_rep15.result.txt,
DECOMPOSED_3CD,PRODUCTION,BATCH_ACCEPTED,1,after_valid_B2_acceptance,16,DRAINED,DRAINED,NONE,True,0.0474,True,True,0.0,500,500.2812,10655.8637,-3690.117800000002,0,7047,7047,7047,12.13925,C:\Users\cta10\OneDrive\Desktop\part4\704\704GP1\Integration\Zhiyuan\experiment_runs_event_v4\production_batch_accepted_01_rep16.result.txt,
DECOMPOSED_3CD,PRODUCTION,BATCH_ACCEPTED,1,after_valid_B2_acceptance,17,FAULT,FAULT,TABLE_ALIGNMENT_TIMEOUT,True,0.068,True,True,0.0,500,500.4288,17564.8355,,0,11527,11527,11527,21.629215,C:\Users\cta10\OneDrive\Desktop\part4\704\704GP1\Integration\Zhiyuan\experiment_runs_event_v4\production_batch_accepted_01_rep17.result.txt,
DECOMPOSED_3CD,PRODUCTION,BATCH_ACCEPTED,1,after_valid_B2_acceptance,18,DRAINED,DRAINED,NONE,True,0.0529,True,True,0.0,500,501.1309,10680.8519,-3665.129600000002,0,7222,7222,7222,12.19914,C:\Users\cta10\OneDrive\Desktop\part4\704\704GP1\Integration\Zhiyuan\experiment_runs_event_v4\production_batch_accepted_01_rep18.result.txt,
DECOMPOSED_3CD,PRODUCTION,BATCH_ACCEPTED,1,after_valid_B2_acceptance,19,DRAINED,DRAINED,NONE,True,0.0702,True,True,0.0,500,500.8337,10674.4539,-3671.5276000000013,0,6983,6983,6983,12.796165,C:\Users\cta10\OneDrive\Desktop\part4\704\704GP1\Integration\Zhiyuan\experiment_runs_event_v4\production_batch_accepted_01_rep19.result.txt,
DECOMPOSED_3CD,PRODUCTION,BATCH_ACCEPTED,1,after_valid_B2_acceptance,20,DRAINED,DRAINED,NONE,True,0.0896,True,True,0.0,500,500.2502,10683.5068,-3662.4747000000025,0,6903,6903,6903,12.197067,C:\Users\cta10\OneDrive\Desktop\part4\704\704GP1\Integration\Zhiyuan\experiment_runs_event_v4\production_batch_accepted_01_rep20.result.txt,
DECOMPOSED_3CD,PRODUCTION,LOADER_DONE,1,after_first_bottle_admitted,1,DRAINED,DRAINED,NONE,True,1039.2642,True,True,0.0,500,500.3902,10678.169,-3667.812500000002,0,7171,7171,7171,12.777128,C:\Users\cta10\OneDrive\Desktop\part4\704\704GP1\Integration\Zhiyuan\experiment_runs_event_v4\production_loader_done_01_rep01.result.txt,
DECOMPOSED_3CD,PRODUCTION,LOADER_DONE,1,after_first_bottle_admitted,2,DRAINED,DRAINED,NONE,True,1036.8336,True,True,0.0,500,500.5657,10661.0116,-3684.969900000002,0,7091,7091,7091,12.187642,C:\Users\cta10\OneDrive\Desktop\part4\704\704GP1\Integration\Zhiyuan\experiment_runs_event_v4\production_loader_done_01_rep02.result.txt,
DECOMPOSED_3CD,PRODUCTION,LOADER_DONE,1,after_first_bottle_admitted,3,DRAINED,DRAINED,NONE,True,1036.8761,True,True,0.0,500,500.3306,10669.5699,-3676.4116000000013,0,7185,7185,7185,12.789989,C:\Users\cta10\OneDrive\Desktop\part4\704\704GP1\Integration\Zhiyuan\experiment_runs_event_v4\production_loader_done_01_rep03.result.txt,
DECOMPOSED_3CD,PRODUCTION,LOADER_DONE,1,after_first_bottle_admitted,4,DRAINED,DRAINED,NONE,True,1033.7717,True,True,0.0,500,501.0267,10668.7678,-3677.213700000002,0,7171,7171,7171,12.175214,C:\Users\cta10\OneDrive\Desktop\part4\704\704GP1\Integration\Zhiyuan\experiment_runs_event_v4\production_loader_done_01_rep04.result.txt,
DECOMPOSED_3CD,PRODUCTION,LOADER_DONE,1,after_first_bottle_admitted,5,DRAINED,DRAINED,NONE,True,1036.6801,True,True,0.0,500,500.8922,10686.479,-3659.5025000000023,0,7095,7095,7095,12.794564,C:\Users\cta10\OneDrive\Desktop\part4\704\704GP1\Integration\Zhiyuan\experiment_runs_event_v4\production_loader_done_01_rep05.result.txt,
DECOMPOSED_3CD,PRODUCTION,LOADER_DONE,1,after_first_bottle_admitted,6,FAULT,FAULT,TABLE_ALIGNMENT_TIMEOUT,True,1036.0954,True,True,0.0,500,501.3754,17569.2673,,0,11735,11735,11735,21.586957,C:\Users\cta10\OneDrive\Desktop\part4\704\704GP1\Integration\Zhiyuan\experiment_runs_event_v4\production_loader_done_01_rep06.result.txt,
DECOMPOSED_3CD,PRODUCTION,LOADER_DONE,1,after_first_bottle_admitted,7,DRAINED,DRAINED,NONE,True,1036.5085,True,True,0.0,500,501.1815,10674.7368,-3671.244700000001,0,7054,7054,7054,12.818755,C:\Users\cta10\OneDrive\Desktop\part4\704\704GP1\Integration\Zhiyuan\experiment_runs_event_v4\production_loader_done_01_rep07.result.txt,
DECOMPOSED_3CD,PRODUCTION,LOADER_DONE,1,after_first_bottle_admitted,8,DRAINED,DRAINED,NONE,True,1035.5325,True,True,0.0,500,501.0476,10678.3899,-3667.5916000000016,0,6928,6928,6928,12.158283,C:\Users\cta10\OneDrive\Desktop\part4\704\704GP1\Integration\Zhiyuan\experiment_runs_event_v4\production_loader_done_01_rep08.result.txt,
DECOMPOSED_3CD,PRODUCTION,LOADER_DONE,1,after_first_bottle_admitted,9,DRAINED,DRAINED,NONE,True,1034.0887,True,True,0.0,500,501.3733,10687.9231,-3658.0584000000017,0,6983,6983,6983,12.791939,C:\Users\cta10\OneDrive\Desktop\part4\704\704GP1\Integration\Zhiyuan\experiment_runs_event_v4\production_loader_done_01_rep09.result.txt,
DECOMPOSED_3CD,PRODUCTION,LOADER_DONE,1,after_first_bottle_admitted,10,FAULT,FAULT,TABLE_ALIGNMENT_TIMEOUT,True,1032.5987,True,True,0.0,500,500.5817,17561.4066,,0,11699,11699,11699,21.534034,C:\Users\cta10\OneDrive\Desktop\part4\704\704GP1\Integration\Zhiyuan\experiment_runs_event_v4\production_loader_done_01_rep10.result.txt,
DECOMPOSED_3CD,PRODUCTION,LOADER_DONE,1,after_first_bottle_admitted,11,DRAINED,DRAINED,NONE,True,1034.8005,True,True,0.0,500,500.5247,10652.6444,-3693.3371000000025,0,7120,7120,7120,12.766254,C:\Users\cta10\OneDrive\Desktop\part4\704\704GP1\Integration\Zhiyuan\experiment_runs_event_v4\production_loader_done_01_rep11.result.txt,
DECOMPOSED_3CD,PRODUCTION,LOADER_DONE,1,after_first_bottle_admitted,12,FAULT,FAULT,TABLE_ALIGNMENT_TIMEOUT,True,1030.2324,True,True,0.0,500,501.6204,17560.8336,,0,11731,11731,11731,21.549634,C:\Users\cta10\OneDrive\Desktop\part4\704\704GP1\Integration\Zhiyuan\experiment_runs_event_v4\production_loader_done_01_rep12.result.txt,
DECOMPOSED_3CD,PRODUCTION,LOADER_DONE,1,after_first_bottle_admitted,13,DRAINED,DRAINED,NONE,True,1030.637,True,True,0.0,500,500.4246,10670.5218,-3675.4597000000012,0,7064,7064,7064,12.79628,C:\Users\cta10\OneDrive\Desktop\part4\704\704GP1\Integration\Zhiyuan\experiment_runs_event_v4\production_loader_done_01_rep13.result.txt,
DECOMPOSED_3CD,PRODUCTION,LOADER_DONE,1,after_first_bottle_admitted,14,DRAINED,DRAINED,NONE,True,1035.0497,True,True,0.0,500,500.4029,10679.654,-3666.3275000000012,0,6943,6943,6943,12.226074,C:\Users\cta10\OneDrive\Desktop\part4\704\704GP1\Integration\Zhiyuan\experiment_runs_event_v4\production_loader_done_01_rep14.result.txt,
DECOMPOSED_3CD,PRODUCTION,LOADER_DONE,1,after_first_bottle_admitted,15,FAULT,FAULT,TABLE_ALIGNMENT_TIMEOUT,True,1038.0487,True,True,0.0,500,500.8284,17569.7333,,0,11598,11598,11598,21.143679,C:\Users\cta10\OneDrive\Desktop\part4\704\704GP1\Integration\Zhiyuan\experiment_runs_event_v4\production_loader_done_01_rep15.result.txt,
DECOMPOSED_3CD,PRODUCTION,LOADER_DONE,1,after_first_bottle_admitted,16,DRAINED,DRAINED,NONE,True,1041.7646,True,True,0.0,500,501.9399,10674.1711,-3671.810400000002,0,7056,7056,7056,12.205181,C:\Users\cta10\OneDrive\Desktop\part4\704\704GP1\Integration\Zhiyuan\experiment_runs_event_v4\production_loader_done_01_rep16.result.txt,
DECOMPOSED_3CD,PRODUCTION,LOADER_DONE,1,after_first_bottle_admitted,17,DRAINED,DRAINED,NONE,True,1034.7084,True,True,0.0,500,500.463,10699.409,-3646.572500000002,0,7000,7000,7000,12.799217,C:\Users\cta10\OneDrive\Desktop\part4\704\704GP1\Integration\Zhiyuan\experiment_runs_event_v4\production_loader_done_01_rep17.result.txt,
DECOMPOSED_3CD,PRODUCTION,LOADER_DONE,1,after_first_bottle_admitted,18,DRAINED,DRAINED,NONE,True,1033.1325,True,True,0.0,500,500.7248,10678.286,-3667.6955000000016,0,6993,6993,6993,12.161495,C:\Users\cta10\OneDrive\Desktop\part4\704\704GP1\Integration\Zhiyuan\experiment_runs_event_v4\production_loader_done_01_rep18.result.txt,
DECOMPOSED_3CD,PRODUCTION,LOADER_DONE,1,after_first_bottle_admitted,19,FAULT,FAULT,TABLE_ALIGNMENT_TIMEOUT,True,1040.5413,True,True,0.0,500,501.83,20140.4391,,0,13332,13332,13332,24.135175,C:\Users\cta10\OneDrive\Desktop\part4\704\704GP1\Integration\Zhiyuan\experiment_runs_event_v4\production_loader_done_01_rep19.result.txt,
DECOMPOSED_3CD,PRODUCTION,LOADER_DONE,1,after_first_bottle_admitted,20,FAULT,FAULT,TABLE_ALIGNMENT_TIMEOUT,True,1039.8248,True,True,0.0,500,500.9392,17577.8227,,0,11583,11583,11583,21.035156,C:\Users\cta10\OneDrive\Desktop\part4\704\704GP1\Integration\Zhiyuan\experiment_runs_event_v4\production_loader_done_01_rep20.result.txt,
DECOMPOSED_3CD,PRODUCTION,CONVEYOR_DONE,1,after_first_bottle_transfer_to_rotary,1,FAULT,FAULT,TABLE_ALIGNMENT_TIMEOUT,True,2058.0089,True,True,0.0,500,501.6952,17567.0868,,0,11608,11608,11608,21.188465,C:\Users\cta10\OneDrive\Desktop\part4\704\704GP1\Integration\Zhiyuan\experiment_runs_event_v4\production_conveyor_done_01_rep01.result.txt,
DECOMPOSED_3CD,PRODUCTION,CONVEYOR_DONE,1,after_first_bottle_transfer_to_rotary,2,DRAINED,DRAINED,NONE,True,2061.6169,True,True,0.0,500,500.8191,10671.1672,-3674.814300000002,0,7175,7175,7175,12.171336,C:\Users\cta10\OneDrive\Desktop\part4\704\704GP1\Integration\Zhiyuan\experiment_runs_event_v4\production_conveyor_done_01_rep02.result.txt,
DECOMPOSED_3CD,PRODUCTION,CONVEYOR_DONE,1,after_first_bottle_transfer_to_rotary,3,DRAINED,DRAINED,NONE,True,2059.6827,True,True,0.0,500,500.8821,10692.9207,-3653.060800000001,0,7027,7027,7027,12.820154,C:\Users\cta10\OneDrive\Desktop\part4\704\704GP1\Integration\Zhiyuan\experiment_runs_event_v4\production_conveyor_done_01_rep03.result.txt,
DECOMPOSED_3CD,PRODUCTION,CONVEYOR_DONE,1,after_first_bottle_transfer_to_rotary,4,DRAINED,DRAINED,NONE,True,2060.9257,True,True,0.0,500,500.4376,10700.7809,-3645.200600000002,0,6962,6962,6962,12.192074,C:\Users\cta10\OneDrive\Desktop\part4\704\704GP1\Integration\Zhiyuan\experiment_runs_event_v4\production_conveyor_done_01_rep04.result.txt,
DECOMPOSED_3CD,PRODUCTION,CONVEYOR_DONE,1,after_first_bottle_transfer_to_rotary,5,DRAINED,DRAINED,NONE,True,2056.2085,True,True,0.0,500,502.0404,10691.777,-3654.2045000000016,0,7034,7034,7034,12.79445,C:\Users\cta10\OneDrive\Desktop\part4\704\704GP1\Integration\Zhiyuan\experiment_runs_event_v4\production_conveyor_done_01_rep05.result.txt,
DECOMPOSED_3CD,PRODUCTION,CONVEYOR_DONE,1,after_first_bottle_transfer_to_rotary,6,FAULT,FAULT,TABLE_ALIGNMENT_TIMEOUT,True,2064.0826,True,True,0.0,500,501.9019,17572.2922,,0,11685,11685,11685,21.058107,C:\Users\cta10\OneDrive\Desktop\part4\704\704GP1\Integration\Zhiyuan\experiment_runs_event_v4\production_conveyor_done_01_rep06.result.txt,
DECOMPOSED_3CD,PRODUCTION,CONVEYOR_DONE,1,after_first_bottle_transfer_to_rotary,7,DRAINED,DRAINED,NONE,True,2057.0558,True,True,0.0,500,500.6867,10673.7536,-3672.2279000000017,0,7051,7051,7051,12.799578,C:\Users\cta10\OneDrive\Desktop\part4\704\704GP1\Integration\Zhiyuan\experiment_runs_event_v4\production_conveyor_done_01_rep07.result.txt,
DECOMPOSED_3CD,PRODUCTION,CONVEYOR_DONE,1,after_first_bottle_transfer_to_rotary,8,FAULT,FAULT,TABLE_ALIGNMENT_TIMEOUT,True,2062.5226,True,True,0.0,500,500.3402,17569.2188,,0,11581,11581,11581,21.041738,C:\Users\cta10\OneDrive\Desktop\part4\704\704GP1\Integration\Zhiyuan\experiment_runs_event_v4\production_conveyor_done_01_rep08.result.txt,
DECOMPOSED_3CD,PRODUCTION,CONVEYOR_DONE,1,after_first_bottle_transfer_to_rotary,9,DRAINED,DRAINED,NONE,True,2063.7904,True,True,0.0,500,500.2593,10696.9057,-3649.0758000000023,0,7024,7024,7024,12.801268,C:\Users\cta10\OneDrive\Desktop\part4\704\704GP1\Integration\Zhiyuan\experiment_runs_event_v4\production_conveyor_done_01_rep09.result.txt,
DECOMPOSED_3CD,PRODUCTION,CONVEYOR_DONE,1,after_first_bottle_transfer_to_rotary,10,FAULT,FAULT,TABLE_ALIGNMENT_TIMEOUT,True,2059.2534,True,True,0.0,500,501.983,17566.9017,,0,11614,11614,11614,21.009,C:\Users\cta10\OneDrive\Desktop\part4\704\704GP1\Integration\Zhiyuan\experiment_runs_event_v4\production_conveyor_done_01_rep10.result.txt,
DECOMPOSED_3CD,PRODUCTION,CONVEYOR_DONE,1,after_first_bottle_transfer_to_rotary,11,DRAINED,DRAINED,NONE,True,2058.3158,True,True,0.0,500,501.1947,10683.6697,-3662.3118000000013,0,7106,7106,7106,12.804286,C:\Users\cta10\OneDrive\Desktop\part4\704\704GP1\Integration\Zhiyuan\experiment_runs_event_v4\production_conveyor_done_01_rep11.result.txt,
DECOMPOSED_3CD,PRODUCTION,CONVEYOR_DONE,1,after_first_bottle_transfer_to_rotary,12,FAULT,FAULT,TABLE_ALIGNMENT_TIMEOUT,True,2058.0539,True,True,0.0,500,500.77,17565.3423,,0,11546,11546,11546,21.083595,C:\Users\cta10\OneDrive\Desktop\part4\704\704GP1\Integration\Zhiyuan\experiment_runs_event_v4\production_conveyor_done_01_rep12.result.txt,
DECOMPOSED_3CD,PRODUCTION,CONVEYOR_DONE,1,after_first_bottle_transfer_to_rotary,13,DRAINED,DRAINED,NONE,True,2067.3708,True,True,0.0,500,500.6847,10704.5899,-3641.391600000001,0,7001,7001,7001,12.826733,C:\Users\cta10\OneDrive\Desktop\part4\704\704GP1\Integration\Zhiyuan\experiment_runs_event_v4\production_conveyor_done_01_rep13.result.txt,
DECOMPOSED_3CD,PRODUCTION,CONVEYOR_DONE,1,after_first_bottle_transfer_to_rotary,14,DRAINED,DRAINED,NONE,True,2058.1517,True,True,0.0,500,500.0845,10680.6592,-3665.3223000000016,0,6985,6985,6985,12.180336,C:\Users\cta10\OneDrive\Desktop\part4\704\704GP1\Integration\Zhiyuan\experiment_runs_event_v4\production_conveyor_done_01_rep14.result.txt,
DECOMPOSED_3CD,PRODUCTION,CONVEYOR_DONE,1,after_first_bottle_transfer_to_rotary,15,FAULT,FAULT,TABLE_ALIGNMENT_TIMEOUT,True,2053.9397,True,True,0.0,500,501.2225,20128.5104,,0,13387,13387,13387,24.148739,C:\Users\cta10\OneDrive\Desktop\part4\704\704GP1\Integration\Zhiyuan\experiment_runs_event_v4\production_conveyor_done_01_rep15.result.txt,
DECOMPOSED_3CD,PRODUCTION,CONVEYOR_DONE,1,after_first_bottle_transfer_to_rotary,16,DRAINED,DRAINED,NONE,True,2066.3252,True,True,0.0,500,500.7146,10680.6432,-3665.3383000000013,0,7029,7029,7029,12.194602,C:\Users\cta10\OneDrive\Desktop\part4\704\704GP1\Integration\Zhiyuan\experiment_runs_event_v4\production_conveyor_done_01_rep16.result.txt,
DECOMPOSED_3CD,PRODUCTION,CONVEYOR_DONE,1,after_first_bottle_transfer_to_rotary,17,DRAINED,DRAINED,NONE,True,2061.4676,True,True,0.0,500,500.7411,10683.3896,-3662.5919000000013,0,7007,7007,7007,12.795395,C:\Users\cta10\OneDrive\Desktop\part4\704\704GP1\Integration\Zhiyuan\experiment_runs_event_v4\production_conveyor_done_01_rep17.result.txt,
DECOMPOSED_3CD,PRODUCTION,CONVEYOR_DONE,1,after_first_bottle_transfer_to_rotary,18,DRAINED,DRAINED,NONE,True,2064.5413,True,True,0.0,500,500.0852,10681.502,-3664.4795000000013,0,7069,7069,7069,12.190374,C:\Users\cta10\OneDrive\Desktop\part4\704\704GP1\Integration\Zhiyuan\experiment_runs_event_v4\production_conveyor_done_01_rep18.result.txt,
DECOMPOSED_3CD,PRODUCTION,CONVEYOR_DONE,1,after_first_bottle_transfer_to_rotary,19,FAULT,FAULT,TABLE_ALIGNMENT_TIMEOUT,True,2060.4833,True,True,0.0,500,500.3622,17568.005,,0,11738,11738,11738,21.13976,C:\Users\cta10\OneDrive\Desktop\part4\704\704GP1\Integration\Zhiyuan\experiment_runs_event_v4\production_conveyor_done_01_rep19.result.txt,
DECOMPOSED_3CD,PRODUCTION,CONVEYOR_DONE,1,after_first_bottle_transfer_to_rotary,20,DRAINED,DRAINED,NONE,True,2063.8703,True,True,0.0,500,500.3742,10673.3036,-3672.6779000000024,0,7114,7114,7114,12.200289,C:\Users\cta10\OneDrive\Desktop\part4\704\704GP1\Integration\Zhiyuan\experiment_runs_event_v4\production_conveyor_done_01_rep20.result.txt,
DECOMPOSED_3CD,PRODUCTION,TABLE_ALIGNED,1,after_first_confirmed_rotation,1,DRAINED,DRAINED,NONE,True,2578.9163,True,True,0.0,500,500.5024,10696.8501,-3649.131400000002,0,7106,7106,7106,12.801759,C:\Users\cta10\OneDrive\Desktop\part4\704\704GP1\Integration\Zhiyuan\experiment_runs_event_v4\production_table_aligned_01_rep01.result.txt,
DECOMPOSED_3CD,PRODUCTION,TABLE_ALIGNED,1,after_first_confirmed_rotation,2,DRAINED,DRAINED,NONE,True,2574.4896,True,True,0.0,500,500.5587,10693.4602,-3652.521300000002,0,7122,7122,7122,12.191724,C:\Users\cta10\OneDrive\Desktop\part4\704\704GP1\Integration\Zhiyuan\experiment_runs_event_v4\production_table_aligned_01_rep02.result.txt,
DECOMPOSED_3CD,PRODUCTION,TABLE_ALIGNED,1,after_first_confirmed_rotation,3,DRAINED,DRAINED,NONE,True,2567.8112,True,True,0.0,500,500.1794,10685.5426,-3660.438900000001,0,7047,7047,7047,12.783928,C:\Users\cta10\OneDrive\Desktop\part4\704\704GP1\Integration\Zhiyuan\experiment_runs_event_v4\production_table_aligned_01_rep03.result.txt,
DECOMPOSED_3CD,PRODUCTION,TABLE_ALIGNED,1,after_first_confirmed_rotation,4,DRAINED,DRAINED,NONE,True,2570.8768,True,True,0.0,500,500.4639,10678.2181,-3667.7634000000016,0,7050,7050,7050,12.186354,C:\Users\cta10\OneDrive\Desktop\part4\704\704GP1\Integration\Zhiyuan\experiment_runs_event_v4\production_table_aligned_01_rep04.result.txt,
DECOMPOSED_3CD,PRODUCTION,TABLE_ALIGNED,1,after_first_confirmed_rotation,5,DRAINED,DRAINED,NONE,True,2573.3631,True,True,0.0,500,500.0512,10680.6584,-3665.3231000000014,0,6968,6968,6968,12.779809,C:\Users\cta10\OneDrive\Desktop\part4\704\704GP1\Integration\Zhiyuan\experiment_runs_event_v4\production_table_aligned_01_rep05.result.txt,
DECOMPOSED_3CD,PRODUCTION,TABLE_ALIGNED,1,after_first_confirmed_rotation,6,EVENT_NOT_REACHED,FAULT,TABLE_ALIGNMENT_TIMEOUT,False,-1.0,False,False,-1.0,500,0.0,17068.2506,,0,11428,11428,11428,20.574965,C:\Users\cta10\OneDrive\Desktop\part4\704\704GP1\Integration\Zhiyuan\experiment_runs_event_v4\production_table_aligned_01_rep06.result.txt,
DECOMPOSED_3CD,PRODUCTION,TABLE_ALIGNED,1,after_first_confirmed_rotation,7,DRAINED,DRAINED,NONE,True,2577.2838,True,True,0.0,500,501.5734,10694.2619,-3651.719600000002,0,7112,7112,7112,12.998283,C:\Users\cta10\OneDrive\Desktop\part4\704\704GP1\Integration\Zhiyuan\experiment_runs_event_v4\production_table_aligned_01_rep07.result.txt,
DECOMPOSED_3CD,PRODUCTION,TABLE_ALIGNED,1,after_first_confirmed_rotation,8,DRAINED,DRAINED,NONE,True,2570.7996,True,True,0.0,500,500.996,10681.7437,-3664.237800000001,0,6995,6995,6995,12.214417,C:\Users\cta10\OneDrive\Desktop\part4\704\704GP1\Integration\Zhiyuan\experiment_runs_event_v4\production_table_aligned_01_rep08.result.txt,
DECOMPOSED_3CD,PRODUCTION,TABLE_ALIGNED,1,after_first_confirmed_rotation,9,DRAINED,DRAINED,NONE,True,2575.9684,True,True,0.0,500,501.3376,10694.4685,-3651.513000000001,0,7011,7011,7011,12.793242,C:\Users\cta10\OneDrive\Desktop\part4\704\704GP1\Integration\Zhiyuan\experiment_runs_event_v4\production_table_aligned_01_rep09.result.txt,
DECOMPOSED_3CD,PRODUCTION,TABLE_ALIGNED,1,after_first_confirmed_rotation,10,DRAINED,DRAINED,NONE,True,2576.6905,True,True,0.0,500,500.1774,10696.8157,-3649.1658000000025,0,7041,7041,7041,12.195151,C:\Users\cta10\OneDrive\Desktop\part4\704\704GP1\Integration\Zhiyuan\experiment_runs_event_v4\production_table_aligned_01_rep10.result.txt,
DECOMPOSED_3CD,PRODUCTION,TABLE_ALIGNED,1,after_first_confirmed_rotation,11,DRAINED,DRAINED,NONE,True,2580.1762,True,True,0.0,500,500.0774,10684.9053,-3661.0762000000013,0,7095,7095,7095,12.796226,C:\Users\cta10\OneDrive\Desktop\part4\704\704GP1\Integration\Zhiyuan\experiment_runs_event_v4\production_table_aligned_01_rep11.result.txt,
DECOMPOSED_3CD,PRODUCTION,TABLE_ALIGNED,1,after_first_confirmed_rotation,12,DRAINED,DRAINED,NONE,True,2574.7669,True,True,0.0,500,500.0602,10671.7622,-3674.2193000000025,0,7164,7164,7164,12.16942,C:\Users\cta10\OneDrive\Desktop\part4\704\704GP1\Integration\Zhiyuan\experiment_runs_event_v4\production_table_aligned_01_rep12.result.txt,
DECOMPOSED_3CD,PRODUCTION,TABLE_ALIGNED,1,after_first_confirmed_rotation,13,DRAINED,DRAINED,NONE,True,2576.6458,True,True,0.0,500,500.6373,10674.442,-3671.5395000000026,0,7049,7049,7049,12.82335,C:\Users\cta10\OneDrive\Desktop\part4\704\704GP1\Integration\Zhiyuan\experiment_runs_event_v4\production_table_aligned_01_rep13.result.txt,
DECOMPOSED_3CD,PRODUCTION,TABLE_ALIGNED,1,after_first_confirmed_rotation,14,DRAINED,DRAINED,NONE,True,2572.4946,True,True,0.0,500,501.0247,10677.908,-3668.0735000000022,0,6868,6868,6868,12.17537,C:\Users\cta10\OneDrive\Desktop\part4\704\704GP1\Integration\Zhiyuan\experiment_runs_event_v4\production_table_aligned_01_rep14.result.txt,
DECOMPOSED_3CD,PRODUCTION,TABLE_ALIGNED,1,after_first_confirmed_rotation,15,DRAINED,DRAINED,NONE,True,2576.8827,True,True,0.0,500,500.1935,10681.4716,-3664.509900000001,0,7137,7137,7137,12.771487,C:\Users\cta10\OneDrive\Desktop\part4\704\704GP1\Integration\Zhiyuan\experiment_runs_event_v4\production_table_aligned_01_rep15.result.txt,
DECOMPOSED_3CD,PRODUCTION,TABLE_ALIGNED,1,after_first_confirmed_rotation,16,DRAINED,DRAINED,NONE,True,2571.4361,True,True,0.0,500,500.9617,10676.0295,-3669.952000000001,0,7026,7026,7026,12.161296,C:\Users\cta10\OneDrive\Desktop\part4\704\704GP1\Integration\Zhiyuan\experiment_runs_event_v4\production_table_aligned_01_rep16.result.txt,
DECOMPOSED_3CD,PRODUCTION,TABLE_ALIGNED,1,after_first_confirmed_rotation,17,DRAINED,DRAINED,NONE,True,2572.7978,True,True,0.0,500,501.7083,10677.2922,-3668.689300000002,0,7119,7119,7119,12.787441,C:\Users\cta10\OneDrive\Desktop\part4\704\704GP1\Integration\Zhiyuan\experiment_runs_event_v4\production_table_aligned_01_rep17.result.txt,
DECOMPOSED_3CD,PRODUCTION,TABLE_ALIGNED,1,after_first_confirmed_rotation,18,DRAINED,DRAINED,NONE,True,2577.987,True,True,0.0,500,500.5029,10680.5085,-3665.473000000002,0,7127,7127,7127,12.202992,C:\Users\cta10\OneDrive\Desktop\part4\704\704GP1\Integration\Zhiyuan\experiment_runs_event_v4\production_table_aligned_01_rep18.result.txt,
DECOMPOSED_3CD,PRODUCTION,TABLE_ALIGNED,1,after_first_confirmed_rotation,19,DRAINED,DRAINED,NONE,True,2579.814,True,True,0.0,500,500.5365,10683.0824,-3662.8991000000024,0,7093,7093,7093,12.79644,C:\Users\cta10\OneDrive\Desktop\part4\704\704GP1\Integration\Zhiyuan\experiment_runs_event_v4\production_table_aligned_01_rep19.result.txt,
DECOMPOSED_3CD,PRODUCTION,TABLE_ALIGNED,1,after_first_confirmed_rotation,20,DRAINED,DRAINED,NONE,True,2573.8192,True,True,0.0,500,501.9979,10694.7123,-3651.2692000000025,0,7108,7108,7108,12.162231,C:\Users\cta10\OneDrive\Desktop\part4\704\704GP1\Integration\Zhiyuan\experiment_runs_event_v4\production_table_aligned_01_rep20.result.txt,
DECOMPOSED_3CD,PRODUCTION,FILLER_DONE,1,after_first_bottle_fill,1,DRAINED,DRAINED,NONE,True,3602.9851,True,True,0.0,500,500.3057,10693.5316,-3652.4499000000014,0,6939,6939,6939,12.796825,C:\Users\cta10\OneDrive\Desktop\part4\704\704GP1\Integration\Zhiyuan\experiment_runs_event_v4\production_filler_done_01_rep01.result.txt,
DECOMPOSED_3CD,PRODUCTION,FILLER_DONE,1,after_first_bottle_fill,2,EVENT_NOT_REACHED,FAULT,TABLE_ALIGNMENT_TIMEOUT,False,-1.0,False,False,-1.0,500,0.0,17067.486,,0,11284,11284,11284,20.511201,C:\Users\cta10\OneDrive\Desktop\part4\704\704GP1\Integration\Zhiyuan\experiment_runs_event_v4\production_filler_done_01_rep02.result.txt,
DECOMPOSED_3CD,PRODUCTION,FILLER_DONE,1,after_first_bottle_fill,3,DRAINED,DRAINED,NONE,True,3603.324,True,True,0.0,500,501.9234,10696.2089,-3649.772600000002,0,6979,6979,6979,12.799557,C:\Users\cta10\OneDrive\Desktop\part4\704\704GP1\Integration\Zhiyuan\experiment_runs_event_v4\production_filler_done_01_rep03.result.txt,
DECOMPOSED_3CD,PRODUCTION,FILLER_DONE,1,after_first_bottle_fill,4,EVENT_NOT_REACHED,FAULT,TABLE_ALIGNMENT_TIMEOUT,False,-1.0,False,False,-1.0,500,0.0,17066.9498,,0,11363,11363,11363,20.03569,C:\Users\cta10\OneDrive\Desktop\part4\704\704GP1\Integration\Zhiyuan\experiment_runs_event_v4\production_filler_done_01_rep04.result.txt,
DECOMPOSED_3CD,PRODUCTION,FILLER_DONE,1,after_first_bottle_fill,5,DRAINED,DRAINED,NONE,True,3599.2697,True,True,0.0,500,500.3828,10670.2117,-3675.769800000002,0,7132,7132,7132,12.763635,C:\Users\cta10\OneDrive\Desktop\part4\704\704GP1\Integration\Zhiyuan\experiment_runs_event_v4\production_filler_done_01_rep05.result.txt,
DECOMPOSED_3CD,PRODUCTION,FILLER_DONE,1,after_first_bottle_fill,6,DRAINED,DRAINED,NONE,True,3589.6756,True,True,0.0,500,500.2549,10678.5931,-3667.3884000000016,0,7068,7068,7068,12.171055,C:\Users\cta10\OneDrive\Desktop\part4\704\704GP1\Integration\Zhiyuan\experiment_runs_event_v4\production_filler_done_01_rep06.result.txt,
DECOMPOSED_3CD,PRODUCTION,FILLER_DONE,1,after_first_bottle_fill,7,DRAINED,DRAINED,NONE,True,3596.8668,True,True,0.0,500,501.3212,10688.6567,-3657.324800000002,0,6979,6979,6979,12.790526,C:\Users\cta10\OneDrive\Desktop\part4\704\704GP1\Integration\Zhiyuan\experiment_runs_event_v4\production_filler_done_01_rep07.result.txt,
DECOMPOSED_3CD,PRODUCTION,FILLER_DONE,1,after_first_bottle_fill,8,DRAINED,DRAINED,NONE,True,3601.6927,True,True,0.0,500,500.2973,10690.0038,-3655.9777000000013,0,7060,7060,7060,12.167045,C:\Users\cta10\OneDrive\Desktop\part4\704\704GP1\Integration\Zhiyuan\experiment_runs_event_v4\production_filler_done_01_rep08.result.txt,
DECOMPOSED_3CD,PRODUCTION,FILLER_DONE,1,after_first_bottle_fill,9,FAULT,FAULT,TABLE_ALIGNMENT_TIMEOUT,True,3604.7104,True,True,0.0,500,500.7278,22284.9037,,0,14713,14713,14713,25.665705,C:\Users\cta10\OneDrive\Desktop\part4\704\704GP1\Integration\Zhiyuan\experiment_runs_event_v4\production_filler_done_01_rep09.result.txt,
DECOMPOSED_3CD,PRODUCTION,FILLER_DONE,1,after_first_bottle_fill,10,EVENT_NOT_REACHED,FAULT,TABLE_ALIGNMENT_TIMEOUT,False,-1.0,False,False,-1.0,500,0.0,17070.0002,,0,11365,11365,11365,20.517312,C:\Users\cta10\OneDrive\Desktop\part4\704\704GP1\Integration\Zhiyuan\experiment_runs_event_v4\production_filler_done_01_rep10.result.txt,
DECOMPOSED_3CD,PRODUCTION,FILLER_DONE,1,after_first_bottle_fill,11,EVENT_NOT_REACHED,FAULT,TABLE_ALIGNMENT_TIMEOUT,False,-1.0,False,False,-1.0,500,0.0,17065.3583,,0,11379,11379,11379,20.66216,C:\Users\cta10\OneDrive\Desktop\part4\704\704GP1\Integration\Zhiyuan\experiment_runs_event_v4\production_filler_done_01_rep11.result.txt,
DECOMPOSED_3CD,PRODUCTION,FILLER_DONE,1,after_first_bottle_fill,12,DRAINED,DRAINED,NONE,True,3596.2176,True,True,0.0,500,500.1225,10671.206,-3674.7755000000016,0,7035,7035,7035,12.156051,C:\Users\cta10\OneDrive\Desktop\part4\704\704GP1\Integration\Zhiyuan\experiment_runs_event_v4\production_filler_done_01_rep12.result.txt,
DECOMPOSED_3CD,PRODUCTION,FILLER_DONE,1,after_first_bottle_fill,13,DRAINED,DRAINED,NONE,True,3600.3662,True,True,0.0,500,500.3516,10684.4587,-3661.5228000000025,0,7020,7020,7020,12.775797,C:\Users\cta10\OneDrive\Desktop\part4\704\704GP1\Integration\Zhiyuan\experiment_runs_event_v4\production_filler_done_01_rep13.result.txt,
DECOMPOSED_3CD,PRODUCTION,FILLER_DONE,1,after_first_bottle_fill,14,DRAINED,DRAINED,NONE,True,3597.1659,True,True,0.0,500,500.5721,10681.1296,-3664.8519000000015,0,7068,7068,7068,12.190982,C:\Users\cta10\OneDrive\Desktop\part4\704\704GP1\Integration\Zhiyuan\experiment_runs_event_v4\production_filler_done_01_rep14.result.txt,
DECOMPOSED_3CD,PRODUCTION,FILLER_DONE,1,after_first_bottle_fill,15,DRAINED,DRAINED,NONE,True,3595.7403,True,True,0.0,500,500.0364,10662.1555,-3683.826000000001,0,7026,7026,7026,12.791981,C:\Users\cta10\OneDrive\Desktop\part4\704\704GP1\Integration\Zhiyuan\experiment_runs_event_v4\production_filler_done_01_rep15.result.txt,
DECOMPOSED_3CD,PRODUCTION,FILLER_DONE,1,after_first_bottle_fill,16,DRAINED,DRAINED,NONE,True,3602.1987,True,True,0.0,500,501.1806,10694.4113,-3651.570200000002,0,7084,7084,7084,12.212016,C:\Users\cta10\OneDrive\Desktop\part4\704\704GP1\Integration\Zhiyuan\experiment_runs_event_v4\production_filler_done_01_rep16.result.txt,
DECOMPOSED_3CD,PRODUCTION,FILLER_DONE,1,after_first_bottle_fill,17,DRAINED,DRAINED,NONE,True,3603.0743,True,True,0.0,500,501.1051,10684.9205,-3661.0610000000015,0,7045,7045,7045,12.802561,C:\Users\cta10\OneDrive\Desktop\part4\704\704GP1\Integration\Zhiyuan\experiment_runs_event_v4\production_filler_done_01_rep17.result.txt,
DECOMPOSED_3CD,PRODUCTION,FILLER_DONE,1,after_first_bottle_fill,18,EVENT_NOT_REACHED,FAULT,TABLE_ALIGNMENT_TIMEOUT,False,-1.0,False,False,-1.0,500,0.0,17065.2064,,0,11289,11289,11289,20.546028,C:\Users\cta10\OneDrive\Desktop\part4\704\704GP1\Integration\Zhiyuan\experiment_runs_event_v4\production_filler_done_01_rep18.result.txt,
DECOMPOSED_3CD,PRODUCTION,FILLER_DONE,1,after_first_bottle_fill,19,DRAINED,DRAINED,NONE,True,3602.9854,True,True,0.0,500,500.8542,10680.0396,-3665.9419000000016,0,7107,7107,7107,12.812169,C:\Users\cta10\OneDrive\Desktop\part4\704\704GP1\Integration\Zhiyuan\experiment_runs_event_v4\production_filler_done_01_rep19.result.txt,
DECOMPOSED_3CD,PRODUCTION,FILLER_DONE,1,after_first_bottle_fill,20,DRAINED,DRAINED,NONE,True,3595.9007,True,True,0.0,500,501.1312,10691.3138,-3654.667700000002,0,7014,7014,7014,12.195386,C:\Users\cta10\OneDrive\Desktop\part4\704\704GP1\Integration\Zhiyuan\experiment_runs_event_v4\production_filler_done_01_rep20.result.txt,
DECOMPOSED_3CD,PRODUCTION,LID_DONE,1,after_first_bottle_lid,1,DRAINED,DRAINED,NONE,True,5216.0294,True,True,0.0,500,500.6865,10205.2135,-4140.768000000002,0,6447,6447,6447,12.309257,C:\Users\cta10\OneDrive\Desktop\part4\704\704GP1\Integration\Zhiyuan\experiment_runs_event_v4\production_lid_done_01_rep01.result.txt,
DECOMPOSED_3CD,PRODUCTION,LID_DONE,1,after_first_bottle_lid,2,DRAINED,DRAINED,NONE,True,5210.0248,True,True,0.0,500,500.3862,10178.089,-4167.892500000002,0,6816,6816,6816,11.697761,C:\Users\cta10\OneDrive\Desktop\part4\704\704GP1\Integration\Zhiyuan\experiment_runs_event_v4\production_lid_done_01_rep02.result.txt,
DECOMPOSED_3CD,PRODUCTION,LID_DONE,1,after_first_bottle_lid,3,DRAINED,DRAINED,NONE,True,5198.1347,True,True,0.0,500,501.1297,10151.5364,-4194.445100000001,0,6797,6797,6797,12.271635,C:\Users\cta10\OneDrive\Desktop\part4\704\704GP1\Integration\Zhiyuan\experiment_runs_event_v4\production_lid_done_01_rep03.result.txt,
DECOMPOSED_3CD,PRODUCTION,LID_DONE,1,after_first_bottle_lid,4,DRAINED,DRAINED,NONE,True,5213.3543,True,True,0.0,500,501.1097,10193.8442,-4152.137300000002,0,6770,6770,6770,11.698712,C:\Users\cta10\OneDrive\Desktop\part4\704\704GP1\Integration\Zhiyuan\experiment_runs_event_v4\production_lid_done_01_rep04.result.txt,
DECOMPOSED_3CD,PRODUCTION,LID_DONE,1,after_first_bottle_lid,5,DRAINED,DRAINED,NONE,True,5202.6002,True,True,0.0,500,500.5497,10181.856,-4164.125500000002,0,6731,6731,6731,12.30354,C:\Users\cta10\OneDrive\Desktop\part4\704\704GP1\Integration\Zhiyuan\experiment_runs_event_v4\production_lid_done_01_rep05.result.txt,
DECOMPOSED_3CD,PRODUCTION,LID_DONE,1,after_first_bottle_lid,6,DRAINED,DRAINED,NONE,True,5220.2345,True,True,0.0,500,500.6847,10190.9869,-4154.994600000002,0,6733,6733,6733,11.686893,C:\Users\cta10\OneDrive\Desktop\part4\704\704GP1\Integration\Zhiyuan\experiment_runs_event_v4\production_lid_done_01_rep06.result.txt,
DECOMPOSED_3CD,PRODUCTION,LID_DONE,1,after_first_bottle_lid,7,DRAINED,DRAINED,NONE,True,5208.8199,True,True,0.0,500,500.7376,10173.1103,-4172.871200000001,0,6752,6752,6752,12.309422,C:\Users\cta10\OneDrive\Desktop\part4\704\704GP1\Integration\Zhiyuan\experiment_runs_event_v4\production_lid_done_01_rep07.result.txt,
DECOMPOSED_3CD,PRODUCTION,LID_DONE,1,after_first_bottle_lid,8,EVENT_NOT_REACHED,FAULT,TABLE_ALIGNMENT_TIMEOUT,False,-1.0,False,False,-1.0,500,0.0,17064.696,,0,11393,11393,11393,20.518924,C:\Users\cta10\OneDrive\Desktop\part4\704\704GP1\Integration\Zhiyuan\experiment_runs_event_v4\production_lid_done_01_rep08.result.txt,
DECOMPOSED_3CD,PRODUCTION,LID_DONE,1,after_first_bottle_lid,9,EVENT_NOT_REACHED,FAULT,TABLE_ALIGNMENT_TIMEOUT,False,-1.0,False,False,-1.0,500,0.0,17065.7036,,0,11470,11470,11470,21.382494,C:\Users\cta10\OneDrive\Desktop\part4\704\704GP1\Integration\Zhiyuan\experiment_runs_event_v4\production_lid_done_01_rep09.result.txt,
DECOMPOSED_3CD,PRODUCTION,LID_DONE,1,after_first_bottle_lid,10,DRAINED,DRAINED,NONE,True,5218.5814,True,True,0.0,500,500.0905,10188.5172,-4157.4643000000015,0,6718,6718,6718,11.697292,C:\Users\cta10\OneDrive\Desktop\part4\704\704GP1\Integration\Zhiyuan\experiment_runs_event_v4\production_lid_done_01_rep10.result.txt,
DECOMPOSED_3CD,PRODUCTION,LID_DONE,1,after_first_bottle_lid,11,DRAINED,DRAINED,NONE,True,5212.7682,True,True,0.0,500,501.967,10198.3112,-4147.670300000002,0,6738,6738,6738,12.326864,C:\Users\cta10\OneDrive\Desktop\part4\704\704GP1\Integration\Zhiyuan\experiment_runs_event_v4\production_lid_done_01_rep11.result.txt,
DECOMPOSED_3CD,PRODUCTION,LID_DONE,1,after_first_bottle_lid,12,DRAINED,DRAINED,NONE,True,5215.8754,True,True,0.0,500,500.3405,10178.5611,-4167.420400000001,0,6703,6703,6703,11.707276,C:\Users\cta10\OneDrive\Desktop\part4\704\704GP1\Integration\Zhiyuan\experiment_runs_event_v4\production_lid_done_01_rep12.result.txt,
DECOMPOSED_3CD,PRODUCTION,LID_DONE,1,after_first_bottle_lid,13,DRAINED,DRAINED,NONE,True,5211.5574,True,True,0.0,500,500.9496,10179.2841,-4166.697400000001,0,6674,6674,6674,12.272591,C:\Users\cta10\OneDrive\Desktop\part4\704\704GP1\Integration\Zhiyuan\experiment_runs_event_v4\production_lid_done_01_rep13.result.txt,
DECOMPOSED_3CD,PRODUCTION,LID_DONE,1,after_first_bottle_lid,14,DRAINED,DRAINED,NONE,True,5212.3802,True,True,0.0,500,500.8837,10192.862,-4153.1195000000025,0,6708,6708,6708,11.679959,C:\Users\cta10\OneDrive\Desktop\part4\704\704GP1\Integration\Zhiyuan\experiment_runs_event_v4\production_lid_done_01_rep14.result.txt,
DECOMPOSED_3CD,PRODUCTION,LID_DONE,1,after_first_bottle_lid,15,DRAINED,DRAINED,NONE,True,5215.5908,True,True,0.0,500,501.0368,10179.4054,-4166.576100000002,0,6594,6594,6594,12.279464,C:\Users\cta10\OneDrive\Desktop\part4\704\704GP1\Integration\Zhiyuan\experiment_runs_event_v4\production_lid_done_01_rep15.result.txt,
DECOMPOSED_3CD,PRODUCTION,LID_DONE,1,after_first_bottle_lid,16,FAULT,FAULT,TABLE_ALIGNMENT_TIMEOUT,True,5203.9369,True,True,0.0,500,501.7592,23400.5133,,0,15581,15581,15581,26.021438,C:\Users\cta10\OneDrive\Desktop\part4\704\704GP1\Integration\Zhiyuan\experiment_runs_event_v4\production_lid_done_01_rep16.result.txt,
DECOMPOSED_3CD,PRODUCTION,LID_DONE,1,after_first_bottle_lid,17,EVENT_NOT_REACHED,FAULT,TABLE_ALIGNMENT_TIMEOUT,False,-1.0,False,False,-1.0,500,0.0,17069.4591,,0,11327,11327,11327,21.157779,C:\Users\cta10\OneDrive\Desktop\part4\704\704GP1\Integration\Zhiyuan\experiment_runs_event_v4\production_lid_done_01_rep17.result.txt,
DECOMPOSED_3CD,PRODUCTION,LID_DONE,1,after_first_bottle_lid,18,DRAINED,DRAINED,NONE,True,5209.3811,True,True,0.0,500,500.6204,10183.505,-4162.4765000000025,0,6684,6684,6684,11.717964,C:\Users\cta10\OneDrive\Desktop\part4\704\704GP1\Integration\Zhiyuan\experiment_runs_event_v4\production_lid_done_01_rep18.result.txt,
DECOMPOSED_3CD,PRODUCTION,LID_DONE,1,after_first_bottle_lid,19,EVENT_NOT_REACHED,FAULT,TABLE_ALIGNMENT_TIMEOUT,False,-1.0,False,False,-1.0,500,0.0,17065.5204,,0,11260,11260,11260,21.148123,C:\Users\cta10\OneDrive\Desktop\part4\704\704GP1\Integration\Zhiyuan\experiment_runs_event_v4\production_lid_done_01_rep19.result.txt,
DECOMPOSED_3CD,PRODUCTION,LID_DONE,1,after_first_bottle_lid,20,DRAINED,DRAINED,NONE,True,5199.5206,True,True,0.0,500,500.5464,10171.6954,-4174.286100000001,0,6644,6644,6644,11.727297,C:\Users\cta10\OneDrive\Desktop\part4\704\704GP1\Integration\Zhiyuan\experiment_runs_event_v4\production_lid_done_01_rep20.result.txt,
DECOMPOSED_3CD,PRODUCTION,CAPPER_DONE,1,after_first_bottle_cap,1,DRAINED,DRAINED,NONE,True,6750.851,True,True,0.0,500,501.5722,10660.2731,-3685.7084000000013,0,7054,7054,7054,12.764403,C:\Users\cta10\OneDrive\Desktop\part4\704\704GP1\Integration\Zhiyuan\experiment_runs_event_v4\production_capper_done_01_rep01.result.txt,
DECOMPOSED_3CD,PRODUCTION,CAPPER_DONE,1,after_first_bottle_cap,2,EVENT_NOT_REACHED,FAULT,TABLE_ALIGNMENT_TIMEOUT,False,-1.0,False,False,-1.0,500,0.0,17066.3349,,0,11282,11282,11282,20.53642,C:\Users\cta10\OneDrive\Desktop\part4\704\704GP1\Integration\Zhiyuan\experiment_runs_event_v4\production_capper_done_01_rep02.result.txt,
DECOMPOSED_3CD,PRODUCTION,CAPPER_DONE,1,after_first_bottle_cap,3,EVENT_NOT_REACHED,FAULT,TABLE_ALIGNMENT_TIMEOUT,False,-1.0,False,False,-1.0,500,0.0,17072.247,,0,11250,11250,11250,21.119372,C:\Users\cta10\OneDrive\Desktop\part4\704\704GP1\Integration\Zhiyuan\experiment_runs_event_v4\production_capper_done_01_rep03.result.txt,
DECOMPOSED_3CD,PRODUCTION,CAPPER_DONE,1,after_first_bottle_cap,4,DRAINED,DRAINED,NONE,True,6770.046,True,True,0.0,500,501.4995,10683.3033,-3662.678200000002,0,7074,7074,7074,12.224157,C:\Users\cta10\OneDrive\Desktop\part4\704\704GP1\Integration\Zhiyuan\experiment_runs_event_v4\production_capper_done_01_rep04.result.txt,
DECOMPOSED_3CD,PRODUCTION,CAPPER_DONE,1,after_first_bottle_cap,5,FAULT,FAULT,TABLE_ALIGNMENT_TIMEOUT,True,6767.8625,True,True,0.0,500,501.6261,23905.4461,,0,15750,15750,15750,26.608272,C:\Users\cta10\OneDrive\Desktop\part4\704\704GP1\Integration\Zhiyuan\experiment_runs_event_v4\production_capper_done_01_rep05.result.txt,
DECOMPOSED_3CD,PRODUCTION,CAPPER_DONE,1,after_first_bottle_cap,6,DRAINED,DRAINED,NONE,True,6761.3436,True,True,0.0,500,500.5325,10694.9457,-3651.0358000000015,0,6974,6974,6974,12.212899,C:\Users\cta10\OneDrive\Desktop\part4\704\704GP1\Integration\Zhiyuan\experiment_runs_event_v4\production_capper_done_01_rep06.result.txt,
DECOMPOSED_3CD,PRODUCTION,CAPPER_DONE,1,after_first_bottle_cap,7,DRAINED,DRAINED,NONE,True,6768.1472,True,True,0.0,500,501.9071,10679.9818,-3665.999700000002,0,6961,6961,6961,12.784275,C:\Users\cta10\OneDrive\Desktop\part4\704\704GP1\Integration\Zhiyuan\experiment_runs_event_v4\production_capper_done_01_rep07.result.txt,
DECOMPOSED_3CD,PRODUCTION,CAPPER_DONE,1,after_first_bottle_cap,8,DRAINED,DRAINED,NONE,True,6762.1773,True,True,0.0,500,500.8281,10684.637,-3661.344500000001,0,7005,7005,7005,12.179968,C:\Users\cta10\OneDrive\Desktop\part4\704\704GP1\Integration\Zhiyuan\experiment_runs_event_v4\production_capper_done_01_rep08.result.txt,
DECOMPOSED_3CD,PRODUCTION,CAPPER_DONE,1,after_first_bottle_cap,9,DRAINED,DRAINED,NONE,True,6773.6264,True,True,0.0,500,501.9182,10694.831,-3651.1505000000016,0,6922,6922,6922,12.813488,C:\Users\cta10\OneDrive\Desktop\part4\704\704GP1\Integration\Zhiyuan\experiment_runs_event_v4\production_capper_done_01_rep09.result.txt,
DECOMPOSED_3CD,PRODUCTION,CAPPER_DONE,1,after_first_bottle_cap,10,DRAINED,DRAINED,NONE,True,6767.1284,True,True,0.0,500,501.2063,10700.5214,-3645.460100000002,0,7068,7068,7068,12.215801,C:\Users\cta10\OneDrive\Desktop\part4\704\704GP1\Integration\Zhiyuan\experiment_runs_event_v4\production_capper_done_01_rep10.result.txt,
DECOMPOSED_3CD,PRODUCTION,CAPPER_DONE,1,after_first_bottle_cap,11,DRAINED,DRAINED,NONE,True,6766.3302,True,True,0.0,500,500.0866,10680.8974,-3665.084100000002,0,7028,7028,7028,12.780853,C:\Users\cta10\OneDrive\Desktop\part4\704\704GP1\Integration\Zhiyuan\experiment_runs_event_v4\production_capper_done_01_rep11.result.txt,
DECOMPOSED_3CD,PRODUCTION,CAPPER_DONE,1,after_first_bottle_cap,12,DRAINED,DRAINED,NONE,True,6763.5771,True,True,0.0,500,501.9822,10690.6801,-3655.301400000002,0,6993,6993,6993,12.220544,C:\Users\cta10\OneDrive\Desktop\part4\704\704GP1\Integration\Zhiyuan\experiment_runs_event_v4\production_capper_done_01_rep12.result.txt,
DECOMPOSED_3CD,PRODUCTION,CAPPER_DONE,1,after_first_bottle_cap,13,DRAINED,DRAINED,NONE,True,6776.8702,True,True,0.0,500,500.0663,10702.1509,-3643.830600000001,0,6883,6883,6883,12.791807,C:\Users\cta10\OneDrive\Desktop\part4\704\704GP1\Integration\Zhiyuan\experiment_runs_event_v4\production_capper_done_01_rep13.result.txt,
DECOMPOSED_3CD,PRODUCTION,CAPPER_DONE,1,after_first_bottle_cap,14,DRAINED,DRAINED,NONE,True,6768.5007,True,True,0.0,500,500.9435,10693.4409,-3652.540600000002,0,6991,6991,6991,12.187675,C:\Users\cta10\OneDrive\Desktop\part4\704\704GP1\Integration\Zhiyuan\experiment_runs_event_v4\production_capper_done_01_rep14.result.txt,
DECOMPOSED_3CD,PRODUCTION,CAPPER_DONE,1,after_first_bottle_cap,15,DRAINED,DRAINED,NONE,True,6770.2918,True,True,0.0,500,500.1647,10683.1888,-3662.792700000002,0,6983,6983,6983,12.806058,C:\Users\cta10\OneDrive\Desktop\part4\704\704GP1\Integration\Zhiyuan\experiment_runs_event_v4\production_capper_done_01_rep15.result.txt,
DECOMPOSED_3CD,PRODUCTION,CAPPER_DONE,1,after_first_bottle_cap,16,DRAINED,DRAINED,NONE,True,6763.2349,True,True,0.0,500,500.3175,10684.5217,-3661.4598000000024,0,7021,7021,7021,12.12422,C:\Users\cta10\OneDrive\Desktop\part4\704\704GP1\Integration\Zhiyuan\experiment_runs_event_v4\production_capper_done_01_rep16.result.txt,
DECOMPOSED_3CD,PRODUCTION,CAPPER_DONE,1,after_first_bottle_cap,17,DRAINED,DRAINED,NONE,True,6765.5675,True,True,0.0,500,500.5616,10682.1724,-3663.809100000002,0,7093,7093,7093,12.778986,C:\Users\cta10\OneDrive\Desktop\part4\704\704GP1\Integration\Zhiyuan\experiment_runs_event_v4\production_capper_done_01_rep17.result.txt,
DECOMPOSED_3CD,PRODUCTION,CAPPER_DONE,1,after_first_bottle_cap,18,DRAINED,DRAINED,NONE,True,6765.3475,True,True,0.0,500,500.6563,10681.1129,-3664.8686000000016,0,7042,7042,7042,12.193663,C:\Users\cta10\OneDrive\Desktop\part4\704\704GP1\Integration\Zhiyuan\experiment_runs_event_v4\production_capper_done_01_rep18.result.txt,
DECOMPOSED_3CD,PRODUCTION,CAPPER_DONE,1,after_first_bottle_cap,19,DRAINED,DRAINED,NONE,True,6768.6256,True,True,0.0,500,501.0692,10677.8215,-3668.1600000000017,0,7204,7204,7204,12.792394,C:\Users\cta10\OneDrive\Desktop\part4\704\704GP1\Integration\Zhiyuan\experiment_runs_event_v4\production_capper_done_01_rep19.result.txt,
DECOMPOSED_3CD,PRODUCTION,CAPPER_DONE,1,after_first_bottle_cap,20,DRAINED,DRAINED,NONE,True,6756.2337,True,True,0.0,500,500.024,10657.6642,-3688.3173000000024,0,7096,7096,7096,12.15688,C:\Users\cta10\OneDrive\Desktop\part4\704\704GP1\Integration\Zhiyuan\experiment_runs_event_v4\production_capper_done_01_rep20.result.txt,
DECOMPOSED_3CD,PRODUCTION,LABELLER_DONE,1,after_first_bottle_label,1,DRAINED,DRAINED,NONE,True,8978.2421,True,True,0.0,500,501.5925,10677.5652,-3668.4163000000026,0,7127,7127,7127,12.860314,C:\Users\cta10\OneDrive\Desktop\part4\704\704GP1\Integration\Zhiyuan\experiment_runs_event_v4\production_labeller_done_01_rep01.result.txt,
DECOMPOSED_3CD,PRODUCTION,LABELLER_DONE,1,after_first_bottle_label,2,DRAINED,DRAINED,NONE,True,8990.8479,True,True,0.0,500,500.525,10688.164,-3657.817500000001,0,6949,6949,6949,12.168366,C:\Users\cta10\OneDrive\Desktop\part4\704\704GP1\Integration\Zhiyuan\experiment_runs_event_v4\production_labeller_done_01_rep02.result.txt,
DECOMPOSED_3CD,PRODUCTION,LABELLER_DONE,1,after_first_bottle_label,3,DRAINED,DRAINED,NONE,True,8982.2256,True,True,0.0,500,500.6571,10685.4053,-3660.5762000000013,0,6834,6834,6834,12.791089,C:\Users\cta10\OneDrive\Desktop\part4\704\704GP1\Integration\Zhiyuan\experiment_runs_event_v4\production_labeller_done_01_rep03.result.txt,
DECOMPOSED_3CD,PRODUCTION,LABELLER_DONE,1,after_first_bottle_label,4,DRAINED,DRAINED,NONE,True,8980.6831,True,True,0.0,500,500.7228,10682.7734,-3663.2081000000017,0,6986,6986,6986,12.19648,C:\Users\cta10\OneDrive\Desktop\part4\704\704GP1\Integration\Zhiyuan\experiment_runs_event_v4\production_labeller_done_01_rep04.result.txt,
DECOMPOSED_3CD,PRODUCTION,LABELLER_DONE,1,after_first_bottle_label,5,DRAINED,DRAINED,NONE,True,8972.0585,True,True,0.0,500,501.0954,10671.7967,-3674.184800000001,0,7061,7061,7061,12.771819,C:\Users\cta10\OneDrive\Desktop\part4\704\704GP1\Integration\Zhiyuan\experiment_runs_event_v4\production_labeller_done_01_rep05.result.txt,
DECOMPOSED_3CD,PRODUCTION,LABELLER_DONE,1,after_first_bottle_label,6,DRAINED,DRAINED,NONE,True,8976.9919,True,True,0.0,500,500.0964,10676.8478,-3669.133700000002,0,7133,7133,7133,12.211726,C:\Users\cta10\OneDrive\Desktop\part4\704\704GP1\Integration\Zhiyuan\experiment_runs_event_v4\production_labeller_done_01_rep06.result.txt,
DECOMPOSED_3CD,PRODUCTION,LABELLER_DONE,1,after_first_bottle_label,7,DRAINED,DRAINED,NONE,True,8964.1067,True,True,0.0,500,501.0635,10680.7406,-3665.2409000000025,0,7082,7082,7082,12.792369,C:\Users\cta10\OneDrive\Desktop\part4\704\704GP1\Integration\Zhiyuan\experiment_runs_event_v4\production_labeller_done_01_rep07.result.txt,
DECOMPOSED_3CD,PRODUCTION,LABELLER_DONE,1,after_first_bottle_label,8,DRAINED,DRAINED,NONE,True,8976.6338,True,True,0.0,500,501.1658,10682.0216,-3663.9599000000017,0,7103,7103,7103,12.188861,C:\Users\cta10\OneDrive\Desktop\part4\704\704GP1\Integration\Zhiyuan\experiment_runs_event_v4\production_labeller_done_01_rep08.result.txt,
DECOMPOSED_3CD,PRODUCTION,LABELLER_DONE,1,after_first_bottle_label,9,DRAINED,DRAINED,NONE,True,8979.3011,True,True,0.0,500,500.7748,10686.3996,-3659.581900000001,0,7057,7057,7057,12.819639,C:\Users\cta10\OneDrive\Desktop\part4\704\704GP1\Integration\Zhiyuan\experiment_runs_event_v4\production_labeller_done_01_rep09.result.txt,
DECOMPOSED_3CD,PRODUCTION,LABELLER_DONE,1,after_first_bottle_label,10,DRAINED,DRAINED,NONE,True,8978.6368,True,True,0.0,500,500.3203,10683.7345,-3662.247000000001,0,7031,7031,7031,12.181977,C:\Users\cta10\OneDrive\Desktop\part4\704\704GP1\Integration\Zhiyuan\experiment_runs_event_v4\production_labeller_done_01_rep10.result.txt,
DECOMPOSED_3CD,PRODUCTION,LABELLER_DONE,1,after_first_bottle_label,11,DRAINED,DRAINED,NONE,True,8961.5386,True,True,0.0,500,500.1139,10655.0117,-3690.9698000000026,0,7091,7091,7091,12.769414,C:\Users\cta10\OneDrive\Desktop\part4\704\704GP1\Integration\Zhiyuan\experiment_runs_event_v4\production_labeller_done_01_rep11.result.txt,
DECOMPOSED_3CD,PRODUCTION,LABELLER_DONE,1,after_first_bottle_label,12,DRAINED,DRAINED,NONE,True,8974.655,True,True,0.0,500,500.5713,10677.0211,-3668.9604000000018,0,7082,7082,7082,12.18913,C:\Users\cta10\OneDrive\Desktop\part4\704\704GP1\Integration\Zhiyuan\experiment_runs_event_v4\production_labeller_done_01_rep12.result.txt,
DECOMPOSED_3CD,PRODUCTION,LABELLER_DONE,1,after_first_bottle_label,13,DRAINED,DRAINED,NONE,True,8993.9645,True,True,0.0,500,500.8248,10692.2049,-3653.776600000001,0,7098,7098,7098,12.808046,C:\Users\cta10\OneDrive\Desktop\part4\704\704GP1\Integration\Zhiyuan\experiment_runs_event_v4\production_labeller_done_01_rep13.result.txt,
DECOMPOSED_3CD,PRODUCTION,LABELLER_DONE,1,after_first_bottle_label,14,DRAINED,DRAINED,NONE,True,8974.3931,True,True,0.0,500,500.8241,10672.4507,-3673.5308000000023,0,7105,7105,7105,12.157404,C:\Users\cta10\OneDrive\Desktop\part4\704\704GP1\Integration\Zhiyuan\experiment_runs_event_v4\production_labeller_done_01_rep14.result.txt,
DECOMPOSED_3CD,PRODUCTION,LABELLER_DONE,1,after_first_bottle_label,15,DRAINED,DRAINED,NONE,True,8971.9183,True,True,0.0,500,501.3316,10671.0055,-3674.9760000000024,0,7090,7090,7090,12.784145,C:\Users\cta10\OneDrive\Desktop\part4\704\704GP1\Integration\Zhiyuan\experiment_runs_event_v4\production_labeller_done_01_rep15.result.txt,
DECOMPOSED_3CD,PRODUCTION,LABELLER_DONE,1,after_first_bottle_label,16,DRAINED,DRAINED,NONE,True,8979.4769,True,True,0.0,500,500.886,10688.6173,-3657.364200000002,0,7129,7129,7129,12.187927,C:\Users\cta10\OneDrive\Desktop\part4\704\704GP1\Integration\Zhiyuan\experiment_runs_event_v4\production_labeller_done_01_rep16.result.txt,
DECOMPOSED_3CD,PRODUCTION,LABELLER_DONE,1,after_first_bottle_label,17,DRAINED,DRAINED,NONE,True,8966.4951,True,True,0.0,500,500.1722,10671.1077,-3674.873800000001,0,7151,7151,7151,12.770572,C:\Users\cta10\OneDrive\Desktop\part4\704\704GP1\Integration\Zhiyuan\experiment_runs_event_v4\production_labeller_done_01_rep17.result.txt,
DECOMPOSED_3CD,PRODUCTION,LABELLER_DONE,1,after_first_bottle_label,18,DRAINED,DRAINED,NONE,True,8965.0095,True,True,0.0,500,500.7804,10670.0157,-3675.9658000000018,0,7176,7176,7176,12.174925,C:\Users\cta10\OneDrive\Desktop\part4\704\704GP1\Integration\Zhiyuan\experiment_runs_event_v4\production_labeller_done_01_rep18.result.txt,
DECOMPOSED_3CD,PRODUCTION,LABELLER_DONE,1,after_first_bottle_label,19,DRAINED,DRAINED,NONE,True,8975.304,True,True,0.0,500,500.4406,10668.8075,-3677.174000000001,0,7105,7105,7105,12.810943,C:\Users\cta10\OneDrive\Desktop\part4\704\704GP1\Integration\Zhiyuan\experiment_runs_event_v4\production_labeller_done_01_rep19.result.txt,
DECOMPOSED_3CD,PRODUCTION,LABELLER_DONE,1,after_first_bottle_label,20,EVENT_NOT_REACHED,FAULT,TABLE_ALIGNMENT_TIMEOUT,False,-1.0,False,False,-1.0,500,0.0,21781.7934,,0,14443,14443,14443,24.519251,C:\Users\cta10\OneDrive\Desktop\part4\704\704GP1\Integration\Zhiyuan\experiment_runs_event_v4\production_labeller_done_01_rep20.result.txt,
DECOMPOSED_3CD,PRODUCTION,UNLOADER_DONE,1,after_first_bottle_completion,1,DRAINED,DRAINED,NONE,True,10077.1887,True,True,0.0,500,501.4947,10659.1309,-3686.8506000000016,0,7075,7075,7075,12.761716,C:\Users\cta10\OneDrive\Desktop\part4\704\704GP1\Integration\Zhiyuan\experiment_runs_event_v4\production_unloader_done_01_rep01.result.txt,
DECOMPOSED_3CD,PRODUCTION,UNLOADER_DONE,1,after_first_bottle_completion,2,DRAINED,DRAINED,NONE,True,10111.7086,True,True,0.0,500,501.1135,10694.093,-3651.888500000001,0,6819,6819,6819,12.20584,C:\Users\cta10\OneDrive\Desktop\part4\704\704GP1\Integration\Zhiyuan\experiment_runs_event_v4\production_unloader_done_01_rep02.result.txt,
DECOMPOSED_3CD,PRODUCTION,UNLOADER_DONE,1,after_first_bottle_completion,3,EVENT_NOT_REACHED,FAULT,TABLE_ALIGNMENT_TIMEOUT,False,-1.0,False,False,-1.0,500,0.0,17073.8675,,0,11039,11039,11039,20.641487,C:\Users\cta10\OneDrive\Desktop\part4\704\704GP1\Integration\Zhiyuan\experiment_runs_event_v4\production_unloader_done_01_rep03.result.txt,
DECOMPOSED_3CD,PRODUCTION,UNLOADER_DONE,1,after_first_bottle_completion,4,DRAINED,DRAINED,NONE,True,10082.4206,True,True,0.0,500,500.1286,10662.9386,-3683.042900000002,0,7152,7152,7152,12.152226,C:\Users\cta10\OneDrive\Desktop\part4\704\704GP1\Integration\Zhiyuan\experiment_runs_event_v4\production_unloader_done_01_rep04.result.txt,
DECOMPOSED_3CD,PRODUCTION,UNLOADER_DONE,1,after_first_bottle_completion,5,DRAINED,DRAINED,NONE,True,10104.2086,True,True,0.0,500,501.8082,10689.7782,-3656.203300000001,0,7055,7055,7055,12.797525,C:\Users\cta10\OneDrive\Desktop\part4\704\704GP1\Integration\Zhiyuan\experiment_runs_event_v4\production_unloader_done_01_rep05.result.txt,
DECOMPOSED_3CD,PRODUCTION,UNLOADER_DONE,1,after_first_bottle_completion,6,EVENT_NOT_REACHED,FAULT,TABLE_ALIGNMENT_TIMEOUT,False,-1.0,False,False,-1.0,500,0.0,17065.1521,,0,11345,11345,11345,20.532941,C:\Users\cta10\OneDrive\Desktop\part4\704\704GP1\Integration\Zhiyuan\experiment_runs_event_v4\production_unloader_done_01_rep06.result.txt,
DECOMPOSED_3CD,PRODUCTION,UNLOADER_DONE,1,after_first_bottle_completion,7,DRAINED,DRAINED,NONE,True,10099.6672,True,True,0.0,500,500.2493,10678.9509,-3667.030600000002,0,6965,6965,6965,12.78215,C:\Users\cta10\OneDrive\Desktop\part4\704\704GP1\Integration\Zhiyuan\experiment_runs_event_v4\production_unloader_done_01_rep07.result.txt,
DECOMPOSED_3CD,PRODUCTION,UNLOADER_DONE,1,after_first_bottle_completion,8,DRAINED,DRAINED,NONE,True,10099.6889,True,True,0.0,500,501.0538,10686.3412,-3659.640300000001,0,7060,7060,7060,12.153121,C:\Users\cta10\OneDrive\Desktop\part4\704\704GP1\Integration\Zhiyuan\experiment_runs_event_v4\production_unloader_done_01_rep08.result.txt,
DECOMPOSED_3CD,PRODUCTION,UNLOADER_DONE,1,after_first_bottle_completion,9,DRAINED,DRAINED,NONE,True,10083.4065,True,True,0.0,500,501.7311,10666.2233,-3679.758200000002,0,7106,7106,7106,12.770411,C:\Users\cta10\OneDrive\Desktop\part4\704\704GP1\Integration\Zhiyuan\experiment_runs_event_v4\production_unloader_done_01_rep09.result.txt,
DECOMPOSED_3CD,PRODUCTION,UNLOADER_DONE,1,after_first_bottle_completion,10,EVENT_NOT_REACHED,FAULT,TABLE_ALIGNMENT_TIMEOUT,False,-1.0,False,False,-1.0,500,0.0,23405.4377,,0,15565,15565,15565,27.099464,C:\Users\cta10\OneDrive\Desktop\part4\704\704GP1\Integration\Zhiyuan\experiment_runs_event_v4\production_unloader_done_01_rep10.result.txt,
DECOMPOSED_3CD,PRODUCTION,UNLOADER_DONE,1,after_first_bottle_completion,11,DRAINED,DRAINED,NONE,True,10085.3599,True,True,0.0,500,501.8554,10670.4283,-3675.553200000002,0,7028,7028,7028,12.805463,C:\Users\cta10\OneDrive\Desktop\part4\704\704GP1\Integration\Zhiyuan\experiment_runs_event_v4\production_unloader_done_01_rep11.result.txt,
DECOMPOSED_3CD,PRODUCTION,UNLOADER_DONE,1,after_first_bottle_completion,12,DRAINED,DRAINED,NONE,True,10091.3194,True,True,0.0,500,500.1344,10671.5603,-3674.4212000000025,0,6932,6932,6932,12.182991,C:\Users\cta10\OneDrive\Desktop\part4\704\704GP1\Integration\Zhiyuan\experiment_runs_event_v4\production_unloader_done_01_rep12.result.txt,
DECOMPOSED_3CD,PRODUCTION,UNLOADER_DONE,1,after_first_bottle_completion,13,DRAINED,DRAINED,NONE,True,10085.0113,True,True,0.0,500,500.5927,10670.866,-3675.1155000000017,0,7018,7018,7018,12.784538,C:\Users\cta10\OneDrive\Desktop\part4\704\704GP1\Integration\Zhiyuan\experiment_runs_event_v4\production_unloader_done_01_rep13.result.txt,
DECOMPOSED_3CD,PRODUCTION,UNLOADER_DONE,1,after_first_bottle_completion,14,DRAINED,DRAINED,NONE,True,10079.1891,True,True,0.0,500,501.571,10663.6001,-3682.381400000002,0,7050,7050,7050,12.181682,C:\Users\cta10\OneDrive\Desktop\part4\704\704GP1\Integration\Zhiyuan\experiment_runs_event_v4\production_unloader_done_01_rep14.result.txt,
DECOMPOSED_3CD,PRODUCTION,UNLOADER_DONE,1,after_first_bottle_completion,15,DRAINED,DRAINED,NONE,True,10088.1006,True,True,0.0,500,501.2206,10668.2646,-3677.7169000000013,0,7110,7110,7110,12.786456,C:\Users\cta10\OneDrive\Desktop\part4\704\704GP1\Integration\Zhiyuan\experiment_runs_event_v4\production_unloader_done_01_rep15.result.txt,
DECOMPOSED_3CD,PRODUCTION,UNLOADER_DONE,1,after_first_bottle_completion,16,DRAINED,DRAINED,NONE,True,10083.9136,True,True,0.0,500,501.0546,10663.7981,-3682.1834000000017,0,7153,7153,7153,12.18763,C:\Users\cta10\OneDrive\Desktop\part4\704\704GP1\Integration\Zhiyuan\experiment_runs_event_v4\production_unloader_done_01_rep16.result.txt,
DECOMPOSED_3CD,PRODUCTION,UNLOADER_DONE,1,after_first_bottle_completion,17,DRAINED,DRAINED,NONE,True,10089.8284,True,True,0.0,500,501.6096,10685.3637,-3660.617800000002,0,6987,6987,6987,12.790547,C:\Users\cta10\OneDrive\Desktop\part4\704\704GP1\Integration\Zhiyuan\experiment_runs_event_v4\production_unloader_done_01_rep17.result.txt,
DECOMPOSED_3CD,PRODUCTION,UNLOADER_DONE,1,after_first_bottle_completion,18,DRAINED,DRAINED,NONE,True,10085.36,True,True,0.0,500,500.3808,10665.905,-3680.076500000001,0,7059,7059,7059,12.168366,C:\Users\cta10\OneDrive\Desktop\part4\704\704GP1\Integration\Zhiyuan\experiment_runs_event_v4\production_unloader_done_01_rep18.result.txt,
DECOMPOSED_3CD,PRODUCTION,UNLOADER_DONE,1,after_first_bottle_completion,19,DRAINED,DRAINED,NONE,True,10096.3186,True,True,0.0,500,500.394,10674.5075,-3671.474000000002,0,7025,7025,7025,12.802011,C:\Users\cta10\OneDrive\Desktop\part4\704\704GP1\Integration\Zhiyuan\experiment_runs_event_v4\production_unloader_done_01_rep19.result.txt,
DECOMPOSED_3CD,PRODUCTION,UNLOADER_DONE,1,after_first_bottle_completion,20,DRAINED,DRAINED,NONE,True,10077.834,True,True,0.0,500,501.8147,10664.6041,-3681.377400000001,0,7031,7031,7031,12.171805,C:\Users\cta10\OneDrive\Desktop\part4\704\704GP1\Integration\Zhiyuan\experiment_runs_event_v4\production_unloader_done_01_rep20.result.txt,
DECOMPOSED_3CD,PRODUCTION,LOADER_DONE,2,after_second_bottle_admitted,1,DRAINED,DRAINED,NONE,True,3585.7654,True,True,0.0,500,500.1288,10664.3986,-3681.5829000000012,0,6996,6996,6996,12.786373,C:\Users\cta10\OneDrive\Desktop\part4\704\704GP1\Integration\Zhiyuan\experiment_runs_event_v4\production_loader_done_02_rep01.result.txt,
DECOMPOSED_3CD,PRODUCTION,LOADER_DONE,2,after_second_bottle_admitted,2,DRAINED,DRAINED,NONE,True,3594.212,True,True,0.0,500,500.1356,10682.5461,-3663.435400000002,0,7128,7128,7128,12.168724,C:\Users\cta10\OneDrive\Desktop\part4\704\704GP1\Integration\Zhiyuan\experiment_runs_event_v4\production_loader_done_02_rep02.result.txt,
DECOMPOSED_3CD,PRODUCTION,LOADER_DONE,2,after_second_bottle_admitted,3,DRAINED,DRAINED,NONE,True,3595.4912,True,True,0.0,500,501.3627,10675.2011,-3670.7804000000015,0,7204,7204,7204,12.82744,C:\Users\cta10\OneDrive\Desktop\part4\704\704GP1\Integration\Zhiyuan\experiment_runs_event_v4\production_loader_done_02_rep03.result.txt,
DECOMPOSED_3CD,PRODUCTION,LOADER_DONE,2,after_second_bottle_admitted,4,DRAINED,DRAINED,NONE,True,3592.0176,True,True,0.0,500,500.9849,10682.6405,-3663.341000000002,0,7122,7122,7122,12.193102,C:\Users\cta10\OneDrive\Desktop\part4\704\704GP1\Integration\Zhiyuan\experiment_runs_event_v4\production_loader_done_02_rep04.result.txt,
DECOMPOSED_3CD,PRODUCTION,LOADER_DONE,2,after_second_bottle_admitted,5,DRAINED,DRAINED,NONE,True,3589.535,True,True,0.0,500,500.8073,10689.4266,-3656.554900000001,0,7123,7123,7123,12.791762,C:\Users\cta10\OneDrive\Desktop\part4\704\704GP1\Integration\Zhiyuan\experiment_runs_event_v4\production_loader_done_02_rep05.result.txt,
DECOMPOSED_3CD,PRODUCTION,LOADER_DONE,2,after_second_bottle_admitted,6,DRAINED,DRAINED,NONE,True,3599.8308,True,True,0.0,500,500.4636,10676.3231,-3669.658400000002,0,7085,7085,7085,12.166854,C:\Users\cta10\OneDrive\Desktop\part4\704\704GP1\Integration\Zhiyuan\experiment_runs_event_v4\production_loader_done_02_rep06.result.txt,
DECOMPOSED_3CD,PRODUCTION,LOADER_DONE,2,after_second_bottle_admitted,7,DRAINED,DRAINED,NONE,True,3583.3534,True,True,0.0,500,501.3053,10680.0732,-3665.908300000001,0,6953,6953,6953,12.779306,C:\Users\cta10\OneDrive\Desktop\part4\704\704GP1\Integration\Zhiyuan\experiment_runs_event_v4\production_loader_done_02_rep07.result.txt,
DECOMPOSED_3CD,PRODUCTION,LOADER_DONE,2,after_second_bottle_admitted,8,DRAINED,DRAINED,NONE,True,3597.1583,True,True,0.0,500,500.5068,10673.2192,-3672.762300000002,0,7039,7039,7039,12.157536,C:\Users\cta10\OneDrive\Desktop\part4\704\704GP1\Integration\Zhiyuan\experiment_runs_event_v4\production_loader_done_02_rep08.result.txt,
DECOMPOSED_3CD,PRODUCTION,LOADER_DONE,2,after_second_bottle_admitted,9,DRAINED,DRAINED,NONE,True,3596.1969,True,True,0.0,500,500.9367,10671.3745,-3674.607000000002,0,7109,7109,7109,12.782936,C:\Users\cta10\OneDrive\Desktop\part4\704\704GP1\Integration\Zhiyuan\experiment_runs_event_v4\production_loader_done_02_rep09.result.txt,
DECOMPOSED_3CD,PRODUCTION,LOADER_DONE,2,after_second_bottle_admitted,10,DRAINED,DRAINED,NONE,True,3594.7713,True,True,0.0,500,500.1098,10676.5322,-3669.449300000002,0,7036,7036,7036,12.185402,C:\Users\cta10\OneDrive\Desktop\part4\704\704GP1\Integration\Zhiyuan\experiment_runs_event_v4\production_loader_done_02_rep10.result.txt,
DECOMPOSED_3CD,PRODUCTION,LOADER_DONE,2,after_second_bottle_admitted,11,EVENT_NOT_REACHED,FAULT,TABLE_ALIGNMENT_TIMEOUT,False,-1.0,False,False,-1.0,500,0.0,17066.1884,,0,11352,11352,11352,21.641409,C:\Users\cta10\OneDrive\Desktop\part4\704\704GP1\Integration\Zhiyuan\experiment_runs_event_v4\production_loader_done_02_rep11.result.txt,
DECOMPOSED_3CD,PRODUCTION,LOADER_DONE,2,after_second_bottle_admitted,12,DRAINED,DRAINED,NONE,True,3590.8841,True,True,0.0,500,501.8235,10658.9199,-3687.061600000001,0,7169,7169,7169,12.15497,C:\Users\cta10\OneDrive\Desktop\part4\704\704GP1\Integration\Zhiyuan\experiment_runs_event_v4\production_loader_done_02_rep12.result.txt,
DECOMPOSED_3CD,PRODUCTION,LOADER_DONE,2,after_second_bottle_admitted,13,DRAINED,DRAINED,NONE,True,3591.6462,True,True,0.0,500,500.2244,10672.8839,-3673.097600000001,0,6961,6961,6961,12.771574,C:\Users\cta10\OneDrive\Desktop\part4\704\704GP1\Integration\Zhiyuan\experiment_runs_event_v4\production_loader_done_02_rep13.result.txt,
DECOMPOSED_3CD,PRODUCTION,LOADER_DONE,2,after_second_bottle_admitted,14,DRAINED,DRAINED,NONE,True,3596.7025,True,True,0.0,500,501.4912,10676.6432,-3669.3383000000013,0,6961,6961,6961,12.194494,C:\Users\cta10\OneDrive\Desktop\part4\704\704GP1\Integration\Zhiyuan\experiment_runs_event_v4\production_loader_done_02_rep14.result.txt,
DECOMPOSED_3CD,PRODUCTION,LOADER_DONE,2,after_second_bottle_admitted,15,FAULT,FAULT,TABLE_ALIGNMENT_TIMEOUT,True,3588.2441,True,True,0.0,500,500.5997,23878.3084,,0,16022,16022,16022,27.6484,C:\Users\cta10\OneDrive\Desktop\part4\704\704GP1\Integration\Zhiyuan\experiment_runs_event_v4\production_loader_done_02_rep15.result.txt,
DECOMPOSED_3CD,PRODUCTION,LOADER_DONE,2,after_second_bottle_admitted,16,DRAINED,DRAINED,NONE,True,3585.8952,True,True,0.0,500,500.3451,10672.328,-3673.653500000002,0,7087,7087,7087,12.146351,C:\Users\cta10\OneDrive\Desktop\part4\704\704GP1\Integration\Zhiyuan\experiment_runs_event_v4\production_loader_done_02_rep16.result.txt,
DECOMPOSED_3CD,PRODUCTION,LOADER_DONE,2,after_second_bottle_admitted,17,EVENT_NOT_REACHED,FAULT,TABLE_ALIGNMENT_TIMEOUT,False,-1.0,False,False,-1.0,500,0.0,17070.5924,,0,11422,11422,11422,21.117316,C:\Users\cta10\OneDrive\Desktop\part4\704\704GP1\Integration\Zhiyuan\experiment_runs_event_v4\production_loader_done_02_rep17.result.txt,
DECOMPOSED_3CD,PRODUCTION,LOADER_DONE,2,after_second_bottle_admitted,18,DRAINED,DRAINED,NONE,True,3589.1055,True,True,0.0,500,501.0448,10676.2016,-3669.7799000000014,0,7101,7101,7101,12.13347,C:\Users\cta10\OneDrive\Desktop\part4\704\704GP1\Integration\Zhiyuan\experiment_runs_event_v4\production_loader_done_02_rep18.result.txt,
DECOMPOSED_3CD,PRODUCTION,LOADER_DONE,2,after_second_bottle_admitted,19,DRAINED,DRAINED,NONE,True,3593.4457,True,True,0.0,500,500.8853,10681.8773,-3664.1042000000016,0,7047,7047,7047,12.780729,C:\Users\cta10\OneDrive\Desktop\part4\704\704GP1\Integration\Zhiyuan\experiment_runs_event_v4\production_loader_done_02_rep19.result.txt,
DECOMPOSED_3CD,PRODUCTION,LOADER_DONE,2,after_second_bottle_admitted,20,EVENT_NOT_REACHED,FAULT,TABLE_ALIGNMENT_TIMEOUT,False,-1.0,False,False,-1.0,500,0.0,17070.7806,,0,11290,11290,11290,20.574653,C:\Users\cta10\OneDrive\Desktop\part4\704\704GP1\Integration\Zhiyuan\experiment_runs_event_v4\production_loader_done_02_rep20.result.txt,
DECOMPOSED_3CD,PRODUCTION,CONVEYOR_DONE,2,after_second_bottle_transfer_to_rotary,1,DRAINED,DRAINED,NONE,True,4620.7536,True,True,0.0,500,501.3702,10678.606,-3667.375500000002,0,6992,6992,6992,12.772951,C:\Users\cta10\OneDrive\Desktop\part4\704\704GP1\Integration\Zhiyuan\experiment_runs_event_v4\production_conveyor_done_02_rep01.result.txt,
DECOMPOSED_3CD,PRODUCTION,CONVEYOR_DONE,2,after_second_bottle_transfer_to_rotary,2,DRAINED,DRAINED,NONE,True,4620.1111,True,True,0.0,500,500.0156,10691.6173,-3654.364200000002,0,6975,6975,6975,12.170625,C:\Users\cta10\OneDrive\Desktop\part4\704\704GP1\Integration\Zhiyuan\experiment_runs_event_v4\production_conveyor_done_02_rep02.result.txt,
DECOMPOSED_3CD,PRODUCTION,CONVEYOR_DONE,2,after_second_bottle_transfer_to_rotary,3,DRAINED,DRAINED,NONE,True,4623.0853,True,True,0.0,500,501.7644,10689.9318,-3656.0497000000014,0,7017,7017,7017,12.829493,C:\Users\cta10\OneDrive\Desktop\part4\704\704GP1\Integration\Zhiyuan\experiment_runs_event_v4\production_conveyor_done_02_rep03.result.txt,
DECOMPOSED_3CD,PRODUCTION,CONVEYOR_DONE,2,after_second_bottle_transfer_to_rotary,4,DRAINED,DRAINED,NONE,True,4630.7898,True,True,0.0,500,500.5524,10683.2947,-3662.6868000000013,0,7050,7050,7050,12.191811,C:\Users\cta10\OneDrive\Desktop\part4\704\704GP1\Integration\Zhiyuan\experiment_runs_event_v4\production_conveyor_done_02_rep04.result.txt,
DECOMPOSED_3CD,PRODUCTION,CONVEYOR_DONE,2,after_second_bottle_transfer_to_rotary,5,DRAINED,DRAINED,NONE,True,4624.7083,True,True,0.0,500,500.9291,10684.8164,-3661.165100000002,0,7019,7019,7019,12.803952,C:\Users\cta10\OneDrive\Desktop\part4\704\704GP1\Integration\Zhiyuan\experiment_runs_event_v4\production_conveyor_done_02_rep05.result.txt,
DECOMPOSED_3CD,PRODUCTION,CONVEYOR_DONE,2,after_second_bottle_transfer_to_rotary,6,FAULT,FAULT,TABLE_ALIGNMENT_TIMEOUT,True,4617.8015,True,True,0.0,500,500.2485,21671.6644,,0,14470,14470,14470,24.541672,C:\Users\cta10\OneDrive\Desktop\part4\704\704GP1\Integration\Zhiyuan\experiment_runs_event_v4\production_conveyor_done_02_rep06.result.txt,
DECOMPOSED_3CD,PRODUCTION,CONVEYOR_DONE,2,after_second_bottle_transfer_to_rotary,7,DRAINED,DRAINED,NONE,True,4620.9866,True,True,0.0,500,501.295,10681.2446,-3664.7369000000017,0,7062,7062,7062,12.793738,C:\Users\cta10\OneDrive\Desktop\part4\704\704GP1\Integration\Zhiyuan\experiment_runs_event_v4\production_conveyor_done_02_rep07.result.txt,
DECOMPOSED_3CD,PRODUCTION,CONVEYOR_DONE,2,after_second_bottle_transfer_to_rotary,8,FAULT,FAULT,TABLE_ALIGNMENT_TIMEOUT,True,4624.8468,True,True,0.0,500,500.3778,22288.7237,,0,14671,14671,14671,25.057498,C:\Users\cta10\OneDrive\Desktop\part4\704\704GP1\Integration\Zhiyuan\experiment_runs_event_v4\production_conveyor_done_02_rep08.result.txt,
DECOMPOSED_3CD,PRODUCTION,CONVEYOR_DONE,2,after_second_bottle_transfer_to_rotary,9,DRAINED,DRAINED,NONE,True,4624.2087,True,True,0.0,500,500.9927,10692.471,-3653.510500000002,0,7031,7031,7031,12.808105,C:\Users\cta10\OneDrive\Desktop\part4\704\704GP1\Integration\Zhiyuan\experiment_runs_event_v4\production_conveyor_done_02_rep09.result.txt,
DECOMPOSED_3CD,PRODUCTION,CONVEYOR_DONE,2,after_second_bottle_transfer_to_rotary,10,DRAINED,DRAINED,NONE,True,4626.7154,True,True,0.0,500,500.9669,10688.8195,-3657.162000000002,0,6965,6965,6965,12.195102,C:\Users\cta10\OneDrive\Desktop\part4\704\704GP1\Integration\Zhiyuan\experiment_runs_event_v4\production_conveyor_done_02_rep10.result.txt,
DECOMPOSED_3CD,PRODUCTION,CONVEYOR_DONE,2,after_second_bottle_transfer_to_rotary,11,DRAINED,DRAINED,NONE,True,4625.9993,True,True,0.0,500,501.8606,10691.9107,-3654.0708000000013,0,6948,6948,6948,12.803224,C:\Users\cta10\OneDrive\Desktop\part4\704\704GP1\Integration\Zhiyuan\experiment_runs_event_v4\production_conveyor_done_02_rep11.result.txt,
DECOMPOSED_3CD,PRODUCTION,CONVEYOR_DONE,2,after_second_bottle_transfer_to_rotary,12,DRAINED,DRAINED,NONE,True,4621.6102,True,True,0.0,500,500.51,10685.0403,-3660.941200000001,0,7032,7032,7032,12.223085,C:\Users\cta10\OneDrive\Desktop\part4\704\704GP1\Integration\Zhiyuan\experiment_runs_event_v4\production_conveyor_done_02_rep12.result.txt,
DECOMPOSED_3CD,PRODUCTION,CONVEYOR_DONE,2,after_second_bottle_transfer_to_rotary,13,DRAINED,DRAINED,NONE,True,4616.0918,True,True,0.0,500,500.2955,10685.4913,-3660.490200000002,0,7027,7027,7027,12.799618,C:\Users\cta10\OneDrive\Desktop\part4\704\704GP1\Integration\Zhiyuan\experiment_runs_event_v4\production_conveyor_done_02_rep13.result.txt,
DECOMPOSED_3CD,PRODUCTION,CONVEYOR_DONE,2,after_second_bottle_transfer_to_rotary,14,DRAINED,DRAINED,NONE,True,4622.2826,True,True,0.0,500,501.7773,10698.3354,-3647.6461000000018,0,7037,7037,7037,12.205118,C:\Users\cta10\OneDrive\Desktop\part4\704\704GP1\Integration\Zhiyuan\experiment_runs_event_v4\production_conveyor_done_02_rep14.result.txt,
DECOMPOSED_3CD,PRODUCTION,CONVEYOR_DONE,2,after_second_bottle_transfer_to_rotary,15,DRAINED,DRAINED,NONE,True,4624.4123,True,True,0.0,500,500.9907,10677.5447,-3668.4368000000013,0,6871,6871,6871,12.797276,C:\Users\cta10\OneDrive\Desktop\part4\704\704GP1\Integration\Zhiyuan\experiment_runs_event_v4\production_conveyor_done_02_rep15.result.txt,
DECOMPOSED_3CD,PRODUCTION,CONVEYOR_DONE,2,after_second_bottle_transfer_to_rotary,16,DRAINED,DRAINED,NONE,True,4626.6886,True,True,0.0,500,500.7023,10694.1623,-3651.8192000000017,0,7012,7012,7012,12.209772,C:\Users\cta10\OneDrive\Desktop\part4\704\704GP1\Integration\Zhiyuan\experiment_runs_event_v4\production_conveyor_done_02_rep16.result.txt,
DECOMPOSED_3CD,PRODUCTION,CONVEYOR_DONE,2,after_second_bottle_transfer_to_rotary,17,DRAINED,DRAINED,NONE,True,4625.5744,True,True,0.0,500,500.4469,10681.8957,-3664.0858000000026,0,6972,6972,6972,12.790236,C:\Users\cta10\OneDrive\Desktop\part4\704\704GP1\Integration\Zhiyuan\experiment_runs_event_v4\production_conveyor_done_02_rep17.result.txt,
DECOMPOSED_3CD,PRODUCTION,CONVEYOR_DONE,2,after_second_bottle_transfer_to_rotary,18,DRAINED,DRAINED,NONE,True,4620.0783,True,True,0.0,500,500.0417,10684.5327,-3661.448800000002,0,7014,7014,7014,12.187968,C:\Users\cta10\OneDrive\Desktop\part4\704\704GP1\Integration\Zhiyuan\experiment_runs_event_v4\production_conveyor_done_02_rep18.result.txt,
DECOMPOSED_3CD,PRODUCTION,CONVEYOR_DONE,2,after_second_bottle_transfer_to_rotary,19,DRAINED,DRAINED,NONE,True,4624.0536,True,True,0.0,500,501.7106,10686.5929,-3659.388600000002,0,7000,7000,7000,12.797838,C:\Users\cta10\OneDrive\Desktop\part4\704\704GP1\Integration\Zhiyuan\experiment_runs_event_v4\production_conveyor_done_02_rep19.result.txt,
DECOMPOSED_3CD,PRODUCTION,CONVEYOR_DONE,2,after_second_bottle_transfer_to_rotary,20,FAULT,FAULT,TABLE_ALIGNMENT_TIMEOUT,True,4628.5173,True,True,0.0,500,501.6253,21681.2338,,0,14581,14581,14581,25.056757,C:\Users\cta10\OneDrive\Desktop\part4\704\704GP1\Integration\Zhiyuan\experiment_runs_event_v4\production_conveyor_done_02_rep20.result.txt,
DECOMPOSED_3CD,PRODUCTION,FILLER_DONE,2,after_second_bottle_fill,1,DRAINED,DRAINED,NONE,True,6168.3753,True,True,0.0,500,500.535,10681.8349,-3664.146600000002,0,7035,7035,7035,12.828041,C:\Users\cta10\OneDrive\Desktop\part4\704\704GP1\Integration\Zhiyuan\experiment_runs_event_v4\production_filler_done_02_rep01.result.txt,
DECOMPOSED_3CD,PRODUCTION,FILLER_DONE,2,after_second_bottle_fill,2,DRAINED,DRAINED,NONE,True,6165.9128,True,True,0.0,500,501.5393,10680.6135,-3665.368000000002,0,7069,7069,7069,12.149692,C:\Users\cta10\OneDrive\Desktop\part4\704\704GP1\Integration\Zhiyuan\experiment_runs_event_v4\production_filler_done_02_rep02.result.txt,
DECOMPOSED_3CD,PRODUCTION,FILLER_DONE,2,after_second_bottle_fill,3,FAULT,FAULT,TABLE_ALIGNMENT_TIMEOUT,True,6161.6294,True,True,0.0,500,500.2021,22275.5129,,0,14905,14905,14905,26.13702,C:\Users\cta10\OneDrive\Desktop\part4\704\704GP1\Integration\Zhiyuan\experiment_runs_event_v4\production_filler_done_02_rep03.result.txt,
DECOMPOSED_3CD,PRODUCTION,FILLER_DONE,2,after_second_bottle_fill,4,DRAINED,DRAINED,NONE,True,6164.2959,True,True,0.0,500,501.9511,10694.4184,-3651.563100000001,0,7082,7082,7082,12.239776,C:\Users\cta10\OneDrive\Desktop\part4\704\704GP1\Integration\Zhiyuan\experiment_runs_event_v4\production_filler_done_02_rep04.result.txt,
DECOMPOSED_3CD,PRODUCTION,FILLER_DONE,2,after_second_bottle_fill,5,DRAINED,DRAINED,NONE,True,6169.0778,True,True,0.0,500,501.2487,10684.4233,-3661.5582000000013,0,7078,7078,7078,12.778975,C:\Users\cta10\OneDrive\Desktop\part4\704\704GP1\Integration\Zhiyuan\experiment_runs_event_v4\production_filler_done_02_rep05.result.txt,
DECOMPOSED_3CD,PRODUCTION,FILLER_DONE,2,after_second_bottle_fill,6,EVENT_NOT_REACHED,FAULT,TABLE_ALIGNMENT_TIMEOUT,False,-1.0,False,False,-1.0,500,0.0,17066.6464,,0,11437,11437,11437,20.041224,C:\Users\cta10\OneDrive\Desktop\part4\704\704GP1\Integration\Zhiyuan\experiment_runs_event_v4\production_filler_done_02_rep06.result.txt,
DECOMPOSED_3CD,PRODUCTION,FILLER_DONE,2,after_second_bottle_fill,7,DRAINED,DRAINED,NONE,True,6171.202,True,True,0.0,500,500.8565,10677.0148,-3668.966700000001,0,7170,7170,7170,12.80915,C:\Users\cta10\OneDrive\Desktop\part4\704\704GP1\Integration\Zhiyuan\experiment_runs_event_v4\production_filler_done_02_rep07.result.txt,
DECOMPOSED_3CD,PRODUCTION,FILLER_DONE,2,after_second_bottle_fill,8,DRAINED,DRAINED,NONE,True,6166.845,True,True,0.0,500,502.0127,10688.6755,-3657.3060000000023,0,7030,7030,7030,12.176708,C:\Users\cta10\OneDrive\Desktop\part4\704\704GP1\Integration\Zhiyuan\experiment_runs_event_v4\production_filler_done_02_rep08.result.txt,
DECOMPOSED_3CD,PRODUCTION,FILLER_DONE,2,after_second_bottle_fill,9,DRAINED,DRAINED,NONE,True,6157.9125,True,True,0.0,500,501.8839,10688.9325,-3657.049000000001,0,6980,6980,6980,12.795642,C:\Users\cta10\OneDrive\Desktop\part4\704\704GP1\Integration\Zhiyuan\experiment_runs_event_v4\production_filler_done_02_rep09.result.txt,
DECOMPOSED_3CD,PRODUCTION,FILLER_DONE,2,after_second_bottle_fill,10,DRAINED,DRAINED,NONE,True,6170.0406,True,True,0.0,500,501.531,10685.7277,-3660.2538000000022,0,7012,7012,7012,12.190943,C:\Users\cta10\OneDrive\Desktop\part4\704\704GP1\Integration\Zhiyuan\experiment_runs_event_v4\production_filler_done_02_rep10.result.txt,
DECOMPOSED_3CD,PRODUCTION,FILLER_DONE,2,after_second_bottle_fill,11,DRAINED,DRAINED,NONE,True,6173.8719,True,True,0.0,500,500.6275,10688.5364,-3657.445100000001,0,7003,7003,7003,12.83962,C:\Users\cta10\OneDrive\Desktop\part4\704\704GP1\Integration\Zhiyuan\experiment_runs_event_v4\production_filler_done_02_rep11.result.txt,
DECOMPOSED_3CD,PRODUCTION,FILLER_DONE,2,after_second_bottle_fill,12,DRAINED,DRAINED,NONE,True,6171.8327,True,True,0.0,500,500.4032,10698.6632,-3647.318300000001,0,7073,7073,7073,12.213933,C:\Users\cta10\OneDrive\Desktop\part4\704\704GP1\Integration\Zhiyuan\experiment_runs_event_v4\production_filler_done_02_rep12.result.txt,
DECOMPOSED_3CD,PRODUCTION,FILLER_DONE,2,after_second_bottle_fill,13,EVENT_NOT_REACHED,FAULT,TABLE_ALIGNMENT_TIMEOUT,False,-1.0,False,False,-1.0,500,0.0,17066.6338,,0,11287,11287,11287,21.175333,C:\Users\cta10\OneDrive\Desktop\part4\704\704GP1\Integration\Zhiyuan\experiment_runs_event_v4\production_filler_done_02_rep13.result.txt,
DECOMPOSED_3CD,PRODUCTION,FILLER_DONE,2,after_second_bottle_fill,14,DRAINED,DRAINED,NONE,True,6161.2982,True,True,0.0,500,502.0022,10691.6239,-3654.357600000001,0,7041,7041,7041,12.171729,C:\Users\cta10\OneDrive\Desktop\part4\704\704GP1\Integration\Zhiyuan\experiment_runs_event_v4\production_filler_done_02_rep14.result.txt,
DECOMPOSED_3CD,PRODUCTION,FILLER_DONE,2,after_second_bottle_fill,15,DRAINED,DRAINED,NONE,True,6169.745,True,True,0.0,500,500.5935,10673.2002,-3672.7813000000024,0,7069,7069,7069,12.763594,C:\Users\cta10\OneDrive\Desktop\part4\704\704GP1\Integration\Zhiyuan\experiment_runs_event_v4\production_filler_done_02_rep15.result.txt,
DECOMPOSED_3CD,PRODUCTION,FILLER_DONE,2,after_second_bottle_fill,16,DRAINED,DRAINED,NONE,True,6168.9084,True,True,0.0,500,500.8415,10673.6983,-3672.2832000000017,0,7007,7007,7007,12.197625,C:\Users\cta10\OneDrive\Desktop\part4\704\704GP1\Integration\Zhiyuan\experiment_runs_event_v4\production_filler_done_02_rep16.result.txt,
DECOMPOSED_3CD,PRODUCTION,FILLER_DONE,2,after_second_bottle_fill,17,DRAINED,DRAINED,NONE,True,6162.5564,True,True,0.0,500,500.9892,10690.7969,-3655.1846000000023,0,6998,6998,6998,12.785777,C:\Users\cta10\OneDrive\Desktop\part4\704\704GP1\Integration\Zhiyuan\experiment_runs_event_v4\production_filler_done_02_rep17.result.txt,
DECOMPOSED_3CD,PRODUCTION,FILLER_DONE,2,after_second_bottle_fill,18,DRAINED,DRAINED,NONE,True,6166.1675,True,True,0.0,500,501.5515,10701.8169,-3644.164600000002,0,7061,7061,7061,12.188279,C:\Users\cta10\OneDrive\Desktop\part4\704\704GP1\Integration\Zhiyuan\experiment_runs_event_v4\production_filler_done_02_rep18.result.txt,
DECOMPOSED_3CD,PRODUCTION,FILLER_DONE,2,after_second_bottle_fill,19,EVENT_NOT_REACHED,FAULT,TABLE_ALIGNMENT_TIMEOUT,False,-1.0,False,False,-1.0,500,0.0,17064.564,,0,11498,11498,11498,21.112302,C:\Users\cta10\OneDrive\Desktop\part4\704\704GP1\Integration\Zhiyuan\experiment_runs_event_v4\production_filler_done_02_rep19.result.txt,
DECOMPOSED_3CD,PRODUCTION,FILLER_DONE,2,after_second_bottle_fill,20,DRAINED,DRAINED,NONE,True,6162.4493,True,True,0.0,500,501.1797,10680.8068,-3665.1747000000014,0,7009,7009,7009,12.212706,C:\Users\cta10\OneDrive\Desktop\part4\704\704GP1\Integration\Zhiyuan\experiment_runs_event_v4\production_filler_done_02_rep20.result.txt,
DECOMPOSED_3CD,PRODUCTION,TABLE_ALIGNED,3,after_third_confirmed_rotation,1,DRAINED,DRAINED,NONE,True,6684.7958,True,True,0.0,500,500.1785,10692.8428,-3653.1387000000013,0,7061,7061,7061,12.820769,C:\Users\cta10\OneDrive\Desktop\part4\704\704GP1\Integration\Zhiyuan\experiment_runs_event_v4\production_table_aligned_03_rep01.result.txt,
DECOMPOSED_3CD,PRODUCTION,TABLE_ALIGNED,3,after_third_confirmed_rotation,2,DRAINED,DRAINED,NONE,True,6683.0355,True,True,0.0,500,500.5314,10689.1816,-3656.799900000002,0,6966,6966,6966,12.243625,C:\Users\cta10\OneDrive\Desktop\part4\704\704GP1\Integration\Zhiyuan\experiment_runs_event_v4\production_table_aligned_03_rep02.result.txt,
DECOMPOSED_3CD,PRODUCTION,TABLE_ALIGNED,3,after_third_confirmed_rotation,3,FAULT,FAULT,TABLE_ALIGNMENT_TIMEOUT,True,6691.9648,True,True,0.0,500,500.0244,23905.1317,,0,15876,15876,15876,27.710449,C:\Users\cta10\OneDrive\Desktop\part4\704\704GP1\Integration\Zhiyuan\experiment_runs_event_v4\production_table_aligned_03_rep03.result.txt,
DECOMPOSED_3CD,PRODUCTION,TABLE_ALIGNED,3,after_third_confirmed_rotation,4,DRAINED,DRAINED,NONE,True,6691.7921,True,True,0.0,500,500.9993,10682.6529,-3663.3286000000026,0,7084,7084,7084,12.19452,C:\Users\cta10\OneDrive\Desktop\part4\704\704GP1\Integration\Zhiyuan\experiment_runs_event_v4\production_table_aligned_03_rep04.result.txt,
DECOMPOSED_3CD,PRODUCTION,TABLE_ALIGNED,3,after_third_confirmed_rotation,5,DRAINED,DRAINED,NONE,True,6678.9763,True,True,0.0,500,500.9397,10683.5226,-3662.4589000000014,0,7043,7043,7043,12.78354,C:\Users\cta10\OneDrive\Desktop\part4\704\704GP1\Integration\Zhiyuan\experiment_runs_event_v4\production_table_aligned_03_rep05.result.txt,
DECOMPOSED_3CD,PRODUCTION,TABLE_ALIGNED,3,after_third_confirmed_rotation,6,DRAINED,DRAINED,NONE,True,6685.7396,True,True,0.0,500,501.3074,10700.351,-3645.630500000001,0,6976,6976,6976,12.182953,C:\Users\cta10\OneDrive\Desktop\part4\704\704GP1\Integration\Zhiyuan\experiment_runs_event_v4\production_table_aligned_03_rep06.result.txt,
DECOMPOSED_3CD,PRODUCTION,TABLE_ALIGNED,3,after_third_confirmed_rotation,7,DRAINED,DRAINED,NONE,True,6697.991,True,True,0.0,500,500.6484,10687.953,-3658.028500000002,0,6982,6982,6982,12.799675,C:\Users\cta10\OneDrive\Desktop\part4\704\704GP1\Integration\Zhiyuan\experiment_runs_event_v4\production_table_aligned_03_rep07.result.txt,
DECOMPOSED_3CD,PRODUCTION,TABLE_ALIGNED,3,after_third_confirmed_rotation,8,DRAINED,DRAINED,NONE,True,6683.9687,True,True,0.0,500,500.5364,10705.4869,-3640.494600000002,0,7030,7030,7030,12.257725,C:\Users\cta10\OneDrive\Desktop\part4\704\704GP1\Integration\Zhiyuan\experiment_runs_event_v4\production_table_aligned_03_rep08.result.txt,
DECOMPOSED_3CD,PRODUCTION,TABLE_ALIGNED,3,after_third_confirmed_rotation,9,DRAINED,DRAINED,NONE,True,6676.4873,True,True,0.0,500,500.0995,10676.7059,-3669.275600000001,0,7124,7124,7124,12.80623,C:\Users\cta10\OneDrive\Desktop\part4\704\704GP1\Integration\Zhiyuan\experiment_runs_event_v4\production_table_aligned_03_rep09.result.txt,
DECOMPOSED_3CD,PRODUCTION,TABLE_ALIGNED,3,after_third_confirmed_rotation,10,DRAINED,DRAINED,NONE,True,6686.3969,True,True,0.0,500,500.0995,10697.335,-3648.6465000000026,0,7031,7031,7031,12.211719,C:\Users\cta10\OneDrive\Desktop\part4\704\704GP1\Integration\Zhiyuan\experiment_runs_event_v4\production_table_aligned_03_rep10.result.txt,
DECOMPOSED_3CD,PRODUCTION,TABLE_ALIGNED,3,after_third_confirmed_rotation,11,FAULT,FAULT,TABLE_ALIGNMENT_TIMEOUT,True,6693.576,True,True,0.0,500,500.9607,22293.7362,,0,14744,14744,14744,25.627727,C:\Users\cta10\OneDrive\Desktop\part4\704\704GP1\Integration\Zhiyuan\experiment_runs_event_v4\production_table_aligned_03_rep11.result.txt,
DECOMPOSED_3CD,PRODUCTION,TABLE_ALIGNED,3,after_third_confirmed_rotation,12,DRAINED,DRAINED,NONE,True,6689.285,True,True,0.0,500,500.6638,10687.9994,-3657.982100000001,0,7039,7039,7039,12.210596,C:\Users\cta10\OneDrive\Desktop\part4\704\704GP1\Integration\Zhiyuan\experiment_runs_event_v4\production_table_aligned_03_rep12.result.txt,
DECOMPOSED_3CD,PRODUCTION,TABLE_ALIGNED,3,after_third_confirmed_rotation,13,FAULT,FAULT,TABLE_ALIGNMENT_TIMEOUT,True,6681.5264,True,True,0.0,500,500.3456,23912.1462,,0,16030,16030,16030,27.181041,C:\Users\cta10\OneDrive\Desktop\part4\704\704GP1\Integration\Zhiyuan\experiment_runs_event_v4\production_table_aligned_03_rep13.result.txt,
DECOMPOSED_3CD,PRODUCTION,TABLE_ALIGNED,3,after_third_confirmed_rotation,14,DRAINED,DRAINED,NONE,True,6678.0989,True,True,0.0,500,501.853,10683.9831,-3661.998400000002,0,7076,7076,7076,12.188054,C:\Users\cta10\OneDrive\Desktop\part4\704\704GP1\Integration\Zhiyuan\experiment_runs_event_v4\production_table_aligned_03_rep14.result.txt,
DECOMPOSED_3CD,PRODUCTION,TABLE_ALIGNED,3,after_third_confirmed_rotation,15,FAULT,FAULT,TABLE_ALIGNMENT_TIMEOUT,True,6682.8837,True,True,0.0,500,500.0333,23901.2461,,0,16006,16006,16006,26.651374,C:\Users\cta10\OneDrive\Desktop\part4\704\704GP1\Integration\Zhiyuan\experiment_runs_event_v4\production_table_aligned_03_rep15.result.txt,
DECOMPOSED_3CD,PRODUCTION,TABLE_ALIGNED,3,after_third_confirmed_rotation,16,DRAINED,DRAINED,NONE,True,6681.3474,True,True,0.0,500,501.7559,10696.1641,-3649.8174000000017,0,7026,7026,7026,12.205037,C:\Users\cta10\OneDrive\Desktop\part4\704\704GP1\Integration\Zhiyuan\experiment_runs_event_v4\production_table_aligned_03_rep16.result.txt,
DECOMPOSED_3CD,PRODUCTION,TABLE_ALIGNED,3,after_third_confirmed_rotation,17,DRAINED,DRAINED,NONE,True,6680.4956,True,True,0.0,500,500.212,10675.4618,-3670.5197000000026,0,6856,6856,6856,12.799177,C:\Users\cta10\OneDrive\Desktop\part4\704\704GP1\Integration\Zhiyuan\experiment_runs_event_v4\production_table_aligned_03_rep17.result.txt,
DECOMPOSED_3CD,PRODUCTION,TABLE_ALIGNED,3,after_third_confirmed_rotation,18,DRAINED,DRAINED,NONE,True,6688.6098,True,True,0.0,500,500.6351,10695.7872,-3650.194300000001,0,7079,7079,7079,12.197795,C:\Users\cta10\OneDrive\Desktop\part4\704\704GP1\Integration\Zhiyuan\experiment_runs_event_v4\production_table_aligned_03_rep18.result.txt,
DECOMPOSED_3CD,PRODUCTION,TABLE_ALIGNED,3,after_third_confirmed_rotation,19,DRAINED,DRAINED,NONE,True,6691.0008,True,True,0.0,500,500.7342,10694.3311,-3651.6504000000023,0,7109,7109,7109,12.799756,C:\Users\cta10\OneDrive\Desktop\part4\704\704GP1\Integration\Zhiyuan\experiment_runs_event_v4\production_table_aligned_03_rep19.result.txt,
DECOMPOSED_3CD,PRODUCTION,TABLE_ALIGNED,3,after_third_confirmed_rotation,20,DRAINED,DRAINED,NONE,True,6681.0784,True,True,0.0,500,501.0743,10676.376,-3669.6055000000015,0,7085,7085,7085,12.172438,C:\Users\cta10\OneDrive\Desktop\part4\704\704GP1\Integration\Zhiyuan\experiment_runs_event_v4\production_table_aligned_03_rep20.result.txt,
DECOMPOSED_3CD,PRODUCTION,TABLE_ALIGNED,5,after_fifth_confirmed_rotation,1,DRAINED,DRAINED,NONE,True,8923.86,True,True,0.0,500,501.8909,10705.0558,-3640.9257000000016,0,6968,6968,6968,12.840272,C:\Users\cta10\OneDrive\Desktop\part4\704\704GP1\Integration\Zhiyuan\experiment_runs_event_v4\production_table_aligned_05_rep01.result.txt,
DECOMPOSED_3CD,PRODUCTION,TABLE_ALIGNED,5,after_fifth_confirmed_rotation,2,EVENT_NOT_REACHED,FAULT,TABLE_ALIGNMENT_TIMEOUT,False,-1.0,False,False,-1.0,500,0.0,23404.6914,,0,15689,15689,15689,26.000736,C:\Users\cta10\OneDrive\Desktop\part4\704\704GP1\Integration\Zhiyuan\experiment_runs_event_v4\production_table_aligned_05_rep02.result.txt,
DECOMPOSED_3CD,PRODUCTION,TABLE_ALIGNED,5,after_fifth_confirmed_rotation,3,DRAINED,DRAINED,NONE,True,8910.1178,True,True,0.0,500,500.749,10674.3956,-3671.585900000002,0,7072,7072,7072,12.810911,C:\Users\cta10\OneDrive\Desktop\part4\704\704GP1\Integration\Zhiyuan\experiment_runs_event_v4\production_table_aligned_05_rep03.result.txt,
DECOMPOSED_3CD,PRODUCTION,TABLE_ALIGNED,5,after_fifth_confirmed_rotation,4,DRAINED,DRAINED,NONE,True,8926.484,True,True,0.0,500,500.3636,10703.5037,-3642.4778000000024,0,7000,7000,7000,12.208627,C:\Users\cta10\OneDrive\Desktop\part4\704\704GP1\Integration\Zhiyuan\experiment_runs_event_v4\production_table_aligned_05_rep04.result.txt,
DECOMPOSED_3CD,PRODUCTION,TABLE_ALIGNED,5,after_fifth_confirmed_rotation,5,DRAINED,DRAINED,NONE,True,8923.5085,True,True,0.0,500,500.8492,10711.9466,-3634.0349000000024,0,6970,6970,6970,12.820038,C:\Users\cta10\OneDrive\Desktop\part4\704\704GP1\Integration\Zhiyuan\experiment_runs_event_v4\production_table_aligned_05_rep05.result.txt,
DECOMPOSED_3CD,PRODUCTION,TABLE_ALIGNED,5,after_fifth_confirmed_rotation,6,DRAINED,DRAINED,NONE,True,8915.2802,True,True,0.0,500,500.0717,10692.2015,-3653.7800000000025,0,6923,6923,6923,12.207447,C:\Users\cta10\OneDrive\Desktop\part4\704\704GP1\Integration\Zhiyuan\experiment_runs_event_v4\production_table_aligned_05_rep06.result.txt,
DECOMPOSED_3CD,PRODUCTION,TABLE_ALIGNED,5,after_fifth_confirmed_rotation,7,EVENT_NOT_REACHED,FAULT,TABLE_ALIGNMENT_TIMEOUT,False,-1.0,False,False,-1.0,500,0.0,21786.5491,,0,14439,14439,14439,25.626927,C:\Users\cta10\OneDrive\Desktop\part4\704\704GP1\Integration\Zhiyuan\experiment_runs_event_v4\production_table_aligned_05_rep07.result.txt,
DECOMPOSED_3CD,PRODUCTION,TABLE_ALIGNED,5,after_fifth_confirmed_rotation,8,DRAINED,DRAINED,NONE,True,8909.3491,True,True,0.0,500,500.2327,10679.0042,-3666.9773000000023,0,7111,7111,7111,12.228115,C:\Users\cta10\OneDrive\Desktop\part4\704\704GP1\Integration\Zhiyuan\experiment_runs_event_v4\production_table_aligned_05_rep08.result.txt,
DECOMPOSED_3CD,PRODUCTION,TABLE_ALIGNED,5,after_fifth_confirmed_rotation,9,DRAINED,DRAINED,NONE,True,8915.3462,True,True,0.0,500,500.8066,10691.5987,-3654.382800000001,0,6905,6905,6905,12.790359,C:\Users\cta10\OneDrive\Desktop\part4\704\704GP1\Integration\Zhiyuan\experiment_runs_event_v4\production_table_aligned_05_rep09.result.txt,
DECOMPOSED_3CD,PRODUCTION,TABLE_ALIGNED,5,after_fifth_confirmed_rotation,10,DRAINED,DRAINED,NONE,True,8900.2523,True,True,0.0,500,501.9751,10682.613,-3663.3685000000023,0,7077,7077,7077,12.176763,C:\Users\cta10\OneDrive\Desktop\part4\704\704GP1\Integration\Zhiyuan\experiment_runs_event_v4\production_table_aligned_05_rep10.result.txt,
DECOMPOSED_3CD,PRODUCTION,TABLE_ALIGNED,5,after_fifth_confirmed_rotation,11,EVENT_NOT_REACHED,FAULT,TABLE_ALIGNMENT_TIMEOUT,False,-1.0,False,False,-1.0,500,0.0,17068.4955,,0,11244,11244,11244,21.665519,C:\Users\cta10\OneDrive\Desktop\part4\704\704GP1\Integration\Zhiyuan\experiment_runs_event_v4\production_table_aligned_05_rep11.result.txt,
DECOMPOSED_3CD,PRODUCTION,TABLE_ALIGNED,5,after_fifth_confirmed_rotation,12,EVENT_NOT_REACHED,FAULT,TABLE_ALIGNMENT_TIMEOUT,False,-1.0,False,False,-1.0,500,0.0,17069.1424,,0,11301,11301,11301,20.510927,C:\Users\cta10\OneDrive\Desktop\part4\704\704GP1\Integration\Zhiyuan\experiment_runs_event_v4\production_table_aligned_05_rep12.result.txt,
DECOMPOSED_3CD,PRODUCTION,TABLE_ALIGNED,5,after_fifth_confirmed_rotation,13,DRAINED,DRAINED,NONE,True,8915.0242,True,True,0.0,500,501.9072,10687.9228,-3658.0587000000014,0,6981,6981,6981,12.833388,C:\Users\cta10\OneDrive\Desktop\part4\704\704GP1\Integration\Zhiyuan\experiment_runs_event_v4\production_table_aligned_05_rep13.result.txt,
DECOMPOSED_3CD,PRODUCTION,TABLE_ALIGNED,5,after_fifth_confirmed_rotation,14,DRAINED,DRAINED,NONE,True,8912.7648,True,True,0.0,500,500.3824,10696.6115,-3649.370000000001,0,6992,6992,6992,12.200869,C:\Users\cta10\OneDrive\Desktop\part4\704\704GP1\Integration\Zhiyuan\experiment_runs_event_v4\production_table_aligned_05_rep14.result.txt,
DECOMPOSED_3CD,PRODUCTION,TABLE_ALIGNED,5,after_fifth_confirmed_rotation,15,EVENT_NOT_REACHED,FAULT,TABLE_ALIGNMENT_TIMEOUT,False,-1.0,False,False,-1.0,500,0.0,17076.0515,,0,11278,11278,11278,21.137725,C:\Users\cta10\OneDrive\Desktop\part4\704\704GP1\Integration\Zhiyuan\experiment_runs_event_v4\production_table_aligned_05_rep15.result.txt,
DECOMPOSED_3CD,PRODUCTION,TABLE_ALIGNED,5,after_fifth_confirmed_rotation,16,DRAINED,DRAINED,NONE,True,8906.7802,True,True,0.0,500,500.7403,10679.3192,-3666.662300000002,0,6996,6996,6996,12.210618,C:\Users\cta10\OneDrive\Desktop\part4\704\704GP1\Integration\Zhiyuan\experiment_runs_event_v4\production_table_aligned_05_rep16.result.txt,
DECOMPOSED_3CD,PRODUCTION,TABLE_ALIGNED,5,after_fifth_confirmed_rotation,17,DRAINED,DRAINED,NONE,True,8924.2115,True,True,0.0,500,501.1703,10704.2281,-3641.7534000000014,0,7021,7021,7021,12.829463,C:\Users\cta10\OneDrive\Desktop\part4\704\704GP1\Integration\Zhiyuan\experiment_runs_event_v4\production_table_aligned_05_rep17.result.txt,
DECOMPOSED_3CD,PRODUCTION,TABLE_ALIGNED,5,after_fifth_confirmed_rotation,18,DRAINED,DRAINED,NONE,True,8909.7803,True,True,0.0,500,500.8186,10689.5216,-3656.4599000000017,0,6998,6998,6998,12.200312,C:\Users\cta10\OneDrive\Desktop\part4\704\704GP1\Integration\Zhiyuan\experiment_runs_event_v4\production_table_aligned_05_rep18.result.txt,
DECOMPOSED_3CD,PRODUCTION,TABLE_ALIGNED,5,after_fifth_confirmed_rotation,19,DRAINED,DRAINED,NONE,True,8915.8271,True,True,0.0,500,500.9102,10686.2874,-3659.6941000000024,0,7062,7062,7062,12.784024,C:\Users\cta10\OneDrive\Desktop\part4\704\704GP1\Integration\Zhiyuan\experiment_runs_event_v4\production_table_aligned_05_rep19.result.txt,
DECOMPOSED_3CD,PRODUCTION,TABLE_ALIGNED,5,after_fifth_confirmed_rotation,20,DRAINED,DRAINED,NONE,True,8920.7633,True,True,0.0,500,500.3147,10695.9553,-3650.026200000002,0,6924,6924,6924,12.158345,C:\Users\cta10\OneDrive\Desktop\part4\704\704GP1\Integration\Zhiyuan\experiment_runs_event_v4\production_table_aligned_05_rep20.result.txt,
DECOMPOSED_3CD,SAFETY,BATCH_ACCEPTED,1,after_valid_B2_acceptance,1,DRAINED,DRAINED,NONE,True,0.0444,True,True,0.0,500,500.4673,10204.1269,-4141.854600000002,0,6673,6673,6673,12.339382,C:\Users\cta10\OneDrive\Desktop\part4\704\704GP1\Integration\Zhiyuan\experiment_runs_event_v4\safety_batch_accepted_01_rep01.result.txt,
DECOMPOSED_3CD,SAFETY,BATCH_ACCEPTED,1,after_valid_B2_acceptance,2,DRAINED,DRAINED,NONE,True,0.0995,True,True,0.0,500,500.3359,10205.7467,-4140.234800000002,0,6565,6565,6565,11.697887,C:\Users\cta10\OneDrive\Desktop\part4\704\704GP1\Integration\Zhiyuan\experiment_runs_event_v4\safety_batch_accepted_01_rep02.result.txt,
DECOMPOSED_3CD,SAFETY,BATCH_ACCEPTED,1,after_valid_B2_acceptance,3,DRAINED,DRAINED,NONE,True,0.0464,True,True,0.0,500,501.7175,10207.6287,-4138.352800000002,0,6556,6556,6556,12.287833,C:\Users\cta10\OneDrive\Desktop\part4\704\704GP1\Integration\Zhiyuan\experiment_runs_event_v4\safety_batch_accepted_01_rep03.result.txt,
DECOMPOSED_3CD,SAFETY,BATCH_ACCEPTED,1,after_valid_B2_acceptance,4,DRAINED,DRAINED,NONE,True,0.0706,True,True,0.0,500,501.9275,10198.834,-4147.147500000001,0,6618,6618,6618,11.693713,C:\Users\cta10\OneDrive\Desktop\part4\704\704GP1\Integration\Zhiyuan\experiment_runs_event_v4\safety_batch_accepted_01_rep04.result.txt,
DECOMPOSED_3CD,SAFETY,BATCH_ACCEPTED,1,after_valid_B2_acceptance,5,DRAINED,DRAINED,NONE,True,0.0437,True,True,0.0,500,501.4099,10167.7263,-4178.255200000001,0,6784,6784,6784,12.256491,C:\Users\cta10\OneDrive\Desktop\part4\704\704GP1\Integration\Zhiyuan\experiment_runs_event_v4\safety_batch_accepted_01_rep05.result.txt,
DECOMPOSED_3CD,SAFETY,BATCH_ACCEPTED,1,after_valid_B2_acceptance,6,DRAINED,DRAINED,NONE,True,0.0617,True,True,0.0,500,500.0497,10181.2056,-4164.775900000002,0,6662,6662,6662,11.705256,C:\Users\cta10\OneDrive\Desktop\part4\704\704GP1\Integration\Zhiyuan\experiment_runs_event_v4\safety_batch_accepted_01_rep06.result.txt,
DECOMPOSED_3CD,SAFETY,BATCH_ACCEPTED,1,after_valid_B2_acceptance,7,DRAINED,DRAINED,NONE,True,0.0775,True,True,0.0,500,500.4228,10194.5898,-4151.391700000002,0,6728,6728,6728,12.298434,C:\Users\cta10\OneDrive\Desktop\part4\704\704GP1\Integration\Zhiyuan\experiment_runs_event_v4\safety_batch_accepted_01_rep07.result.txt,
DECOMPOSED_3CD,SAFETY,BATCH_ACCEPTED,1,after_valid_B2_acceptance,8,DRAINED,DRAINED,NONE,True,0.1086,True,True,0.0,500,500.6159,10195.5289,-4150.452600000002,0,6756,6756,6756,11.680657,C:\Users\cta10\OneDrive\Desktop\part4\704\704GP1\Integration\Zhiyuan\experiment_runs_event_v4\safety_batch_accepted_01_rep08.result.txt,
DECOMPOSED_3CD,SAFETY,BATCH_ACCEPTED,1,after_valid_B2_acceptance,9,DRAINED,DRAINED,NONE,True,0.0819,True,True,0.0,500,501.0659,10201.2001,-4144.781400000002,0,6615,6615,6615,12.31649,C:\Users\cta10\OneDrive\Desktop\part4\704\704GP1\Integration\Zhiyuan\experiment_runs_event_v4\safety_batch_accepted_01_rep09.result.txt,
DECOMPOSED_3CD,SAFETY,BATCH_ACCEPTED,1,after_valid_B2_acceptance,10,FAULT,FAULT,TABLE_ALIGNMENT_TIMEOUT,True,0.0655,True,True,0.0,500,501.6702,17068.6329,,0,11308,11308,11308,20.553322,C:\Users\cta10\OneDrive\Desktop\part4\704\704GP1\Integration\Zhiyuan\experiment_runs_event_v4\safety_batch_accepted_01_rep10.result.txt,
DECOMPOSED_3CD,SAFETY,BATCH_ACCEPTED,1,after_valid_B2_acceptance,11,DRAINED,DRAINED,NONE,True,0.0443,True,True,0.0,500,500.9046,10197.0678,-4148.913700000001,0,6686,6686,6686,12.505475,C:\Users\cta10\OneDrive\Desktop\part4\704\704GP1\Integration\Zhiyuan\experiment_runs_event_v4\safety_batch_accepted_01_rep11.result.txt,
DECOMPOSED_3CD,SAFETY,BATCH_ACCEPTED,1,after_valid_B2_acceptance,12,DRAINED,DRAINED,NONE,True,0.0547,True,True,0.0,500,500.2671,10183.9453,-4162.036200000002,0,6737,6737,6737,11.651627,C:\Users\cta10\OneDrive\Desktop\part4\704\704GP1\Integration\Zhiyuan\experiment_runs_event_v4\safety_batch_accepted_01_rep12.result.txt,
DECOMPOSED_3CD,SAFETY,BATCH_ACCEPTED,1,after_valid_B2_acceptance,13,DRAINED,DRAINED,NONE,True,0.0682,True,True,0.0,500,500.1631,10199.8418,-4146.1397000000015,0,6630,6630,6630,12.31723,C:\Users\cta10\OneDrive\Desktop\part4\704\704GP1\Integration\Zhiyuan\experiment_runs_event_v4\safety_batch_accepted_01_rep13.result.txt,
DECOMPOSED_3CD,SAFETY,BATCH_ACCEPTED,1,after_valid_B2_acceptance,14,DRAINED,DRAINED,NONE,True,0.0705,True,True,0.0,500,501.1266,10205.3788,-4140.602700000001,0,6604,6604,6604,11.701702,C:\Users\cta10\OneDrive\Desktop\part4\704\704GP1\Integration\Zhiyuan\experiment_runs_event_v4\safety_batch_accepted_01_rep14.result.txt,
DECOMPOSED_3CD,SAFETY,BATCH_ACCEPTED,1,after_valid_B2_acceptance,15,DRAINED,DRAINED,NONE,True,0.0917,True,True,0.0,500,500.7654,10204.2249,-4141.756600000002,0,6663,6663,6663,12.333392,C:\Users\cta10\OneDrive\Desktop\part4\704\704GP1\Integration\Zhiyuan\experiment_runs_event_v4\safety_batch_accepted_01_rep15.result.txt,
DECOMPOSED_3CD,SAFETY,BATCH_ACCEPTED,1,after_valid_B2_acceptance,16,DRAINED,DRAINED,NONE,True,0.0418,True,True,0.0,500,500.7777,10198.3486,-4147.632900000002,0,6682,6682,6682,11.737176,C:\Users\cta10\OneDrive\Desktop\part4\704\704GP1\Integration\Zhiyuan\experiment_runs_event_v4\safety_batch_accepted_01_rep16.result.txt,
DECOMPOSED_3CD,SAFETY,BATCH_ACCEPTED,1,after_valid_B2_acceptance,17,DRAINED,DRAINED,NONE,True,0.0716,True,True,0.0,500,500.2615,10176.3743,-4169.607200000002,0,6716,6716,6716,12.299013,C:\Users\cta10\OneDrive\Desktop\part4\704\704GP1\Integration\Zhiyuan\experiment_runs_event_v4\safety_batch_accepted_01_rep17.result.txt,
DECOMPOSED_3CD,SAFETY,BATCH_ACCEPTED,1,after_valid_B2_acceptance,18,DRAINED,DRAINED,NONE,True,0.0689,True,True,0.0,500,500.7312,10193.2102,-4152.771300000002,0,6752,6752,6752,11.682671,C:\Users\cta10\OneDrive\Desktop\part4\704\704GP1\Integration\Zhiyuan\experiment_runs_event_v4\safety_batch_accepted_01_rep18.result.txt,
DECOMPOSED_3CD,SAFETY,BATCH_ACCEPTED,1,after_valid_B2_acceptance,19,DRAINED,DRAINED,NONE,True,0.0667,True,True,0.0,500,500.5008,10176.494,-4169.487500000001,0,6785,6785,6785,12.287368,C:\Users\cta10\OneDrive\Desktop\part4\704\704GP1\Integration\Zhiyuan\experiment_runs_event_v4\safety_batch_accepted_01_rep19.result.txt,
DECOMPOSED_3CD,SAFETY,BATCH_ACCEPTED,1,after_valid_B2_acceptance,20,DRAINED,DRAINED,NONE,True,0.0462,True,True,0.0,500,501.2387,10214.752,-4131.229500000001,0,6643,6643,6643,11.748744,C:\Users\cta10\OneDrive\Desktop\part4\704\704GP1\Integration\Zhiyuan\experiment_runs_event_v4\safety_batch_accepted_01_rep20.result.txt,
DECOMPOSED_3CD,SAFETY,LOADER_DONE,1,after_first_bottle_admitted,1,FAULT,FAULT,TABLE_ALIGNMENT_TIMEOUT,True,1036.4749,True,True,0.0,500,500.1148,19629.295,,0,13048,13048,13048,23.635339,C:\Users\cta10\OneDrive\Desktop\part4\704\704GP1\Integration\Zhiyuan\experiment_runs_event_v4\safety_loader_done_01_rep01.result.txt,
DECOMPOSED_3CD,SAFETY,LOADER_DONE,1,after_first_bottle_admitted,2,DRAINED,DRAINED,NONE,True,1035.3181,True,True,0.0,500,500.1438,10183.7339,-4162.247600000002,0,6712,6712,6712,11.689205,C:\Users\cta10\OneDrive\Desktop\part4\704\704GP1\Integration\Zhiyuan\experiment_runs_event_v4\safety_loader_done_01_rep02.result.txt,
DECOMPOSED_3CD,SAFETY,LOADER_DONE,1,after_first_bottle_admitted,3,DRAINED,DRAINED,NONE,True,1033.6466,True,True,0.0,500,500.1449,10187.9282,-4158.053300000001,0,6701,6701,6701,12.30343,C:\Users\cta10\OneDrive\Desktop\part4\704\704GP1\Integration\Zhiyuan\experiment_runs_event_v4\safety_loader_done_01_rep03.result.txt,
DECOMPOSED_3CD,SAFETY,LOADER_DONE,1,after_first_bottle_admitted,4,DRAINED,DRAINED,NONE,True,1040.6467,True,True,0.0,500,500.6749,10198.877,-4147.104500000001,0,6757,6757,6757,11.726173,C:\Users\cta10\OneDrive\Desktop\part4\704\704GP1\Integration\Zhiyuan\experiment_runs_event_v4\safety_loader_done_01_rep04.result.txt,
DECOMPOSED_3CD,SAFETY,LOADER_DONE,1,after_first_bottle_admitted,5,DRAINED,DRAINED,NONE,True,1035.2461,True,True,0.0,500,500.24,10201.6277,-4144.353800000003,0,6642,6642,6642,12.314619,C:\Users\cta10\OneDrive\Desktop\part4\704\704GP1\Integration\Zhiyuan\experiment_runs_event_v4\safety_loader_done_01_rep05.result.txt,
DECOMPOSED_3CD,SAFETY,LOADER_DONE,1,after_first_bottle_admitted,6,DRAINED,DRAINED,NONE,True,1035.3813,True,True,0.0,500,500.9153,10187.1139,-4158.867600000001,0,6607,6607,6607,11.692344,C:\Users\cta10\OneDrive\Desktop\part4\704\704GP1\Integration\Zhiyuan\experiment_runs_event_v4\safety_loader_done_01_rep06.result.txt,
DECOMPOSED_3CD,SAFETY,LOADER_DONE,1,after_first_bottle_admitted,7,DRAINED,DRAINED,NONE,True,1034.5248,True,True,0.0,500,500.1131,10202.6281,-4143.353400000002,0,6755,6755,6755,12.318753,C:\Users\cta10\OneDrive\Desktop\part4\704\704GP1\Integration\Zhiyuan\experiment_runs_event_v4\safety_loader_done_01_rep07.result.txt,
DECOMPOSED_3CD,SAFETY,LOADER_DONE,1,after_first_bottle_admitted,8,DRAINED,DRAINED,NONE,True,1036.6804,True,True,0.0,500,501.7543,10190.4595,-4155.522000000001,0,6761,6761,6761,11.69048,C:\Users\cta10\OneDrive\Desktop\part4\704\704GP1\Integration\Zhiyuan\experiment_runs_event_v4\safety_loader_done_01_rep08.result.txt,
DECOMPOSED_3CD,SAFETY,LOADER_DONE,1,after_first_bottle_admitted,9,DRAINED,DRAINED,NONE,True,1034.0188,True,True,0.0,500,500.5728,10169.4024,-4176.579100000001,0,6768,6768,6768,12.303379,C:\Users\cta10\OneDrive\Desktop\part4\704\704GP1\Integration\Zhiyuan\experiment_runs_event_v4\safety_loader_done_01_rep09.result.txt,
DECOMPOSED_3CD,SAFETY,LOADER_DONE,1,after_first_bottle_admitted,10,DRAINED,DRAINED,NONE,True,1034.2071,True,True,0.0,500,501.8517,10193.3112,-4152.670300000002,0,6734,6734,6734,11.706007,C:\Users\cta10\OneDrive\Desktop\part4\704\704GP1\Integration\Zhiyuan\experiment_runs_event_v4\safety_loader_done_01_rep10.result.txt,
DECOMPOSED_3CD,SAFETY,LOADER_DONE,1,after_first_bottle_admitted,11,FAULT,FAULT,TABLE_ALIGNMENT_TIMEOUT,True,1038.69,True,True,0.0,500,500.1241,23418.9198,,0,15772,15772,15772,27.653091,C:\Users\cta10\OneDrive\Desktop\part4\704\704GP1\Integration\Zhiyuan\experiment_runs_event_v4\safety_loader_done_01_rep11.result.txt,
DECOMPOSED_3CD,SAFETY,LOADER_DONE,1,after_first_bottle_admitted,12,FAULT,FAULT,TABLE_ALIGNMENT_TIMEOUT,True,1037.0368,True,True,0.0,500,500.2106,17069.6734,,0,11482,11482,11482,20.031349,C:\Users\cta10\OneDrive\Desktop\part4\704\704GP1\Integration\Zhiyuan\experiment_runs_event_v4\safety_loader_done_01_rep12.result.txt,
DECOMPOSED_3CD,SAFETY,LOADER_DONE,1,after_first_bottle_admitted,13,DRAINED,DRAINED,NONE,True,1035.3783,True,True,0.0,500,501.5778,10183.2205,-4162.761000000002,0,6738,6738,6738,12.280431,C:\Users\cta10\OneDrive\Desktop\part4\704\704GP1\Integration\Zhiyuan\experiment_runs_event_v4\safety_loader_done_01_rep13.result.txt,
DECOMPOSED_3CD,SAFETY,LOADER_DONE,1,after_first_bottle_admitted,14,DRAINED,DRAINED,NONE,True,1031.7266,True,True,0.0,500,501.7083,10190.4412,-4155.540300000002,0,6745,6745,6745,11.700246,C:\Users\cta10\OneDrive\Desktop\part4\704\704GP1\Integration\Zhiyuan\experiment_runs_event_v4\safety_loader_done_01_rep14.result.txt,
DECOMPOSED_3CD,SAFETY,LOADER_DONE,1,after_first_bottle_admitted,15,FAULT,FAULT,TABLE_ALIGNMENT_TIMEOUT,True,1037.5026,True,True,0.0,500,500.5937,17068.0571,,0,11533,11533,11533,21.661391,C:\Users\cta10\OneDrive\Desktop\part4\704\704GP1\Integration\Zhiyuan\experiment_runs_event_v4\safety_loader_done_01_rep15.result.txt,
DECOMPOSED_3CD,SAFETY,LOADER_DONE,1,after_first_bottle_admitted,16,DRAINED,DRAINED,NONE,True,1034.9123,True,True,0.0,500,501.7662,10183.2578,-4162.723700000002,0,6776,6776,6776,11.707289,C:\Users\cta10\OneDrive\Desktop\part4\704\704GP1\Integration\Zhiyuan\experiment_runs_event_v4\safety_loader_done_01_rep16.result.txt,
DECOMPOSED_3CD,SAFETY,LOADER_DONE,1,after_first_bottle_admitted,17,DRAINED,DRAINED,NONE,True,1035.6986,True,True,0.0,500,501.7383,10178.6586,-4167.322900000001,0,6642,6642,6642,12.311667,C:\Users\cta10\OneDrive\Desktop\part4\704\704GP1\Integration\Zhiyuan\experiment_runs_event_v4\safety_loader_done_01_rep17.result.txt,
DECOMPOSED_3CD,SAFETY,LOADER_DONE,1,after_first_bottle_admitted,18,DRAINED,DRAINED,NONE,True,1038.8734,True,True,0.0,500,501.5166,10186.2263,-4159.755200000001,0,6824,6824,6824,11.712634,C:\Users\cta10\OneDrive\Desktop\part4\704\704GP1\Integration\Zhiyuan\experiment_runs_event_v4\safety_loader_done_01_rep18.result.txt,
DECOMPOSED_3CD,SAFETY,LOADER_DONE,1,after_first_bottle_admitted,19,DRAINED,DRAINED,NONE,True,1036.7907,True,True,0.0,500,501.2353,10188.7699,-4157.211600000002,0,6743,6743,6743,12.316833,C:\Users\cta10\OneDrive\Desktop\part4\704\704GP1\Integration\Zhiyuan\experiment_runs_event_v4\safety_loader_done_01_rep19.result.txt,
DECOMPOSED_3CD,SAFETY,LOADER_DONE,1,after_first_bottle_admitted,20,DRAINED,DRAINED,NONE,True,1037.1661,True,True,0.0,500,500.2564,10182.0541,-4163.927400000002,0,6754,6754,6754,11.650239,C:\Users\cta10\OneDrive\Desktop\part4\704\704GP1\Integration\Zhiyuan\experiment_runs_event_v4\safety_loader_done_01_rep20.result.txt,
DECOMPOSED_3CD,SAFETY,CONVEYOR_DONE,1,after_first_bottle_transfer_to_rotary,1,DRAINED,DRAINED,NONE,True,2058.7923,True,True,0.0,500,500.0627,10186.8957,-4159.085800000003,0,6686,6686,6686,12.2787,C:\Users\cta10\OneDrive\Desktop\part4\704\704GP1\Integration\Zhiyuan\experiment_runs_event_v4\safety_conveyor_done_01_rep01.result.txt,
DECOMPOSED_3CD,SAFETY,CONVEYOR_DONE,1,after_first_bottle_transfer_to_rotary,2,DRAINED,DRAINED,NONE,True,2055.6772,True,True,0.0,500,500.6681,10165.9084,-4180.073100000001,0,6667,6667,6667,11.679234,C:\Users\cta10\OneDrive\Desktop\part4\704\704GP1\Integration\Zhiyuan\experiment_runs_event_v4\safety_conveyor_done_01_rep02.result.txt,
DECOMPOSED_3CD,SAFETY,CONVEYOR_DONE,1,after_first_bottle_transfer_to_rotary,3,DRAINED,DRAINED,NONE,True,2057.6723,True,True,0.0,500,500.996,10178.3458,-4167.6357000000025,0,6660,6660,6660,12.28286,C:\Users\cta10\OneDrive\Desktop\part4\704\704GP1\Integration\Zhiyuan\experiment_runs_event_v4\safety_conveyor_done_01_rep03.result.txt,
DECOMPOSED_3CD,SAFETY,CONVEYOR_DONE,1,after_first_bottle_transfer_to_rotary,4,DRAINED,DRAINED,NONE,True,2061.7683,True,True,0.0,500,500.3985,10195.5885,-4150.393000000002,0,6668,6668,6668,11.719248,C:\Users\cta10\OneDrive\Desktop\part4\704\704GP1\Integration\Zhiyuan\experiment_runs_event_v4\safety_conveyor_done_01_rep04.result.txt,
DECOMPOSED_3CD,SAFETY,CONVEYOR_DONE,1,after_first_bottle_transfer_to_rotary,5,DRAINED,DRAINED,NONE,True,2062.1887,True,True,0.0,500,500.236,10199.5007,-4146.480800000001,0,6681,6681,6681,12.321881,C:\Users\cta10\OneDrive\Desktop\part4\704\704GP1\Integration\Zhiyuan\experiment_runs_event_v4\safety_conveyor_done_01_rep05.result.txt,
DECOMPOSED_3CD,SAFETY,CONVEYOR_DONE,1,after_first_bottle_transfer_to_rotary,6,DRAINED,DRAINED,NONE,True,2056.7481,True,True,0.0,500,500.2509,10177.128,-4168.853500000001,0,6696,6696,6696,11.699777,C:\Users\cta10\OneDrive\Desktop\part4\704\704GP1\Integration\Zhiyuan\experiment_runs_event_v4\safety_conveyor_done_01_rep06.result.txt,
DECOMPOSED_3CD,SAFETY,CONVEYOR_DONE,1,after_first_bottle_transfer_to_rotary,7,DRAINED,DRAINED,NONE,True,2061.0718,True,True,0.0,500,502.0004,10198.828,-4147.153500000002,0,6750,6750,6750,12.2874,C:\Users\cta10\OneDrive\Desktop\part4\704\704GP1\Integration\Zhiyuan\experiment_runs_event_v4\safety_conveyor_done_01_rep07.result.txt,
DECOMPOSED_3CD,SAFETY,CONVEYOR_DONE,1,after_first_bottle_transfer_to_rotary,8,DRAINED,DRAINED,NONE,True,2058.5946,True,True,0.0,500,501.4383,10194.5633,-4151.418200000002,0,6789,6789,6789,11.696311,C:\Users\cta10\OneDrive\Desktop\part4\704\704GP1\Integration\Zhiyuan\experiment_runs_event_v4\safety_conveyor_done_01_rep08.result.txt,
DECOMPOSED_3CD,SAFETY,CONVEYOR_DONE,1,after_first_bottle_transfer_to_rotary,9,DRAINED,DRAINED,NONE,True,2056.7756,True,True,0.0,500,500.8524,10171.8822,-4174.099300000002,0,6744,6744,6744,12.271693,C:\Users\cta10\OneDrive\Desktop\part4\704\704GP1\Integration\Zhiyuan\experiment_runs_event_v4\safety_conveyor_done_01_rep09.result.txt,
DECOMPOSED_3CD,SAFETY,CONVEYOR_DONE,1,after_first_bottle_transfer_to_rotary,10,DRAINED,DRAINED,NONE,True,2056.5081,True,True,0.0,500,500.0988,10186.0079,-4159.973600000001,0,6635,6635,6635,11.653081,C:\Users\cta10\OneDrive\Desktop\part4\704\704GP1\Integration\Zhiyuan\experiment_runs_event_v4\safety_conveyor_done_01_rep10.result.txt,
DECOMPOSED_3CD,SAFETY,CONVEYOR_DONE,1,after_first_bottle_transfer_to_rotary,11,DRAINED,DRAINED,NONE,True,2053.8162,True,True,0.0,500,500.1639,10193.6165,-4152.365000000002,0,6721,6721,6721,12.31431,C:\Users\cta10\OneDrive\Desktop\part4\704\704GP1\Integration\Zhiyuan\experiment_runs_event_v4\safety_conveyor_done_01_rep11.result.txt,
DECOMPOSED_3CD,SAFETY,CONVEYOR_DONE,1,after_first_bottle_transfer_to_rotary,12,DRAINED,DRAINED,NONE,True,2061.6668,True,True,0.0,500,501.4415,10194.5463,-4151.435200000002,0,6684,6684,6684,11.700485,C:\Users\cta10\OneDrive\Desktop\part4\704\704GP1\Integration\Zhiyuan\experiment_runs_event_v4\safety_conveyor_done_01_rep12.result.txt,
DECOMPOSED_3CD,SAFETY,CONVEYOR_DONE,1,after_first_bottle_transfer_to_rotary,13,DRAINED,DRAINED,NONE,True,2054.8283,True,True,0.0,500,500.9661,10198.9652,-4147.016300000001,0,6617,6617,6617,12.301565,C:\Users\cta10\OneDrive\Desktop\part4\704\704GP1\Integration\Zhiyuan\experiment_runs_event_v4\safety_conveyor_done_01_rep13.result.txt,
DECOMPOSED_3CD,SAFETY,CONVEYOR_DONE,1,after_first_bottle_transfer_to_rotary,14,DRAINED,DRAINED,NONE,True,2064.1537,True,True,0.0,500,500.6249,10175.2969,-4170.684600000002,0,6652,6652,6652,11.676581,C:\Users\cta10\OneDrive\Desktop\part4\704\704GP1\Integration\Zhiyuan\experiment_runs_event_v4\safety_conveyor_done_01_rep14.result.txt,
DECOMPOSED_3CD,SAFETY,CONVEYOR_DONE,1,after_first_bottle_transfer_to_rotary,15,DRAINED,DRAINED,NONE,True,2057.0171,True,True,0.0,500,500.2038,10181.0827,-4164.898800000001,0,6741,6741,6741,12.284837,C:\Users\cta10\OneDrive\Desktop\part4\704\704GP1\Integration\Zhiyuan\experiment_runs_event_v4\safety_conveyor_done_01_rep15.result.txt,
DECOMPOSED_3CD,SAFETY,CONVEYOR_DONE,1,after_first_bottle_transfer_to_rotary,16,DRAINED,DRAINED,NONE,True,2057.0097,True,True,0.0,500,500.9803,10197.1855,-4148.796000000002,0,6700,6700,6700,11.685335,C:\Users\cta10\OneDrive\Desktop\part4\704\704GP1\Integration\Zhiyuan\experiment_runs_event_v4\safety_conveyor_done_01_rep16.result.txt,
DECOMPOSED_3CD,SAFETY,CONVEYOR_DONE,1,after_first_bottle_transfer_to_rotary,17,DRAINED,DRAINED,NONE,True,2052.7678,True,True,0.0,500,500.6986,10185.3384,-4160.643100000001,0,6780,6780,6780,12.311119,C:\Users\cta10\OneDrive\Desktop\part4\704\704GP1\Integration\Zhiyuan\experiment_runs_event_v4\safety_conveyor_done_01_rep17.result.txt,
DECOMPOSED_3CD,SAFETY,CONVEYOR_DONE,1,after_first_bottle_transfer_to_rotary,18,FAULT,FAULT,TABLE_ALIGNMENT_TIMEOUT,True,2055.578,True,True,0.0,500,500.7346,17064.8196,,0,11441,11441,11441,20.506461,C:\Users\cta10\OneDrive\Desktop\part4\704\704GP1\Integration\Zhiyuan\experiment_runs_event_v4\safety_conveyor_done_01_rep18.result.txt,
DECOMPOSED_3CD,SAFETY,CONVEYOR_DONE,1,after_first_bottle_transfer_to_rotary,19,FAULT,FAULT,TABLE_ALIGNMENT_TIMEOUT,True,2057.5499,True,True,0.0,500,500.0572,17064.5902,,0,11461,11461,11461,21.151567,C:\Users\cta10\OneDrive\Desktop\part4\704\704GP1\Integration\Zhiyuan\experiment_runs_event_v4\safety_conveyor_done_01_rep19.result.txt,
DECOMPOSED_3CD,SAFETY,CONVEYOR_DONE,1,after_first_bottle_transfer_to_rotary,20,FAULT,FAULT,TABLE_ALIGNMENT_TIMEOUT,True,2053.6845,True,True,0.0,500,500.6302,17063.9093,,0,11518,11518,11518,20.067203,C:\Users\cta10\OneDrive\Desktop\part4\704\704GP1\Integration\Zhiyuan\experiment_runs_event_v4\safety_conveyor_done_01_rep20.result.txt,
DECOMPOSED_3CD,SAFETY,TABLE_ALIGNED,1,after_first_confirmed_rotation,1,DRAINED,DRAINED,NONE,True,2575.361,True,True,0.0,500,501.0692,10176.1638,-4169.817700000001,0,6760,6760,6760,12.291389,C:\Users\cta10\OneDrive\Desktop\part4\704\704GP1\Integration\Zhiyuan\experiment_runs_event_v4\safety_table_aligned_01_rep01.result.txt,
DECOMPOSED_3CD,SAFETY,TABLE_ALIGNED,1,after_first_confirmed_rotation,2,DRAINED,DRAINED,NONE,True,2573.2846,True,True,0.0,500,501.0073,10184.7541,-4161.227400000002,0,6726,6726,6726,11.713099,C:\Users\cta10\OneDrive\Desktop\part4\704\704GP1\Integration\Zhiyuan\experiment_runs_event_v4\safety_table_aligned_01_rep02.result.txt,
DECOMPOSED_3CD,SAFETY,TABLE_ALIGNED,1,after_first_confirmed_rotation,3,DRAINED,DRAINED,NONE,True,2579.2514,True,True,0.0,500,500.6112,10195.8437,-4150.137800000002,0,6688,6688,6688,12.295668,C:\Users\cta10\OneDrive\Desktop\part4\704\704GP1\Integration\Zhiyuan\experiment_runs_event_v4\safety_table_aligned_01_rep03.result.txt,
DECOMPOSED_3CD,SAFETY,TABLE_ALIGNED,1,after_first_confirmed_rotation,4,DRAINED,DRAINED,NONE,True,2574.1906,True,True,0.0,500,500.3919,10190.2096,-4155.771900000002,0,6726,6726,6726,11.668494,C:\Users\cta10\OneDrive\Desktop\part4\704\704GP1\Integration\Zhiyuan\experiment_runs_event_v4\safety_table_aligned_01_rep04.result.txt,
DECOMPOSED_3CD,SAFETY,TABLE_ALIGNED,1,after_first_confirmed_rotation,5,DRAINED,DRAINED,NONE,True,2572.8506,True,True,0.0,500,500.3926,10190.3053,-4155.676200000002,0,6865,6865,6865,12.322305,C:\Users\cta10\OneDrive\Desktop\part4\704\704GP1\Integration\Zhiyuan\experiment_runs_event_v4\safety_table_aligned_01_rep05.result.txt,
DECOMPOSED_3CD,SAFETY,TABLE_ALIGNED,1,after_first_confirmed_rotation,6,DRAINED,DRAINED,NONE,True,2573.7556,True,True,0.0,500,500.3822,10199.3037,-4146.677800000001,0,6837,6837,6837,11.721504,C:\Users\cta10\OneDrive\Desktop\part4\704\704GP1\Integration\Zhiyuan\experiment_runs_event_v4\safety_table_aligned_01_rep06.result.txt,
DECOMPOSED_3CD,SAFETY,TABLE_ALIGNED,1,after_first_confirmed_rotation,7,DRAINED,DRAINED,NONE,True,2568.5599,True,True,0.0,500,501.3609,10168.3817,-4177.599800000002,0,6672,6672,6672,12.2608,C:\Users\cta10\OneDrive\Desktop\part4\704\704GP1\Integration\Zhiyuan\experiment_runs_event_v4\safety_table_aligned_01_rep07.result.txt,
DECOMPOSED_3CD,SAFETY,TABLE_ALIGNED,1,after_first_confirmed_rotation,8,DRAINED,DRAINED,NONE,True,2574.8314,True,True,0.0,500,500.7645,10178.7031,-4167.278400000001,0,6848,6848,6848,11.672696,C:\Users\cta10\OneDrive\Desktop\part4\704\704GP1\Integration\Zhiyuan\experiment_runs_event_v4\safety_table_aligned_01_rep08.result.txt,
DECOMPOSED_3CD,SAFETY,TABLE_ALIGNED,1,after_first_confirmed_rotation,9,DRAINED,DRAINED,NONE,True,2576.6465,True,True,0.0,500,500.8106,10186.6562,-4159.325300000002,0,6775,6775,6775,12.299931,C:\Users\cta10\OneDrive\Desktop\part4\704\704GP1\Integration\Zhiyuan\experiment_runs_event_v4\safety_table_aligned_01_rep09.result.txt,
DECOMPOSED_3CD,SAFETY,TABLE_ALIGNED,1,after_first_confirmed_rotation,10,DRAINED,DRAINED,NONE,True,2574.1423,True,True,0.0,500,500.9827,10195.5301,-4150.451400000002,0,6712,6712,6712,11.699218,C:\Users\cta10\OneDrive\Desktop\part4\704\704GP1\Integration\Zhiyuan\experiment_runs_event_v4\safety_table_aligned_01_rep10.result.txt,
DECOMPOSED_3CD,SAFETY,TABLE_ALIGNED,1,after_first_confirmed_rotation,11,DRAINED,DRAINED,NONE,True,2573.1704,True,True,0.0,500,500.2719,10178.1673,-4167.8142000000025,0,6860,6860,6860,12.306955,C:\Users\cta10\OneDrive\Desktop\part4\704\704GP1\Integration\Zhiyuan\experiment_runs_event_v4\safety_table_aligned_01_rep11.result.txt,
DECOMPOSED_3CD,SAFETY,TABLE_ALIGNED,1,after_first_confirmed_rotation,12,DRAINED,DRAINED,NONE,True,2570.786,True,True,0.0,500,501.0742,10171.3849,-4174.596600000003,0,6835,6835,6835,11.621288,C:\Users\cta10\OneDrive\Desktop\part4\704\704GP1\Integration\Zhiyuan\experiment_runs_event_v4\safety_table_aligned_01_rep12.result.txt,
DECOMPOSED_3CD,SAFETY,TABLE_ALIGNED,1,after_first_confirmed_rotation,13,DRAINED,DRAINED,NONE,True,2571.3463,True,True,0.0,500,501.1339,10181.3678,-4164.613700000002,0,6851,6851,6851,12.30733,C:\Users\cta10\OneDrive\Desktop\part4\704\704GP1\Integration\Zhiyuan\experiment_runs_event_v4\safety_table_aligned_01_rep13.result.txt,
DECOMPOSED_3CD,SAFETY,TABLE_ALIGNED,1,after_first_confirmed_rotation,14,DRAINED,DRAINED,NONE,True,2575.9925,True,True,0.0,500,500.6853,10196.0308,-4149.950700000001,0,6651,6651,6651,11.656661,C:\Users\cta10\OneDrive\Desktop\part4\704\704GP1\Integration\Zhiyuan\experiment_runs_event_v4\safety_table_aligned_01_rep14.result.txt,
DECOMPOSED_3CD,SAFETY,TABLE_ALIGNED,1,after_first_confirmed_rotation,15,DRAINED,DRAINED,NONE,True,2572.2877,True,True,0.0,500,501.9821,10200.6291,-4145.352400000002,0,6707,6707,6707,12.310884,C:\Users\cta10\OneDrive\Desktop\part4\704\704GP1\Integration\Zhiyuan\experiment_runs_event_v4\safety_table_aligned_01_rep15.result.txt,
DECOMPOSED_3CD,SAFETY,TABLE_ALIGNED,1,after_first_confirmed_rotation,16,DRAINED,DRAINED,NONE,True,2574.8202,True,True,0.0,500,500.543,10183.6222,-4162.359300000002,0,6785,6785,6785,11.635507,C:\Users\cta10\OneDrive\Desktop\part4\704\704GP1\Integration\Zhiyuan\experiment_runs_event_v4\safety_table_aligned_01_rep16.result.txt,
DECOMPOSED_3CD,SAFETY,TABLE_ALIGNED,1,after_first_confirmed_rotation,17,EVENT_NOT_REACHED,FAULT,TABLE_ALIGNMENT_TIMEOUT,False,-1.0,False,False,-1.0,500,0.0,17071.1569,,0,11563,11563,11563,21.17388,C:\Users\cta10\OneDrive\Desktop\part4\704\704GP1\Integration\Zhiyuan\experiment_runs_event_v4\safety_table_aligned_01_rep17.result.txt,
DECOMPOSED_3CD,SAFETY,TABLE_ALIGNED,1,after_first_confirmed_rotation,18,DRAINED,DRAINED,NONE,True,2580.0265,True,True,0.0,500,500.0322,10185.457,-4160.524500000001,0,6733,6733,6733,11.682294,C:\Users\cta10\OneDrive\Desktop\part4\704\704GP1\Integration\Zhiyuan\experiment_runs_event_v4\safety_table_aligned_01_rep18.result.txt,
DECOMPOSED_3CD,SAFETY,TABLE_ALIGNED,1,after_first_confirmed_rotation,19,DRAINED,DRAINED,NONE,True,2568.0698,True,True,0.0,500,500.127,10178.2761,-4167.705400000003,0,6779,6779,6779,12.28491,C:\Users\cta10\OneDrive\Desktop\part4\704\704GP1\Integration\Zhiyuan\experiment_runs_event_v4\safety_table_aligned_01_rep19.result.txt,
DECOMPOSED_3CD,SAFETY,TABLE_ALIGNED,1,after_first_confirmed_rotation,20,DRAINED,DRAINED,NONE,True,2574.3498,True,True,0.0,500,501.2285,10188.4293,-4157.552200000002,0,6752,6752,6752,11.703341,C:\Users\cta10\OneDrive\Desktop\part4\704\704GP1\Integration\Zhiyuan\experiment_runs_event_v4\safety_table_aligned_01_rep20.result.txt,
DECOMPOSED_3CD,SAFETY,FILLER_DONE,1,after_first_bottle_fill,1,DRAINED,DRAINED,NONE,True,3603.7719,True,True,0.0,500,501.2328,10203.9276,-4142.053900000001,0,6648,6648,6648,12.342675,C:\Users\cta10\OneDrive\Desktop\part4\704\704GP1\Integration\Zhiyuan\experiment_runs_event_v4\safety_filler_done_01_rep01.result.txt,
DECOMPOSED_3CD,SAFETY,FILLER_DONE,1,after_first_bottle_fill,2,DRAINED,DRAINED,NONE,True,3602.241,True,True,0.0,500,500.2477,10199.8648,-4146.116700000002,0,6671,6671,6671,11.7344,C:\Users\cta10\OneDrive\Desktop\part4\704\704GP1\Integration\Zhiyuan\experiment_runs_event_v4\safety_filler_done_01_rep02.result.txt,
DECOMPOSED_3CD,SAFETY,FILLER_DONE,1,after_first_bottle_fill,3,DRAINED,DRAINED,NONE,True,3594.9028,True,True,0.0,500,500.813,10178.2624,-4167.719100000002,0,6727,6727,6727,12.284846,C:\Users\cta10\OneDrive\Desktop\part4\704\704GP1\Integration\Zhiyuan\experiment_runs_event_v4\safety_filler_done_01_rep03.result.txt,
DECOMPOSED_3CD,SAFETY,FILLER_DONE,1,after_first_bottle_fill,4,DRAINED,DRAINED,NONE,True,3586.5249,True,True,0.0,500,500.9079,10182.9168,-4163.064700000001,0,6726,6726,6726,11.69073,C:\Users\cta10\OneDrive\Desktop\part4\704\704GP1\Integration\Zhiyuan\experiment_runs_event_v4\safety_filler_done_01_rep04.result.txt,
DECOMPOSED_3CD,SAFETY,FILLER_DONE,1,after_first_bottle_fill,5,FAULT,FAULT,TABLE_ALIGNMENT_TIMEOUT,True,3594.0117,True,True,0.0,500,500.4937,19627.7793,,0,13043,13043,13043,23.116683,C:\Users\cta10\OneDrive\Desktop\part4\704\704GP1\Integration\Zhiyuan\experiment_runs_event_v4\safety_filler_done_01_rep05.result.txt,
DECOMPOSED_3CD,SAFETY,FILLER_DONE,1,after_first_bottle_fill,6,DRAINED,DRAINED,NONE,True,3601.0828,True,True,0.0,500,500.8906,10187.7681,-4158.213400000002,0,6755,6755,6755,11.673915,C:\Users\cta10\OneDrive\Desktop\part4\704\704GP1\Integration\Zhiyuan\experiment_runs_event_v4\safety_filler_done_01_rep06.result.txt,
DECOMPOSED_3CD,SAFETY,FILLER_DONE,1,after_first_bottle_fill,7,DRAINED,DRAINED,NONE,True,3594.7083,True,True,0.0,500,500.7089,10187.7229,-4158.258600000001,0,6597,6597,6597,12.29548,C:\Users\cta10\OneDrive\Desktop\part4\704\704GP1\Integration\Zhiyuan\experiment_runs_event_v4\safety_filler_done_01_rep07.result.txt,
DECOMPOSED_3CD,SAFETY,FILLER_DONE,1,after_first_bottle_fill,8,DRAINED,DRAINED,NONE,True,3605.1278,True,True,0.0,500,500.7099,10210.7433,-4135.238200000002,0,6641,6641,6641,11.739268,C:\Users\cta10\OneDrive\Desktop\part4\704\704GP1\Integration\Zhiyuan\experiment_runs_event_v4\safety_filler_done_01_rep08.result.txt,
DECOMPOSED_3CD,SAFETY,FILLER_DONE,1,after_first_bottle_fill,9,DRAINED,DRAINED,NONE,True,3600.9732,True,True,0.0,500,501.1445,10193.1639,-4152.817600000002,0,6694,6694,6694,12.327923,C:\Users\cta10\OneDrive\Desktop\part4\704\704GP1\Integration\Zhiyuan\experiment_runs_event_v4\safety_filler_done_01_rep09.result.txt,
DECOMPOSED_3CD,SAFETY,FILLER_DONE,1,after_first_bottle_fill,10,EVENT_NOT_REACHED,FAULT,TABLE_ALIGNMENT_TIMEOUT,False,-1.0,False,False,-1.0,500,0.0,17066.5202,,0,11477,11477,11477,20.564612,C:\Users\cta10\OneDrive\Desktop\part4\704\704GP1\Integration\Zhiyuan\experiment_runs_event_v4\safety_filler_done_01_rep10.result.txt,
DECOMPOSED_3CD,SAFETY,FILLER_DONE,1,after_first_bottle_fill,11,EVENT_NOT_REACHED,FAULT,TABLE_ALIGNMENT_TIMEOUT,False,-1.0,False,False,-1.0,500,0.0,17067.9641,,0,11498,11498,11498,20.639336,C:\Users\cta10\OneDrive\Desktop\part4\704\704GP1\Integration\Zhiyuan\experiment_runs_event_v4\safety_filler_done_01_rep11.result.txt,
DECOMPOSED_3CD,SAFETY,FILLER_DONE,1,after_first_bottle_fill,12,DRAINED,DRAINED,NONE,True,3602.124,True,True,0.0,500,501.4501,10185.2476,-4160.733900000001,0,6789,6789,6789,11.706435,C:\Users\cta10\OneDrive\Desktop\part4\704\704GP1\Integration\Zhiyuan\experiment_runs_event_v4\safety_filler_done_01_rep12.result.txt,
DECOMPOSED_3CD,SAFETY,FILLER_DONE,1,after_first_bottle_fill,13,DRAINED,DRAINED,NONE,True,3599.4299,True,True,0.0,500,501.2361,10193.6206,-4152.3609000000015,0,6748,6748,6748,12.300878,C:\Users\cta10\OneDrive\Desktop\part4\704\704GP1\Integration\Zhiyuan\experiment_runs_event_v4\safety_filler_done_01_rep13.result.txt,
DECOMPOSED_3CD,SAFETY,FILLER_DONE,1,after_first_bottle_fill,14,DRAINED,DRAINED,NONE,True,3595.8667,True,True,0.0,500,500.5518,10188.0785,-4157.903000000002,0,6606,6606,6606,11.688535,C:\Users\cta10\OneDrive\Desktop\part4\704\704GP1\Integration\Zhiyuan\experiment_runs_event_v4\safety_filler_done_01_rep14.result.txt,
DECOMPOSED_3CD,SAFETY,FILLER_DONE,1,after_first_bottle_fill,15,DRAINED,DRAINED,NONE,True,3597.4847,True,True,0.0,500,500.64,10172.0114,-4173.970100000002,0,6655,6655,6655,12.295581,C:\Users\cta10\OneDrive\Desktop\part4\704\704GP1\Integration\Zhiyuan\experiment_runs_event_v4\safety_filler_done_01_rep15.result.txt,
DECOMPOSED_3CD,SAFETY,FILLER_DONE,1,after_first_bottle_fill,16,DRAINED,DRAINED,NONE,True,3601.5276,True,True,0.0,500,500.7851,10182.1977,-4163.783800000001,0,6654,6654,6654,11.661853,C:\Users\cta10\OneDrive\Desktop\part4\704\704GP1\Integration\Zhiyuan\experiment_runs_event_v4\safety_filler_done_01_rep16.result.txt,
DECOMPOSED_3CD,SAFETY,FILLER_DONE,1,after_first_bottle_fill,17,DRAINED,DRAINED,NONE,True,3602.1224,True,True,0.0,500,500.3106,10189.676,-4156.305500000002,0,6780,6780,6780,12.294558,C:\Users\cta10\OneDrive\Desktop\part4\704\704GP1\Integration\Zhiyuan\experiment_runs_event_v4\safety_filler_done_01_rep17.result.txt,
DECOMPOSED_3CD,SAFETY,FILLER_DONE,1,after_first_bottle_fill,18,DRAINED,DRAINED,NONE,True,3601.3294,True,True,0.0,500,501.6995,10200.0839,-4145.897600000002,0,6729,6729,6729,11.706335,C:\Users\cta10\OneDrive\Desktop\part4\704\704GP1\Integration\Zhiyuan\experiment_runs_event_v4\safety_filler_done_01_rep18.result.txt,
DECOMPOSED_3CD,SAFETY,FILLER_DONE,1,after_first_bottle_fill,19,DRAINED,DRAINED,NONE,True,3604.3574,True,True,0.0,500,500.6812,10186.2303,-4159.751200000002,0,6706,6706,6706,12.317943,C:\Users\cta10\OneDrive\Desktop\part4\704\704GP1\Integration\Zhiyuan\experiment_runs_event_v4\safety_filler_done_01_rep19.result.txt,
DECOMPOSED_3CD,SAFETY,FILLER_DONE,1,after_first_bottle_fill,20,DRAINED,DRAINED,NONE,True,3592.6035,True,True,0.0,500,501.6188,10200.6616,-4145.319900000002,0,6712,6712,6712,11.726962,C:\Users\cta10\OneDrive\Desktop\part4\704\704GP1\Integration\Zhiyuan\experiment_runs_event_v4\safety_filler_done_01_rep20.result.txt,
DECOMPOSED_3CD,SAFETY,LID_DONE,1,after_first_bottle_lid,1,DRAINED,DRAINED,NONE,True,5211.241,True,True,0.0,500,500.3473,10195.711,-4150.270500000002,0,6672,6672,6672,12.299235,C:\Users\cta10\OneDrive\Desktop\part4\704\704GP1\Integration\Zhiyuan\experiment_runs_event_v4\safety_lid_done_01_rep01.result.txt,
DECOMPOSED_3CD,SAFETY,LID_DONE,1,after_first_bottle_lid,2,DRAINED,DRAINED,NONE,True,5197.2518,True,True,0.0,500,500.1471,10180.4418,-4165.539700000001,0,6692,6692,6692,11.690634,C:\Users\cta10\OneDrive\Desktop\part4\704\704GP1\Integration\Zhiyuan\experiment_runs_event_v4\safety_lid_done_01_rep02.result.txt,
DECOMPOSED_3CD,SAFETY,LID_DONE,1,after_first_bottle_lid,3,DRAINED,DRAINED,NONE,True,5200.8676,True,True,0.0,500,501.0464,10172.6142,-4173.367300000002,0,6754,6754,6754,12.27413,C:\Users\cta10\OneDrive\Desktop\part4\704\704GP1\Integration\Zhiyuan\experiment_runs_event_v4\safety_lid_done_01_rep03.result.txt,
DECOMPOSED_3CD,SAFETY,LID_DONE,1,after_first_bottle_lid,4,DRAINED,DRAINED,NONE,True,5211.1656,True,True,0.0,500,501.253,10177.196,-4168.785500000002,0,6723,6723,6723,11.643517,C:\Users\cta10\OneDrive\Desktop\part4\704\704GP1\Integration\Zhiyuan\experiment_runs_event_v4\safety_lid_done_01_rep04.result.txt,
DECOMPOSED_3CD,SAFETY,LID_DONE,1,after_first_bottle_lid,5,DRAINED,DRAINED,NONE,True,5209.4102,True,True,0.0,500,501.9292,10161.0842,-4184.897300000002,0,6800,6800,6800,12.25399,C:\Users\cta10\OneDrive\Desktop\part4\704\704GP1\Integration\Zhiyuan\experiment_runs_event_v4\safety_lid_done_01_rep05.result.txt,
DECOMPOSED_3CD,SAFETY,LID_DONE,1,after_first_bottle_lid,6,DRAINED,DRAINED,NONE,True,5206.2866,True,True,0.0,500,501.7086,10177.6916,-4168.289900000002,0,6759,6759,6759,11.702251,C:\Users\cta10\OneDrive\Desktop\part4\704\704GP1\Integration\Zhiyuan\experiment_runs_event_v4\safety_lid_done_01_rep06.result.txt,
DECOMPOSED_3CD,SAFETY,LID_DONE,1,after_first_bottle_lid,7,DRAINED,DRAINED,NONE,True,5214.7135,True,True,0.0,500,500.5131,10169.1213,-4176.860200000001,0,6713,6713,6713,12.295052,C:\Users\cta10\OneDrive\Desktop\part4\704\704GP1\Integration\Zhiyuan\experiment_runs_event_v4\safety_lid_done_01_rep07.result.txt,
DECOMPOSED_3CD,SAFETY,LID_DONE,1,after_first_bottle_lid,8,EVENT_NOT_REACHED,FAULT,TABLE_ALIGNMENT_TIMEOUT,False,-1.0,False,False,-1.0,500,0.0,19623.1395,,0,13225,13225,13225,22.534868,C:\Users\cta10\OneDrive\Desktop\part4\704\704GP1\Integration\Zhiyuan\experiment_runs_event_v4\safety_lid_done_01_rep08.result.txt,
DECOMPOSED_3CD,SAFETY,LID_DONE,1,after_first_bottle_lid,9,DRAINED,DRAINED,NONE,True,5210.4248,True,True,0.0,500,500.6387,10185.4775,-4160.504000000001,0,6790,6790,6790,12.315778,C:\Users\cta10\OneDrive\Desktop\part4\704\704GP1\Integration\Zhiyuan\experiment_runs_event_v4\safety_lid_done_01_rep09.result.txt,
DECOMPOSED_3CD,SAFETY,LID_DONE,1,after_first_bottle_lid,10,DRAINED,DRAINED,NONE,True,5206.5542,True,True,0.0,500,501.0454,10172.6104,-4173.371100000002,0,6717,6717,6717,11.683689,C:\Users\cta10\OneDrive\Desktop\part4\704\704GP1\Integration\Zhiyuan\experiment_runs_event_v4\safety_lid_done_01_rep10.result.txt,
DECOMPOSED_3CD,SAFETY,LID_DONE,1,after_first_bottle_lid,11,DRAINED,DRAINED,NONE,True,5216.5895,True,True,0.0,500,501.385,10189.0243,-4156.957200000003,0,6855,6855,6855,12.2911,C:\Users\cta10\OneDrive\Desktop\part4\704\704GP1\Integration\Zhiyuan\experiment_runs_event_v4\safety_lid_done_01_rep11.result.txt,
DECOMPOSED_3CD,SAFETY,LID_DONE,1,after_first_bottle_lid,12,DRAINED,DRAINED,NONE,True,5213.339,True,True,0.0,500,500.0804,10176.0955,-4169.886000000002,0,6757,6757,6757,11.676291,C:\Users\cta10\OneDrive\Desktop\part4\704\704GP1\Integration\Zhiyuan\experiment_runs_event_v4\safety_lid_done_01_rep12.result.txt,
DECOMPOSED_3CD,SAFETY,LID_DONE,1,after_first_bottle_lid,13,DRAINED,DRAINED,NONE,True,5210.264,True,True,0.0,500,500.0535,10176.8187,-4169.162800000002,0,6758,6758,6758,12.292676,C:\Users\cta10\OneDrive\Desktop\part4\704\704GP1\Integration\Zhiyuan\experiment_runs_event_v4\safety_lid_done_01_rep13.result.txt,
DECOMPOSED_3CD,SAFETY,LID_DONE,1,after_first_bottle_lid,14,FAULT,FAULT,TABLE_ALIGNMENT_TIMEOUT,True,5206.1848,True,True,0.0,500,500.9579,21784.9977,,0,14630,14630,14630,24.530491,C:\Users\cta10\OneDrive\Desktop\part4\704\704GP1\Integration\Zhiyuan\experiment_runs_event_v4\safety_lid_done_01_rep14.result.txt,
DECOMPOSED_3CD,SAFETY,LID_DONE,1,after_first_bottle_lid,15,DRAINED,DRAINED,NONE,True,5206.8761,True,True,0.0,500,500.6025,10181.3402,-4164.641300000001,0,6883,6883,6883,12.320723,C:\Users\cta10\OneDrive\Desktop\part4\704\704GP1\Integration\Zhiyuan\experiment_runs_event_v4\safety_lid_done_01_rep15.result.txt,
DECOMPOSED_3CD,SAFETY,LID_DONE,1,after_first_bottle_lid,16,FAULT,FAULT,TABLE_ALIGNMENT_TIMEOUT,True,5206.3282,True,True,0.0,500,500.9084,21167.8023,,0,14261,14261,14261,24.060642,C:\Users\cta10\OneDrive\Desktop\part4\704\704GP1\Integration\Zhiyuan\experiment_runs_event_v4\safety_lid_done_01_rep16.result.txt,
DECOMPOSED_3CD,SAFETY,LID_DONE,1,after_first_bottle_lid,17,DRAINED,DRAINED,NONE,True,5201.339,True,True,0.0,500,501.1463,10169.4594,-4176.522100000002,0,6818,6818,6818,12.286218,C:\Users\cta10\OneDrive\Desktop\part4\704\704GP1\Integration\Zhiyuan\experiment_runs_event_v4\safety_lid_done_01_rep17.result.txt,
DECOMPOSED_3CD,SAFETY,LID_DONE,1,after_first_bottle_lid,18,DRAINED,DRAINED,NONE,True,5210.0714,True,True,0.0,500,500.6597,10200.5696,-4145.411900000001,0,6737,6737,6737,11.693883,C:\Users\cta10\OneDrive\Desktop\part4\704\704GP1\Integration\Zhiyuan\experiment_runs_event_v4\safety_lid_done_01_rep18.result.txt,
DECOMPOSED_3CD,SAFETY,LID_DONE,1,after_first_bottle_lid,19,DRAINED,DRAINED,NONE,True,5224.0412,True,True,0.0,500,501.5728,10196.9803,-4149.001200000002,0,6646,6646,6646,12.309921,C:\Users\cta10\OneDrive\Desktop\part4\704\704GP1\Integration\Zhiyuan\experiment_runs_event_v4\safety_lid_done_01_rep19.result.txt,
DECOMPOSED_3CD,SAFETY,LID_DONE,1,after_first_bottle_lid,20,DRAINED,DRAINED,NONE,True,5208.4755,True,True,0.0,500,500.3012,10190.0819,-4155.8996000000025,0,6647,6647,6647,11.651452,C:\Users\cta10\OneDrive\Desktop\part4\704\704GP1\Integration\Zhiyuan\experiment_runs_event_v4\safety_lid_done_01_rep20.result.txt,
DECOMPOSED_3CD,SAFETY,CAPPER_DONE,1,after_first_bottle_cap,1,DRAINED,DRAINED,NONE,True,6749.912,True,True,0.0,500,500.5029,10158.3857,-4187.595800000001,0,6856,6856,6856,12.282084,C:\Users\cta10\OneDrive\Desktop\part4\704\704GP1\Integration\Zhiyuan\experiment_runs_event_v4\safety_capper_done_01_rep01.result.txt,
DECOMPOSED_3CD,SAFETY,CAPPER_DONE,1,after_first_bottle_cap,2,DRAINED,DRAINED,NONE,True,6771.8427,True,True,0.0,500,500.4459,10204.8953,-4141.086200000002,0,6687,6687,6687,11.700512,C:\Users\cta10\OneDrive\Desktop\part4\704\704GP1\Integration\Zhiyuan\experiment_runs_event_v4\safety_capper_done_01_rep02.result.txt,
DECOMPOSED_3CD,SAFETY,CAPPER_DONE,1,after_first_bottle_cap,3,EVENT_NOT_REACHED,FAULT,TABLE_ALIGNMENT_TIMEOUT,False,-1.0,False,False,-1.0,500,0.0,17071.1635,,0,11254,11254,11254,21.131891,C:\Users\cta10\OneDrive\Desktop\part4\704\704GP1\Integration\Zhiyuan\experiment_runs_event_v4\safety_capper_done_01_rep03.result.txt,
DECOMPOSED_3CD,SAFETY,CAPPER_DONE,1,after_first_bottle_cap,4,DRAINED,DRAINED,NONE,True,6765.0433,True,True,0.0,500,501.8465,10193.6302,-4152.351300000002,0,6756,6756,6756,11.695932,C:\Users\cta10\OneDrive\Desktop\part4\704\704GP1\Integration\Zhiyuan\experiment_runs_event_v4\safety_capper_done_01_rep04.result.txt,
DECOMPOSED_3CD,SAFETY,CAPPER_DONE,1,after_first_bottle_cap,5,DRAINED,DRAINED,NONE,True,6770.5521,True,True,0.0,500,501.6363,10193.7265,-4152.255000000001,0,6716,6716,6716,12.311384,C:\Users\cta10\OneDrive\Desktop\part4\704\704GP1\Integration\Zhiyuan\experiment_runs_event_v4\safety_capper_done_01_rep05.result.txt,
DECOMPOSED_3CD,SAFETY,CAPPER_DONE,1,after_first_bottle_cap,6,EVENT_NOT_REACHED,FAULT,TABLE_ALIGNMENT_TIMEOUT,False,-1.0,False,False,-1.0,500,0.0,17068.715,,0,11300,11300,11300,20.541427,C:\Users\cta10\OneDrive\Desktop\part4\704\704GP1\Integration\Zhiyuan\experiment_runs_event_v4\safety_capper_done_01_rep06.result.txt,
DECOMPOSED_3CD,SAFETY,CAPPER_DONE,1,after_first_bottle_cap,7,DRAINED,DRAINED,NONE,True,6766.3113,True,True,0.0,500,500.0162,10187.7417,-4158.239800000001,0,6776,6776,6776,12.33175,C:\Users\cta10\OneDrive\Desktop\part4\704\704GP1\Integration\Zhiyuan\experiment_runs_event_v4\safety_capper_done_01_rep07.result.txt,
DECOMPOSED_3CD,SAFETY,CAPPER_DONE,1,after_first_bottle_cap,8,DRAINED,DRAINED,NONE,True,6770.1049,True,True,0.0,500,500.4832,10207.5737,-4138.407800000001,0,6661,6661,6661,11.744324,C:\Users\cta10\OneDrive\Desktop\part4\704\704GP1\Integration\Zhiyuan\experiment_runs_event_v4\safety_capper_done_01_rep08.result.txt,
DECOMPOSED_3CD,SAFETY,CAPPER_DONE,1,after_first_bottle_cap,9,DRAINED,DRAINED,NONE,True,6770.0615,True,True,0.0,500,500.2846,10192.3616,-4153.6199000000015,0,6723,6723,6723,12.308343,C:\Users\cta10\OneDrive\Desktop\part4\704\704GP1\Integration\Zhiyuan\experiment_runs_event_v4\safety_capper_done_01_rep09.result.txt,
DECOMPOSED_3CD,SAFETY,CAPPER_DONE,1,after_first_bottle_cap,10,DRAINED,DRAINED,NONE,True,6772.5957,True,True,0.0,500,500.7169,10205.5677,-4140.413800000002,0,6676,6676,6676,11.738206,C:\Users\cta10\OneDrive\Desktop\part4\704\704GP1\Integration\Zhiyuan\experiment_runs_event_v4\safety_capper_done_01_rep10.result.txt,
DECOMPOSED_3CD,SAFETY,CAPPER_DONE,1,after_first_bottle_cap,11,DRAINED,DRAINED,NONE,True,6754.8104,True,True,0.0,500,500.9535,10175.1966,-4170.784900000002,0,6716,6716,6716,12.277933,C:\Users\cta10\OneDrive\Desktop\part4\704\704GP1\Integration\Zhiyuan\experiment_runs_event_v4\safety_capper_done_01_rep11.result.txt,
DECOMPOSED_3CD,SAFETY,CAPPER_DONE,1,after_first_bottle_cap,12,DRAINED,DRAINED,NONE,True,6764.0287,True,True,0.0,500,500.399,10191.4142,-4154.567300000002,0,6716,6716,6716,11.743329,C:\Users\cta10\OneDrive\Desktop\part4\704\704GP1\Integration\Zhiyuan\experiment_runs_event_v4\safety_capper_done_01_rep12.result.txt,
DECOMPOSED_3CD,SAFETY,CAPPER_DONE,1,after_first_bottle_cap,13,DRAINED,DRAINED,NONE,True,6764.8677,True,True,0.0,500,501.5666,10201.4062,-4144.575300000002,0,6586,6586,6586,12.309988,C:\Users\cta10\OneDrive\Desktop\part4\704\704GP1\Integration\Zhiyuan\experiment_runs_event_v4\safety_capper_done_01_rep13.result.txt,
DECOMPOSED_3CD,SAFETY,CAPPER_DONE,1,after_first_bottle_cap,14,DRAINED,DRAINED,NONE,True,6770.8111,True,True,0.0,500,501.7996,10193.7588,-4152.222700000002,0,6631,6631,6631,11.649835,C:\Users\cta10\OneDrive\Desktop\part4\704\704GP1\Integration\Zhiyuan\experiment_runs_event_v4\safety_capper_done_01_rep14.result.txt,
DECOMPOSED_3CD,SAFETY,CAPPER_DONE,1,after_first_bottle_cap,15,DRAINED,DRAINED,NONE,True,6767.0921,True,True,0.0,500,501.731,10192.6351,-4153.346400000002,0,6822,6822,6822,12.306348,C:\Users\cta10\OneDrive\Desktop\part4\704\704GP1\Integration\Zhiyuan\experiment_runs_event_v4\safety_capper_done_01_rep15.result.txt,
DECOMPOSED_3CD,SAFETY,CAPPER_DONE,1,after_first_bottle_cap,16,EVENT_NOT_REACHED,FAULT,TABLE_ALIGNMENT_TIMEOUT,False,-1.0,False,False,-1.0,500,0.0,21174.0868,,0,14019,14019,14019,24.042793,C:\Users\cta10\OneDrive\Desktop\part4\704\704GP1\Integration\Zhiyuan\experiment_runs_event_v4\safety_capper_done_01_rep16.result.txt,
DECOMPOSED_3CD,SAFETY,CAPPER_DONE,1,after_first_bottle_cap,17,DRAINED,DRAINED,NONE,True,6769.309,True,True,0.0,500,500.9767,10190.9672,-4155.014300000003,0,6742,6742,6742,12.30155,C:\Users\cta10\OneDrive\Desktop\part4\704\704GP1\Integration\Zhiyuan\experiment_runs_event_v4\safety_capper_done_01_rep17.result.txt,
DECOMPOSED_3CD,SAFETY,CAPPER_DONE,1,after_first_bottle_cap,18,DRAINED,DRAINED,NONE,True,6776.9097,True,True,0.0,500,500.8806,10206.618,-4139.363500000001,0,6622,6622,6622,11.713645,C:\Users\cta10\OneDrive\Desktop\part4\704\704GP1\Integration\Zhiyuan\experiment_runs_event_v4\safety_capper_done_01_rep18.result.txt,
DECOMPOSED_3CD,SAFETY,CAPPER_DONE,1,after_first_bottle_cap,19,DRAINED,DRAINED,NONE,True,6754.7149,True,True,0.0,500,501.4398,10185.3327,-4160.648800000001,0,6744,6744,6744,12.303139,C:\Users\cta10\OneDrive\Desktop\part4\704\704GP1\Integration\Zhiyuan\experiment_runs_event_v4\safety_capper_done_01_rep19.result.txt,
DECOMPOSED_3CD,SAFETY,CAPPER_DONE,1,after_first_bottle_cap,20,DRAINED,DRAINED,NONE,True,6767.7351,True,True,0.0,500,500.577,10191.5688,-4154.412700000003,0,6585,6585,6585,11.678325,C:\Users\cta10\OneDrive\Desktop\part4\704\704GP1\Integration\Zhiyuan\experiment_runs_event_v4\safety_capper_done_01_rep20.result.txt,
DECOMPOSED_3CD,SAFETY,LABELLER_DONE,1,after_first_bottle_label,1,EVENT_NOT_REACHED,FAULT,TABLE_ALIGNMENT_TIMEOUT,False,-1.0,False,False,-1.0,500,0.0,17066.7135,,0,11289,11289,11289,21.64779,C:\Users\cta10\OneDrive\Desktop\part4\704\704GP1\Integration\Zhiyuan\experiment_runs_event_v4\safety_labeller_done_01_rep01.result.txt,
DECOMPOSED_3CD,SAFETY,LABELLER_DONE,1,after_first_bottle_label,2,DRAINED,DRAINED,NONE,True,8960.8452,True,True,0.0,500,500.9042,10181.7315,-4164.250000000002,0,6678,6678,6678,11.693564,C:\Users\cta10\OneDrive\Desktop\part4\704\704GP1\Integration\Zhiyuan\experiment_runs_event_v4\safety_labeller_done_01_rep02.result.txt,
DECOMPOSED_3CD,SAFETY,LABELLER_DONE,1,after_first_bottle_label,3,DRAINED,DRAINED,NONE,True,8981.6192,True,True,0.0,500,501.7878,10202.0526,-4143.928900000001,0,6655,6655,6655,12.312309,C:\Users\cta10\OneDrive\Desktop\part4\704\704GP1\Integration\Zhiyuan\experiment_runs_event_v4\safety_labeller_done_01_rep03.result.txt,
DECOMPOSED_3CD,SAFETY,LABELLER_DONE,1,after_first_bottle_label,4,DRAINED,DRAINED,NONE,True,8963.174,True,True,0.0,500,500.1378,10167.6746,-4178.306900000001,0,6813,6813,6813,11.695515,C:\Users\cta10\OneDrive\Desktop\part4\704\704GP1\Integration\Zhiyuan\experiment_runs_event_v4\safety_labeller_done_01_rep04.result.txt,
DECOMPOSED_3CD,SAFETY,LABELLER_DONE,1,after_first_bottle_label,5,DRAINED,DRAINED,NONE,True,8984.9026,True,True,0.0,500,501.1529,10211.3464,-4134.635100000001,0,6624,6624,6624,12.341115,C:\Users\cta10\OneDrive\Desktop\part4\704\704GP1\Integration\Zhiyuan\experiment_runs_event_v4\safety_labeller_done_01_rep05.result.txt,
DECOMPOSED_3CD,SAFETY,LABELLER_DONE,1,after_first_bottle_label,6,DRAINED,DRAINED,NONE,True,8983.5657,True,True,0.0,500,500.4379,10200.6902,-4145.291300000003,0,6682,6682,6682,11.711972,C:\Users\cta10\OneDrive\Desktop\part4\704\704GP1\Integration\Zhiyuan\experiment_runs_event_v4\safety_labeller_done_01_rep06.result.txt,
DECOMPOSED_3CD,SAFETY,LABELLER_DONE,1,after_first_bottle_label,7,DRAINED,DRAINED,NONE,True,8972.4736,True,True,0.0,500,500.7608,10181.0521,-4164.929400000001,0,6879,6879,6879,12.30397,C:\Users\cta10\OneDrive\Desktop\part4\704\704GP1\Integration\Zhiyuan\experiment_runs_event_v4\safety_labeller_done_01_rep07.result.txt,
DECOMPOSED_3CD,SAFETY,LABELLER_DONE,1,after_first_bottle_label,8,DRAINED,DRAINED,NONE,True,8971.6446,True,True,0.0,500,501.3438,10182.6904,-4163.291100000002,0,6787,6787,6787,11.716595,C:\Users\cta10\OneDrive\Desktop\part4\704\704GP1\Integration\Zhiyuan\experiment_runs_event_v4\safety_labeller_done_01_rep08.result.txt,
DECOMPOSED_3CD,SAFETY,LABELLER_DONE,1,after_first_bottle_label,9,DRAINED,DRAINED,NONE,True,8971.7644,True,True,0.0,500,500.6064,10187.3956,-4158.585900000002,0,6665,6665,6665,12.296692,C:\Users\cta10\OneDrive\Desktop\part4\704\704GP1\Integration\Zhiyuan\experiment_runs_event_v4\safety_labeller_done_01_rep09.result.txt,
DECOMPOSED_3CD,SAFETY,LABELLER_DONE,1,after_first_bottle_label,10,DRAINED,DRAINED,NONE,True,8967.6613,True,True,0.0,500,500.6981,10178.212,-4167.769500000002,0,6619,6619,6619,11.659875,C:\Users\cta10\OneDrive\Desktop\part4\704\704GP1\Integration\Zhiyuan\experiment_runs_event_v4\safety_labeller_done_01_rep10.result.txt,
DECOMPOSED_3CD,SAFETY,LABELLER_DONE,1,after_first_bottle_label,11,DRAINED,DRAINED,NONE,True,8958.8539,True,True,0.0,500,500.5776,10168.2285,-4177.753000000002,0,6807,6807,6807,12.307039,C:\Users\cta10\OneDrive\Desktop\part4\704\704GP1\Integration\Zhiyuan\experiment_runs_event_v4\safety_labeller_done_01_rep11.result.txt,
DECOMPOSED_3CD,SAFETY,LABELLER_DONE,1,after_first_bottle_label,12,DRAINED,DRAINED,NONE,True,8977.5894,True,True,0.0,500,501.3653,10178.7626,-4167.218900000002,0,6728,6728,6728,11.717035,C:\Users\cta10\OneDrive\Desktop\part4\704\704GP1\Integration\Zhiyuan\experiment_runs_event_v4\safety_labeller_done_01_rep12.result.txt,
DECOMPOSED_3CD,SAFETY,LABELLER_DONE,1,after_first_bottle_label,13,EVENT_NOT_REACHED,FAULT,TABLE_ALIGNMENT_TIMEOUT,False,-1.0,False,False,-1.0,500,0.0,17068.636,,0,11459,11459,11459,21.149575,C:\Users\cta10\OneDrive\Desktop\part4\704\704GP1\Integration\Zhiyuan\experiment_runs_event_v4\safety_labeller_done_01_rep13.result.txt,
DECOMPOSED_3CD,SAFETY,LABELLER_DONE,1,after_first_bottle_label,14,EVENT_NOT_REACHED,FAULT,TABLE_ALIGNMENT_TIMEOUT,False,-1.0,False,False,-1.0,500,0.0,17072.5809,,0,11440,11440,11440,20.556118,C:\Users\cta10\OneDrive\Desktop\part4\704\704GP1\Integration\Zhiyuan\experiment_runs_event_v4\safety_labeller_done_01_rep14.result.txt,
DECOMPOSED_3CD,SAFETY,LABELLER_DONE,1,after_first_bottle_label,15,DRAINED,DRAINED,NONE,True,8975.9855,True,True,0.0,500,500.4124,10181.4101,-4164.5714000000025,0,6795,6795,6795,12.288841,C:\Users\cta10\OneDrive\Desktop\part4\704\704GP1\Integration\Zhiyuan\experiment_runs_event_v4\safety_labeller_done_01_rep15.result.txt,
DECOMPOSED_3CD,SAFETY,LABELLER_DONE,1,after_first_bottle_label,16,DRAINED,DRAINED,NONE,True,8975.7205,True,True,0.0,500,500.8417,10184.0406,-4161.940900000001,0,6713,6713,6713,11.673492,C:\Users\cta10\OneDrive\Desktop\part4\704\704GP1\Integration\Zhiyuan\experiment_runs_event_v4\safety_labeller_done_01_rep16.result.txt,
DECOMPOSED_3CD,SAFETY,LABELLER_DONE,1,after_first_bottle_label,17,DRAINED,DRAINED,NONE,True,8986.9722,True,True,0.0,500,500.3776,10194.1799,-4151.8016000000025,0,6758,6758,6758,12.305926,C:\Users\cta10\OneDrive\Desktop\part4\704\704GP1\Integration\Zhiyuan\experiment_runs_event_v4\safety_labeller_done_01_rep17.result.txt,
DECOMPOSED_3CD,SAFETY,LABELLER_DONE,1,after_first_bottle_label,18,DRAINED,DRAINED,NONE,True,8977.628,True,True,0.0,500,501.3546,10185.1683,-4160.813200000002,0,6702,6702,6702,11.722717,C:\Users\cta10\OneDrive\Desktop\part4\704\704GP1\Integration\Zhiyuan\experiment_runs_event_v4\safety_labeller_done_01_rep18.result.txt,
DECOMPOSED_3CD,SAFETY,LABELLER_DONE,1,after_first_bottle_label,19,DRAINED,DRAINED,NONE,True,8969.3219,True,True,0.0,500,501.2464,10179.6103,-4166.371200000001,0,6796,6796,6796,12.299845,C:\Users\cta10\OneDrive\Desktop\part4\704\704GP1\Integration\Zhiyuan\experiment_runs_event_v4\safety_labeller_done_01_rep19.result.txt,
DECOMPOSED_3CD,SAFETY,LABELLER_DONE,1,after_first_bottle_label,20,DRAINED,DRAINED,NONE,True,8977.8614,True,True,0.0,500,500.5741,10181.7491,-4164.232400000001,0,6799,6799,6799,11.712073,C:\Users\cta10\OneDrive\Desktop\part4\704\704GP1\Integration\Zhiyuan\experiment_runs_event_v4\safety_labeller_done_01_rep20.result.txt,
DECOMPOSED_3CD,SAFETY,UNLOADER_DONE,1,after_first_bottle_completion,1,DRAINED,DRAINED,NONE,True,10086.2396,True,False,0.0,500,92.2701,10178.5097,-4167.471800000001,0,6718,6718,6718,12.303597,C:\Users\cta10\OneDrive\Desktop\part4\704\704GP1\Integration\Zhiyuan\experiment_runs_event_v4\safety_unloader_done_01_rep01.result.txt,
DECOMPOSED_3CD,SAFETY,UNLOADER_DONE,1,after_first_bottle_completion,2,DRAINED,DRAINED,NONE,True,10092.4011,True,False,0.0,500,93.7488,10186.1499,-4159.831600000001,0,6831,6831,6831,11.710121,C:\Users\cta10\OneDrive\Desktop\part4\704\704GP1\Integration\Zhiyuan\experiment_runs_event_v4\safety_unloader_done_01_rep02.result.txt,
DECOMPOSED_3CD,SAFETY,UNLOADER_DONE,1,after_first_bottle_completion,3,DRAINED,DRAINED,NONE,True,10070.7453,True,False,0.0,500,95.5308,10166.2761,-4179.705400000003,0,6753,6753,6753,12.272766,C:\Users\cta10\OneDrive\Desktop\part4\704\704GP1\Integration\Zhiyuan\experiment_runs_event_v4\safety_unloader_done_01_rep03.result.txt,
DECOMPOSED_3CD,SAFETY,UNLOADER_DONE,1,after_first_bottle_completion,4,DRAINED,DRAINED,NONE,True,10104.8448,True,False,0.0,500,94.1563,10199.0011,-4146.980400000002,0,6747,6747,6747,11.686467,C:\Users\cta10\OneDrive\Desktop\part4\704\704GP1\Integration\Zhiyuan\experiment_runs_event_v4\safety_unloader_done_01_rep04.result.txt,
DECOMPOSED_3CD,SAFETY,UNLOADER_DONE,1,after_first_bottle_completion,5,EVENT_NOT_REACHED,FAULT,TABLE_ALIGNMENT_TIMEOUT,False,-1.0,False,False,-1.0,500,0.0,17066.7513,,0,11281,11281,11281,21.641937,C:\Users\cta10\OneDrive\Desktop\part4\704\704GP1\Integration\Zhiyuan\experiment_runs_event_v4\safety_unloader_done_01_rep05.result.txt,
DECOMPOSED_3CD,SAFETY,UNLOADER_DONE,1,after_first_bottle_completion,6,EVENT_NOT_REACHED,FAULT,TABLE_ALIGNMENT_TIMEOUT,False,-1.0,False,False,-1.0,500,0.0,17071.5454,,0,11306,11306,11306,19.478441,C:\Users\cta10\OneDrive\Desktop\part4\704\704GP1\Integration\Zhiyuan\experiment_runs_event_v4\safety_unloader_done_01_rep06.result.txt,
DECOMPOSED_3CD,SAFETY,UNLOADER_DONE,1,after_first_bottle_completion,7,DRAINED,DRAINED,NONE,True,10092.4169,True,False,0.0,500,95.8584,10188.2753,-4157.706200000002,0,6677,6677,6677,12.32598,C:\Users\cta10\OneDrive\Desktop\part4\704\704GP1\Integration\Zhiyuan\experiment_runs_event_v4\safety_unloader_done_01_rep07.result.txt,
DECOMPOSED_3CD,SAFETY,UNLOADER_DONE,1,after_first_bottle_completion,8,DRAINED,DRAINED,NONE,True,10095.287,True,False,0.0,500,97.7007,10192.9877,-4152.993800000002,0,6761,6761,6761,11.70028,C:\Users\cta10\OneDrive\Desktop\part4\704\704GP1\Integration\Zhiyuan\experiment_runs_event_v4\safety_unloader_done_01_rep08.result.txt,
DECOMPOSED_3CD,SAFETY,UNLOADER_DONE,1,after_first_bottle_completion,9,DRAINED,DRAINED,NONE,True,10084.3378,True,False,0.0,500,93.2596,10177.5974,-4168.384100000001,0,6735,6735,6735,12.285521,C:\Users\cta10\OneDrive\Desktop\part4\704\704GP1\Integration\Zhiyuan\experiment_runs_event_v4\safety_unloader_done_01_rep09.result.txt,
DECOMPOSED_3CD,SAFETY,UNLOADER_DONE,1,after_first_bottle_completion,10,EVENT_NOT_REACHED,FAULT,TABLE_ALIGNMENT_TIMEOUT,False,-1.0,False,False,-1.0,500,0.0,17070.6207,,0,11299,11299,11299,20.009149,C:\Users\cta10\OneDrive\Desktop\part4\704\704GP1\Integration\Zhiyuan\experiment_runs_event_v4\safety_unloader_done_01_rep10.result.txt,
DECOMPOSED_3CD,SAFETY,UNLOADER_DONE,1,after_first_bottle_completion,11,DRAINED,DRAINED,NONE,True,10095.7159,True,False,0.0,500,91.9696,10187.6855,-4158.296000000002,0,6675,6675,6675,12.304716,C:\Users\cta10\OneDrive\Desktop\part4\704\704GP1\Integration\Zhiyuan\experiment_runs_event_v4\safety_unloader_done_01_rep11.result.txt,
DECOMPOSED_3CD,SAFETY,UNLOADER_DONE,1,after_first_bottle_completion,12,DRAINED,DRAINED,NONE,True,10106.6386,True,False,0.0,500,102.1131,10208.7517,-4137.229800000001,0,6641,6641,6641,11.707199,C:\Users\cta10\OneDrive\Desktop\part4\704\704GP1\Integration\Zhiyuan\experiment_runs_event_v4\safety_unloader_done_01_rep12.result.txt,
DECOMPOSED_3CD,SAFETY,UNLOADER_DONE,1,after_first_bottle_completion,13,DRAINED,DRAINED,NONE,True,10097.5213,True,False,0.0,500,98.1252,10195.6465,-4150.335000000001,0,6541,6541,6541,12.265898,C:\Users\cta10\OneDrive\Desktop\part4\704\704GP1\Integration\Zhiyuan\experiment_runs_event_v4\safety_unloader_done_01_rep13.result.txt,
DECOMPOSED_3CD,SAFETY,UNLOADER_DONE,1,after_first_bottle_completion,14,EVENT_NOT_REACHED,FAULT,TABLE_ALIGNMENT_TIMEOUT,False,-1.0,False,False,-1.0,500,0.0,21175.8187,,0,13824,13824,13824,23.996535,C:\Users\cta10\OneDrive\Desktop\part4\704\704GP1\Integration\Zhiyuan\experiment_runs_event_v4\safety_unloader_done_01_rep14.result.txt,
DECOMPOSED_3CD,SAFETY,UNLOADER_DONE,1,after_first_bottle_completion,15,DRAINED,DRAINED,NONE,True,10086.9608,True,False,0.0,500,96.8136,10183.7744,-4162.207100000001,0,6741,6741,6741,12.306624,C:\Users\cta10\OneDrive\Desktop\part4\704\704GP1\Integration\Zhiyuan\experiment_runs_event_v4\safety_unloader_done_01_rep15.result.txt,
DECOMPOSED_3CD,SAFETY,UNLOADER_DONE,1,after_first_bottle_completion,16,DRAINED,DRAINED,NONE,True,10098.7733,True,False,0.0,500,91.198,10189.9713,-4156.010200000002,0,6674,6674,6674,11.722695,C:\Users\cta10\OneDrive\Desktop\part4\704\704GP1\Integration\Zhiyuan\experiment_runs_event_v4\safety_unloader_done_01_rep16.result.txt,
DECOMPOSED_3CD,SAFETY,UNLOADER_DONE,1,after_first_bottle_completion,17,DRAINED,DRAINED,NONE,True,10103.2281,True,False,0.0,500,95.7608,10198.9889,-4146.992600000001,0,6662,6662,6662,12.323821,C:\Users\cta10\OneDrive\Desktop\part4\704\704GP1\Integration\Zhiyuan\experiment_runs_event_v4\safety_unloader_done_01_rep17.result.txt,
DECOMPOSED_3CD,SAFETY,UNLOADER_DONE,1,after_first_bottle_completion,18,EVENT_NOT_REACHED,FAULT,TABLE_ALIGNMENT_TIMEOUT,False,-1.0,False,False,-1.0,500,0.0,19626.9546,,0,12955,12955,12955,23.032164,C:\Users\cta10\OneDrive\Desktop\part4\704\704GP1\Integration\Zhiyuan\experiment_runs_event_v4\safety_unloader_done_01_rep18.result.txt,
DECOMPOSED_3CD,SAFETY,UNLOADER_DONE,1,after_first_bottle_completion,19,DRAINED,DRAINED,NONE,True,10089.7388,True,False,0.0,500,100.5271,10190.2659,-4155.715600000001,0,6743,6743,6743,12.307673,C:\Users\cta10\OneDrive\Desktop\part4\704\704GP1\Integration\Zhiyuan\experiment_runs_event_v4\safety_unloader_done_01_rep19.result.txt,
DECOMPOSED_3CD,SAFETY,UNLOADER_DONE,1,after_first_bottle_completion,20,DRAINED,DRAINED,NONE,True,10096.1342,True,False,0.0,500,96.5244,10192.6586,-4153.322900000001,0,6747,6747,6747,11.711363,C:\Users\cta10\OneDrive\Desktop\part4\704\704GP1\Integration\Zhiyuan\experiment_runs_event_v4\safety_unloader_done_01_rep20.result.txt,
DECOMPOSED_3CD,SAFETY,LOADER_DONE,2,after_second_bottle_admitted,1,DRAINED,DRAINED,NONE,True,3589.244,True,True,0.0,500,500.4969,10200.8178,-4145.163700000001,0,6661,6661,6661,12.317667,C:\Users\cta10\OneDrive\Desktop\part4\704\704GP1\Integration\Zhiyuan\experiment_runs_event_v4\safety_loader_done_02_rep01.result.txt,
DECOMPOSED_3CD,SAFETY,LOADER_DONE,2,after_second_bottle_admitted,2,EVENT_NOT_REACHED,FAULT,TABLE_ALIGNMENT_TIMEOUT,False,-1.0,False,False,-1.0,500,0.0,17067.127,,0,11314,11314,11314,20.536098,C:\Users\cta10\OneDrive\Desktop\part4\704\704GP1\Integration\Zhiyuan\experiment_runs_event_v4\safety_loader_done_02_rep02.result.txt,
DECOMPOSED_3CD,SAFETY,LOADER_DONE,2,after_second_bottle_admitted,3,DRAINED,DRAINED,NONE,True,3589.8198,True,True,0.0,500,501.2401,10191.8152,-4154.166300000003,0,6734,6734,6734,12.496635,C:\Users\cta10\OneDrive\Desktop\part4\704\704GP1\Integration\Zhiyuan\experiment_runs_event_v4\safety_loader_done_02_rep03.result.txt,
DECOMPOSED_3CD,SAFETY,LOADER_DONE,2,after_second_bottle_admitted,4,DRAINED,DRAINED,NONE,True,3591.7031,True,True,0.0,500,500.2893,10191.8655,-4154.116000000002,0,6737,6737,6737,11.725165,C:\Users\cta10\OneDrive\Desktop\part4\704\704GP1\Integration\Zhiyuan\experiment_runs_event_v4\safety_loader_done_02_rep04.result.txt,
DECOMPOSED_3CD,SAFETY,LOADER_DONE,2,after_second_bottle_admitted,5,EVENT_NOT_REACHED,FAULT,TABLE_ALIGNMENT_TIMEOUT,False,-1.0,False,False,-1.0,500,0.0,17071.5533,,0,11415,11415,11415,21.156309,C:\Users\cta10\OneDrive\Desktop\part4\704\704GP1\Integration\Zhiyuan\experiment_runs_event_v4\safety_loader_done_02_rep05.result.txt,
DECOMPOSED_3CD,SAFETY,LOADER_DONE,2,after_second_bottle_admitted,6,DRAINED,DRAINED,NONE,True,3594.4898,True,True,0.0,500,500.3612,10175.6728,-4170.308700000001,0,6741,6741,6741,11.671638,C:\Users\cta10\OneDrive\Desktop\part4\704\704GP1\Integration\Zhiyuan\experiment_runs_event_v4\safety_loader_done_02_rep06.result.txt,
DECOMPOSED_3CD,SAFETY,LOADER_DONE,2,after_second_bottle_admitted,7,EVENT_NOT_REACHED,FAULT,TABLE_ALIGNMENT_TIMEOUT,False,-1.0,False,False,-1.0,500,0.0,17069.4653,,0,11325,11325,11325,21.166009,C:\Users\cta10\OneDrive\Desktop\part4\704\704GP1\Integration\Zhiyuan\experiment_runs_event_v4\safety_loader_done_02_rep07.result.txt,
DECOMPOSED_3CD,SAFETY,LOADER_DONE,2,after_second_bottle_admitted,8,DRAINED,DRAINED,NONE,True,3588.0718,True,True,0.0,500,500.4446,10171.5914,-4174.390100000002,0,6837,6837,6837,11.714059,C:\Users\cta10\OneDrive\Desktop\part4\704\704GP1\Integration\Zhiyuan\experiment_runs_event_v4\safety_loader_done_02_rep08.result.txt,
DECOMPOSED_3CD,SAFETY,LOADER_DONE,2,after_second_bottle_admitted,9,DRAINED,DRAINED,NONE,True,3598.229,True,True,0.0,500,500.4796,10186.4818,-4159.499700000002,0,6653,6653,6653,12.29342,C:\Users\cta10\OneDrive\Desktop\part4\704\704GP1\Integration\Zhiyuan\experiment_runs_event_v4\safety_loader_done_02_rep09.result.txt,
DECOMPOSED_3CD,SAFETY,LOADER_DONE,2,after_second_bottle_admitted,10,DRAINED,DRAINED,NONE,True,3585.8431,True,True,0.0,500,501.1737,10184.8853,-4161.096200000002,0,6719,6719,6719,11.70371,C:\Users\cta10\OneDrive\Desktop\part4\704\704GP1\Integration\Zhiyuan\experiment_runs_event_v4\safety_loader_done_02_rep10.result.txt,
DECOMPOSED_3CD,SAFETY,LOADER_DONE,2,after_second_bottle_admitted,11,DRAINED,DRAINED,NONE,True,3589.9895,True,True,0.0,500,500.7105,10200.5774,-4145.404100000002,0,6619,6619,6619,12.302606,C:\Users\cta10\OneDrive\Desktop\part4\704\704GP1\Integration\Zhiyuan\experiment_runs_event_v4\safety_loader_done_02_rep11.result.txt,
DECOMPOSED_3CD,SAFETY,LOADER_DONE,2,after_second_bottle_admitted,12,DRAINED,DRAINED,NONE,True,3593.7809,True,True,0.0,500,501.9264,10196.6748,-4149.306700000001,0,6568,6568,6568,11.647319,C:\Users\cta10\OneDrive\Desktop\part4\704\704GP1\Integration\Zhiyuan\experiment_runs_event_v4\safety_loader_done_02_rep12.result.txt,
DECOMPOSED_3CD,SAFETY,LOADER_DONE,2,after_second_bottle_admitted,13,DRAINED,DRAINED,NONE,True,3590.8116,True,True,0.0,500,500.0464,10169.9398,-4176.041700000002,0,6834,6834,6834,12.272856,C:\Users\cta10\OneDrive\Desktop\part4\704\704GP1\Integration\Zhiyuan\experiment_runs_event_v4\safety_loader_done_02_rep13.result.txt,
DECOMPOSED_3CD,SAFETY,LOADER_DONE,2,after_second_bottle_admitted,14,DRAINED,DRAINED,NONE,True,3601.1995,True,True,0.0,500,500.6389,10189.9189,-4156.062600000001,0,6592,6592,6592,11.712389,C:\Users\cta10\OneDrive\Desktop\part4\704\704GP1\Integration\Zhiyuan\experiment_runs_event_v4\safety_loader_done_02_rep14.result.txt,
DECOMPOSED_3CD,SAFETY,LOADER_DONE,2,after_second_bottle_admitted,15,DRAINED,DRAINED,NONE,True,3595.9653,True,True,0.0,500,500.4826,10188.376,-4157.6055000000015,0,6645,6645,6645,12.284601,C:\Users\cta10\OneDrive\Desktop\part4\704\704GP1\Integration\Zhiyuan\experiment_runs_event_v4\safety_loader_done_02_rep15.result.txt,
DECOMPOSED_3CD,SAFETY,LOADER_DONE,2,after_second_bottle_admitted,16,DRAINED,DRAINED,NONE,True,3591.6303,True,True,0.0,500,500.1211,10188.4471,-4157.534400000002,0,6735,6735,6735,11.681654,C:\Users\cta10\OneDrive\Desktop\part4\704\704GP1\Integration\Zhiyuan\experiment_runs_event_v4\safety_loader_done_02_rep16.result.txt,
DECOMPOSED_3CD,SAFETY,LOADER_DONE,2,after_second_bottle_admitted,17,DRAINED,DRAINED,NONE,True,3585.1165,True,True,0.0,500,500.4049,10183.3624,-4162.619100000002,0,6772,6772,6772,12.305565,C:\Users\cta10\OneDrive\Desktop\part4\704\704GP1\Integration\Zhiyuan\experiment_runs_event_v4\safety_loader_done_02_rep17.result.txt,
DECOMPOSED_3CD,SAFETY,LOADER_DONE,2,after_second_bottle_admitted,18,DRAINED,DRAINED,NONE,True,3589.4959,True,True,0.0,500,500.3295,10182.3693,-4163.612200000001,0,6766,6766,6766,11.699064,C:\Users\cta10\OneDrive\Desktop\part4\704\704GP1\Integration\Zhiyuan\experiment_runs_event_v4\safety_loader_done_02_rep18.result.txt,
DECOMPOSED_3CD,SAFETY,LOADER_DONE,2,after_second_bottle_admitted,19,DRAINED,DRAINED,NONE,True,3588.9093,True,True,0.0,500,501.0247,10174.2878,-4171.693700000002,0,6819,6819,6819,12.29427,C:\Users\cta10\OneDrive\Desktop\part4\704\704GP1\Integration\Zhiyuan\experiment_runs_event_v4\safety_loader_done_02_rep19.result.txt,
DECOMPOSED_3CD,SAFETY,LOADER_DONE,2,after_second_bottle_admitted,20,EVENT_NOT_REACHED,FAULT,TABLE_ALIGNMENT_TIMEOUT,False,-1.0,False,False,-1.0,500,0.0,17069.8259,,0,11461,11461,11461,20.024774,C:\Users\cta10\OneDrive\Desktop\part4\704\704GP1\Integration\Zhiyuan\experiment_runs_event_v4\safety_loader_done_02_rep20.result.txt,
DECOMPOSED_3CD,SAFETY,CONVEYOR_DONE,2,after_second_bottle_transfer_to_rotary,1,DRAINED,DRAINED,NONE,True,4620.5906,True,True,0.0,500,500.9518,10173.2409,-4172.740600000001,0,6741,6741,6741,12.294683,C:\Users\cta10\OneDrive\Desktop\part4\704\704GP1\Integration\Zhiyuan\experiment_runs_event_v4\safety_conveyor_done_02_rep01.result.txt,
DECOMPOSED_3CD,SAFETY,CONVEYOR_DONE,2,after_second_bottle_transfer_to_rotary,2,DRAINED,DRAINED,NONE,True,4623.9897,True,True,0.0,500,500.6191,10202.7784,-4143.203100000002,0,6764,6764,6764,11.734847,C:\Users\cta10\OneDrive\Desktop\part4\704\704GP1\Integration\Zhiyuan\experiment_runs_event_v4\safety_conveyor_done_02_rep02.result.txt,
DECOMPOSED_3CD,SAFETY,CONVEYOR_DONE,2,after_second_bottle_transfer_to_rotary,3,DRAINED,DRAINED,NONE,True,4620.1888,True,True,0.0,500,500.6234,10183.3568,-4162.624700000002,0,6761,6761,6761,12.288149,C:\Users\cta10\OneDrive\Desktop\part4\704\704GP1\Integration\Zhiyuan\experiment_runs_event_v4\safety_conveyor_done_02_rep03.result.txt,
DECOMPOSED_3CD,SAFETY,CONVEYOR_DONE,2,after_second_bottle_transfer_to_rotary,4,EVENT_NOT_REACHED,FAULT,TABLE_ALIGNMENT_TIMEOUT,False,-1.0,False,False,-1.0,500,0.0,17070.0311,,0,11435,11435,11435,21.069827,C:\Users\cta10\OneDrive\Desktop\part4\704\704GP1\Integration\Zhiyuan\experiment_runs_event_v4\safety_conveyor_done_02_rep04.result.txt,
DECOMPOSED_3CD,SAFETY,CONVEYOR_DONE,2,after_second_bottle_transfer_to_rotary,5,FAULT,FAULT,TABLE_ALIGNMENT_TIMEOUT,True,4619.6287,True,True,0.0,500,500.8984,23397.2661,,0,15745,15745,15745,27.157856,C:\Users\cta10\OneDrive\Desktop\part4\704\704GP1\Integration\Zhiyuan\experiment_runs_event_v4\safety_conveyor_done_02_rep05.result.txt,
DECOMPOSED_3CD,SAFETY,CONVEYOR_DONE,2,after_second_bottle_transfer_to_rotary,6,DRAINED,DRAINED,NONE,True,4617.4752,True,True,0.0,500,501.1112,10180.3138,-4165.667700000002,0,6698,6698,6698,11.712335,C:\Users\cta10\OneDrive\Desktop\part4\704\704GP1\Integration\Zhiyuan\experiment_runs_event_v4\safety_conveyor_done_02_rep06.result.txt,
DECOMPOSED_3CD,SAFETY,CONVEYOR_DONE,2,after_second_bottle_transfer_to_rotary,7,DRAINED,DRAINED,NONE,True,4631.0254,True,True,0.0,500,500.7514,10189.6317,-4156.349800000002,0,6664,6664,6664,12.288505,C:\Users\cta10\OneDrive\Desktop\part4\704\704GP1\Integration\Zhiyuan\experiment_runs_event_v4\safety_conveyor_done_02_rep07.result.txt,
DECOMPOSED_3CD,SAFETY,CONVEYOR_DONE,2,after_second_bottle_transfer_to_rotary,8,DRAINED,DRAINED,NONE,True,4622.415,True,True,0.0,500,500.8951,10195.8108,-4150.170700000002,0,6664,6664,6664,11.724103,C:\Users\cta10\OneDrive\Desktop\part4\704\704GP1\Integration\Zhiyuan\experiment_runs_event_v4\safety_conveyor_done_02_rep08.result.txt,
DECOMPOSED_3CD,SAFETY,CONVEYOR_DONE,2,after_second_bottle_transfer_to_rotary,9,DRAINED,DRAINED,NONE,True,4634.9564,True,True,0.0,500,500.5237,10203.1523,-4142.829200000002,0,6548,6548,6548,12.32307,C:\Users\cta10\OneDrive\Desktop\part4\704\704GP1\Integration\Zhiyuan\experiment_runs_event_v4\safety_conveyor_done_02_rep09.result.txt,
DECOMPOSED_3CD,SAFETY,CONVEYOR_DONE,2,after_second_bottle_transfer_to_rotary,10,DRAINED,DRAINED,NONE,True,4625.6541,True,True,0.0,500,500.707,10196.8219,-4149.159600000001,0,6665,6665,6665,11.665434,C:\Users\cta10\OneDrive\Desktop\part4\704\704GP1\Integration\Zhiyuan\experiment_runs_event_v4\safety_conveyor_done_02_rep10.result.txt,
DECOMPOSED_3CD,SAFETY,CONVEYOR_DONE,2,after_second_bottle_transfer_to_rotary,11,DRAINED,DRAINED,NONE,True,4617.7445,True,True,0.0,500,501.8655,10178.2003,-4167.781200000001,0,6856,6856,6856,12.272066,C:\Users\cta10\OneDrive\Desktop\part4\704\704GP1\Integration\Zhiyuan\experiment_runs_event_v4\safety_conveyor_done_02_rep11.result.txt,
DECOMPOSED_3CD,SAFETY,CONVEYOR_DONE,2,after_second_bottle_transfer_to_rotary,12,DRAINED,DRAINED,NONE,True,4624.1568,True,True,0.0,500,501.7369,10205.7717,-4140.209800000002,0,6738,6738,6738,11.727444,C:\Users\cta10\OneDrive\Desktop\part4\704\704GP1\Integration\Zhiyuan\experiment_runs_event_v4\safety_conveyor_done_02_rep12.result.txt,
DECOMPOSED_3CD,SAFETY,CONVEYOR_DONE,2,after_second_bottle_transfer_to_rotary,13,DRAINED,DRAINED,NONE,True,4621.508,True,True,0.0,500,501.2932,10184.8947,-4161.086800000001,0,6680,6680,6680,12.303089,C:\Users\cta10\OneDrive\Desktop\part4\704\704GP1\Integration\Zhiyuan\experiment_runs_event_v4\safety_conveyor_done_02_rep13.result.txt,
DECOMPOSED_3CD,SAFETY,CONVEYOR_DONE,2,after_second_bottle_transfer_to_rotary,14,DRAINED,DRAINED,NONE,True,4618.9143,True,True,0.0,500,500.1613,10193.3186,-4152.662900000001,0,6753,6753,6753,11.709034,C:\Users\cta10\OneDrive\Desktop\part4\704\704GP1\Integration\Zhiyuan\experiment_runs_event_v4\safety_conveyor_done_02_rep14.result.txt,
DECOMPOSED_3CD,SAFETY,CONVEYOR_DONE,2,after_second_bottle_transfer_to_rotary,15,DRAINED,DRAINED,NONE,True,4623.6484,True,True,0.0,500,500.3046,10193.897,-4152.084500000001,0,6743,6743,6743,12.333694,C:\Users\cta10\OneDrive\Desktop\part4\704\704GP1\Integration\Zhiyuan\experiment_runs_event_v4\safety_conveyor_done_02_rep15.result.txt,
DECOMPOSED_3CD,SAFETY,CONVEYOR_DONE,2,after_second_bottle_transfer_to_rotary,16,EVENT_NOT_REACHED,FAULT,TABLE_ALIGNMENT_TIMEOUT,False,-1.0,False,False,-1.0,500,0.0,17070.6874,,0,11313,11313,11313,21.090637,C:\Users\cta10\OneDrive\Desktop\part4\704\704GP1\Integration\Zhiyuan\experiment_runs_event_v4\safety_conveyor_done_02_rep16.result.txt,
DECOMPOSED_3CD,SAFETY,CONVEYOR_DONE,2,after_second_bottle_transfer_to_rotary,17,DRAINED,DRAINED,NONE,True,4624.9199,True,True,0.0,500,500.9878,10193.8834,-4152.098100000001,0,6654,6654,6654,12.303359,C:\Users\cta10\OneDrive\Desktop\part4\704\704GP1\Integration\Zhiyuan\experiment_runs_event_v4\safety_conveyor_done_02_rep17.result.txt,
DECOMPOSED_3CD,SAFETY,CONVEYOR_DONE,2,after_second_bottle_transfer_to_rotary,18,DRAINED,DRAINED,NONE,True,4622.65,True,True,0.0,500,500.4349,10173.2325,-4172.749000000002,0,6684,6684,6684,11.671339,C:\Users\cta10\OneDrive\Desktop\part4\704\704GP1\Integration\Zhiyuan\experiment_runs_event_v4\safety_conveyor_done_02_rep18.result.txt,
DECOMPOSED_3CD,SAFETY,CONVEYOR_DONE,2,after_second_bottle_transfer_to_rotary,19,DRAINED,DRAINED,NONE,True,4621.3362,True,True,0.0,500,500.7214,10173.6083,-4172.373200000002,0,6712,6712,6712,12.289209,C:\Users\cta10\OneDrive\Desktop\part4\704\704GP1\Integration\Zhiyuan\experiment_runs_event_v4\safety_conveyor_done_02_rep19.result.txt,
DECOMPOSED_3CD,SAFETY,CONVEYOR_DONE,2,after_second_bottle_transfer_to_rotary,20,DRAINED,DRAINED,NONE,True,4617.2882,True,True,0.0,500,501.4525,10183.394,-4162.5875000000015,0,6714,6714,6714,11.713598,C:\Users\cta10\OneDrive\Desktop\part4\704\704GP1\Integration\Zhiyuan\experiment_runs_event_v4\safety_conveyor_done_02_rep20.result.txt,
DECOMPOSED_3CD,SAFETY,FILLER_DONE,2,after_second_bottle_fill,1,FAULT,FAULT,TABLE_ALIGNMENT_TIMEOUT,True,6168.3931,True,True,0.0,500,500.1249,21786.9292,,0,14553,14553,14553,25.145343,C:\Users\cta10\OneDrive\Desktop\part4\704\704GP1\Integration\Zhiyuan\experiment_runs_event_v4\safety_filler_done_02_rep01.result.txt,
DECOMPOSED_3CD,SAFETY,FILLER_DONE,2,after_second_bottle_fill,2,DRAINED,DRAINED,NONE,True,6160.943,True,True,0.0,500,501.3093,10194.4798,-4151.5017000000025,0,6697,6697,6697,11.691698,C:\Users\cta10\OneDrive\Desktop\part4\704\704GP1\Integration\Zhiyuan\experiment_runs_event_v4\safety_filler_done_02_rep02.result.txt,
DECOMPOSED_3CD,SAFETY,FILLER_DONE,2,after_second_bottle_fill,3,DRAINED,DRAINED,NONE,True,6178.1407,True,True,0.0,500,500.2774,10191.4835,-4154.498000000001,0,6670,6670,6670,12.318208,C:\Users\cta10\OneDrive\Desktop\part4\704\704GP1\Integration\Zhiyuan\experiment_runs_event_v4\safety_filler_done_02_rep03.result.txt,
DECOMPOSED_3CD,SAFETY,FILLER_DONE,2,after_second_bottle_fill,4,DRAINED,DRAINED,NONE,True,6176.1849,True,True,0.0,500,500.8482,10196.4161,-4149.565400000001,0,6724,6724,6724,11.681523,C:\Users\cta10\OneDrive\Desktop\part4\704\704GP1\Integration\Zhiyuan\experiment_runs_event_v4\safety_filler_done_02_rep04.result.txt,
DECOMPOSED_3CD,SAFETY,FILLER_DONE,2,after_second_bottle_fill,5,DRAINED,DRAINED,NONE,True,6168.0903,True,True,0.0,500,500.4491,10210.3843,-4135.597200000002,0,6680,6680,6680,12.317789,C:\Users\cta10\OneDrive\Desktop\part4\704\704GP1\Integration\Zhiyuan\experiment_runs_event_v4\safety_filler_done_02_rep05.result.txt,
DECOMPOSED_3CD,SAFETY,FILLER_DONE,2,after_second_bottle_fill,6,DRAINED,DRAINED,NONE,True,6165.1543,True,True,0.0,500,500.2441,10188.145,-4157.836500000001,0,6681,6681,6681,11.702287,C:\Users\cta10\OneDrive\Desktop\part4\704\704GP1\Integration\Zhiyuan\experiment_runs_event_v4\safety_filler_done_02_rep06.result.txt,
DECOMPOSED_3CD,SAFETY,FILLER_DONE,2,after_second_bottle_fill,7,DRAINED,DRAINED,NONE,True,6161.8539,True,True,0.0,500,501.8398,10182.9042,-4163.077300000001,0,6728,6728,6728,12.308031,C:\Users\cta10\OneDrive\Desktop\part4\704\704GP1\Integration\Zhiyuan\experiment_runs_event_v4\safety_filler_done_02_rep07.result.txt,
DECOMPOSED_3CD,SAFETY,FILLER_DONE,2,after_second_bottle_fill,8,DRAINED,DRAINED,NONE,True,6150.5927,True,True,0.0,500,500.6379,10172.9845,-4172.997000000001,0,6730,6730,6730,11.709512,C:\Users\cta10\OneDrive\Desktop\part4\704\704GP1\Integration\Zhiyuan\experiment_runs_event_v4\safety_filler_done_02_rep08.result.txt,
DECOMPOSED_3CD,SAFETY,FILLER_DONE,2,after_second_bottle_fill,9,DRAINED,DRAINED,NONE,True,6160.1963,True,True,0.0,500,501.2081,10176.52,-4169.461500000001,0,6809,6809,6809,12.288093,C:\Users\cta10\OneDrive\Desktop\part4\704\704GP1\Integration\Zhiyuan\experiment_runs_event_v4\safety_filler_done_02_rep09.result.txt,
DECOMPOSED_3CD,SAFETY,FILLER_DONE,2,after_second_bottle_fill,10,DRAINED,DRAINED,NONE,True,6164.6495,True,True,0.0,500,501.8529,10186.8214,-4159.160100000001,0,6768,6768,6768,11.693702,C:\Users\cta10\OneDrive\Desktop\part4\704\704GP1\Integration\Zhiyuan\experiment_runs_event_v4\safety_filler_done_02_rep10.result.txt,
DECOMPOSED_3CD,SAFETY,FILLER_DONE,2,after_second_bottle_fill,11,DRAINED,DRAINED,NONE,True,6169.9188,True,True,0.0,500,500.3467,10195.0772,-4150.904300000002,0,6664,6664,6664,12.317896,C:\Users\cta10\OneDrive\Desktop\part4\704\704GP1\Integration\Zhiyuan\experiment_runs_event_v4\safety_filler_done_02_rep11.result.txt,
DECOMPOSED_3CD,SAFETY,FILLER_DONE,2,after_second_bottle_fill,12,DRAINED,DRAINED,NONE,True,6171.7788,True,True,0.0,500,501.6506,10187.471,-4158.510500000002,0,6582,6582,6582,11.692657,C:\Users\cta10\OneDrive\Desktop\part4\704\704GP1\Integration\Zhiyuan\experiment_runs_event_v4\safety_filler_done_02_rep12.result.txt,
DECOMPOSED_3CD,SAFETY,FILLER_DONE,2,after_second_bottle_fill,13,DRAINED,DRAINED,NONE,True,6166.4782,True,True,0.0,500,500.1508,10186.0476,-4159.933900000002,0,6692,6692,6692,12.292361,C:\Users\cta10\OneDrive\Desktop\part4\704\704GP1\Integration\Zhiyuan\experiment_runs_event_v4\safety_filler_done_02_rep13.result.txt,
DECOMPOSED_3CD,SAFETY,FILLER_DONE,2,after_second_bottle_fill,14,DRAINED,DRAINED,NONE,True,6162.9586,True,True,0.0,500,500.3663,10177.1263,-4168.855200000002,0,6759,6759,6759,11.701437,C:\Users\cta10\OneDrive\Desktop\part4\704\704GP1\Integration\Zhiyuan\experiment_runs_event_v4\safety_filler_done_02_rep14.result.txt,
DECOMPOSED_3CD,SAFETY,FILLER_DONE,2,after_second_bottle_fill,15,DRAINED,DRAINED,NONE,True,6166.4407,True,True,0.0,500,500.6367,10199.9121,-4146.069400000002,0,6627,6627,6627,12.292299,C:\Users\cta10\OneDrive\Desktop\part4\704\704GP1\Integration\Zhiyuan\experiment_runs_event_v4\safety_filler_done_02_rep15.result.txt,
DECOMPOSED_3CD,SAFETY,FILLER_DONE,2,after_second_bottle_fill,16,DRAINED,DRAINED,NONE,True,6167.9768,True,True,0.0,500,500.2953,10195.187,-4150.794500000002,0,6746,6746,6746,11.732578,C:\Users\cta10\OneDrive\Desktop\part4\704\704GP1\Integration\Zhiyuan\experiment_runs_event_v4\safety_filler_done_02_rep16.result.txt,
DECOMPOSED_3CD,SAFETY,FILLER_DONE,2,after_second_bottle_fill,17,EVENT_NOT_REACHED,FAULT,TABLE_ALIGNMENT_TIMEOUT,False,-1.0,False,False,-1.0,500,0.0,17072.6016,,0,11518,11518,11518,21.127447,C:\Users\cta10\OneDrive\Desktop\part4\704\704GP1\Integration\Zhiyuan\experiment_runs_event_v4\safety_filler_done_02_rep17.result.txt,
DECOMPOSED_3CD,SAFETY,FILLER_DONE,2,after_second_bottle_fill,18,DRAINED,DRAINED,NONE,True,6160.6229,True,True,0.0,500,500.2533,10170.1958,-4175.785700000002,0,6693,6693,6693,11.69651,C:\Users\cta10\OneDrive\Desktop\part4\704\704GP1\Integration\Zhiyuan\experiment_runs_event_v4\safety_filler_done_02_rep18.result.txt,
DECOMPOSED_3CD,SAFETY,FILLER_DONE,2,after_second_bottle_fill,19,DRAINED,DRAINED,NONE,True,6171.1882,True,True,0.0,500,500.5819,10189.7742,-4156.207300000002,0,6613,6613,6613,12.31403,C:\Users\cta10\OneDrive\Desktop\part4\704\704GP1\Integration\Zhiyuan\experiment_runs_event_v4\safety_filler_done_02_rep19.result.txt,
DECOMPOSED_3CD,SAFETY,FILLER_DONE,2,after_second_bottle_fill,20,DRAINED,DRAINED,NONE,True,6164.7471,True,True,0.0,500,501.869,10187.1352,-4158.846300000001,0,6729,6729,6729,11.702322,C:\Users\cta10\OneDrive\Desktop\part4\704\704GP1\Integration\Zhiyuan\experiment_runs_event_v4\safety_filler_done_02_rep20.result.txt,
DECOMPOSED_3CD,SAFETY,TABLE_ALIGNED,3,after_third_confirmed_rotation,1,EVENT_NOT_REACHED,FAULT,TABLE_ALIGNMENT_TIMEOUT,False,-1.0,False,False,-1.0,500,0.0,17070.0027,,0,11383,11383,11383,21.141986,C:\Users\cta10\OneDrive\Desktop\part4\704\704GP1\Integration\Zhiyuan\experiment_runs_event_v4\safety_table_aligned_03_rep01.result.txt,
DECOMPOSED_3CD,SAFETY,TABLE_ALIGNED,3,after_third_confirmed_rotation,2,DRAINED,DRAINED,NONE,True,6685.0654,True,True,0.0,500,501.3433,10190.3089,-4155.672600000002,0,6522,6522,6522,11.729033,C:\Users\cta10\OneDrive\Desktop\part4\704\704GP1\Integration\Zhiyuan\experiment_runs_event_v4\safety_table_aligned_03_rep02.result.txt,
DECOMPOSED_3CD,SAFETY,TABLE_ALIGNED,3,after_third_confirmed_rotation,3,DRAINED,DRAINED,NONE,True,6679.1899,True,True,0.0,500,500.1978,10191.8456,-4154.135900000001,0,6633,6633,6633,12.296721,C:\Users\cta10\OneDrive\Desktop\part4\704\704GP1\Integration\Zhiyuan\experiment_runs_event_v4\safety_table_aligned_03_rep03.result.txt,
DECOMPOSED_3CD,SAFETY,TABLE_ALIGNED,3,after_third_confirmed_rotation,4,DRAINED,DRAINED,NONE,True,6676.8494,True,True,0.0,500,500.0378,10166.4513,-4179.530200000001,0,6763,6763,6763,11.669156,C:\Users\cta10\OneDrive\Desktop\part4\704\704GP1\Integration\Zhiyuan\experiment_runs_event_v4\safety_table_aligned_03_rep04.result.txt,
DECOMPOSED_3CD,SAFETY,TABLE_ALIGNED,3,after_third_confirmed_rotation,5,DRAINED,DRAINED,NONE,True,6685.3047,True,True,0.0,500,500.645,10191.6405,-4154.341000000002,0,6870,6870,6870,12.310447,C:\Users\cta10\OneDrive\Desktop\part4\704\704GP1\Integration\Zhiyuan\experiment_runs_event_v4\safety_table_aligned_03_rep05.result.txt,
DECOMPOSED_3CD,SAFETY,TABLE_ALIGNED,3,after_third_confirmed_rotation,6,DRAINED,DRAINED,NONE,True,6683.1646,True,True,0.0,500,500.9842,10183.5388,-4162.442700000001,0,6574,6574,6574,11.66673,C:\Users\cta10\OneDrive\Desktop\part4\704\704GP1\Integration\Zhiyuan\experiment_runs_event_v4\safety_table_aligned_03_rep06.result.txt,
DECOMPOSED_3CD,SAFETY,TABLE_ALIGNED,3,after_third_confirmed_rotation,7,DRAINED,DRAINED,NONE,True,6676.0861,True,True,0.0,500,500.4479,10184.159,-4161.822500000002,0,6831,6831,6831,12.291597,C:\Users\cta10\OneDrive\Desktop\part4\704\704GP1\Integration\Zhiyuan\experiment_runs_event_v4\safety_table_aligned_03_rep07.result.txt,
DECOMPOSED_3CD,SAFETY,TABLE_ALIGNED,3,after_third_confirmed_rotation,8,DRAINED,DRAINED,NONE,True,6682.8163,True,True,0.0,500,500.2938,10190.6054,-4155.376100000001,0,6778,6778,6778,11.720733,C:\Users\cta10\OneDrive\Desktop\part4\704\704GP1\Integration\Zhiyuan\experiment_runs_event_v4\safety_table_aligned_03_rep08.result.txt,
DECOMPOSED_3CD,SAFETY,TABLE_ALIGNED,3,after_third_confirmed_rotation,9,DRAINED,DRAINED,NONE,True,6692.9845,True,True,0.0,500,500.8973,10212.6495,-4133.332000000002,0,6643,6643,6643,12.319784,C:\Users\cta10\OneDrive\Desktop\part4\704\704GP1\Integration\Zhiyuan\experiment_runs_event_v4\safety_table_aligned_03_rep09.result.txt,
DECOMPOSED_3CD,SAFETY,TABLE_ALIGNED,3,after_third_confirmed_rotation,10,DRAINED,DRAINED,NONE,True,6680.0825,True,True,0.0,500,500.6123,10190.1419,-4155.839600000001,0,6688,6688,6688,11.732058,C:\Users\cta10\OneDrive\Desktop\part4\704\704GP1\Integration\Zhiyuan\experiment_runs_event_v4\safety_table_aligned_03_rep10.result.txt,
DECOMPOSED_3CD,SAFETY,TABLE_ALIGNED,3,after_third_confirmed_rotation,11,DRAINED,DRAINED,NONE,True,6682.8999,True,True,0.0,500,500.8245,10168.8356,-4177.145900000001,0,6806,6806,6806,12.270794,C:\Users\cta10\OneDrive\Desktop\part4\704\704GP1\Integration\Zhiyuan\experiment_runs_event_v4\safety_table_aligned_03_rep11.result.txt,
DECOMPOSED_3CD,SAFETY,TABLE_ALIGNED,3,after_third_confirmed_rotation,12,DRAINED,DRAINED,NONE,True,6692.2985,True,True,0.0,500,500.2926,10210.4655,-4135.516000000001,0,6727,6727,6727,11.7198,C:\Users\cta10\OneDrive\Desktop\part4\704\704GP1\Integration\Zhiyuan\experiment_runs_event_v4\safety_table_aligned_03_rep12.result.txt,
DECOMPOSED_3CD,SAFETY,TABLE_ALIGNED,3,after_third_confirmed_rotation,13,DRAINED,DRAINED,NONE,True,6691.1678,True,True,0.0,500,500.3732,10201.4221,-4144.559400000002,0,6732,6732,6732,12.297923,C:\Users\cta10\OneDrive\Desktop\part4\704\704GP1\Integration\Zhiyuan\experiment_runs_event_v4\safety_table_aligned_03_rep13.result.txt,
DECOMPOSED_3CD,SAFETY,TABLE_ALIGNED,3,after_third_confirmed_rotation,14,EVENT_NOT_REACHED,FAULT,TABLE_ALIGNMENT_TIMEOUT,False,-1.0,False,False,-1.0,500,0.0,17065.155,,0,11306,11306,11306,19.99454,C:\Users\cta10\OneDrive\Desktop\part4\704\704GP1\Integration\Zhiyuan\experiment_runs_event_v4\safety_table_aligned_03_rep14.result.txt,
DECOMPOSED_3CD,SAFETY,TABLE_ALIGNED,3,after_third_confirmed_rotation,15,DRAINED,DRAINED,NONE,True,6685.1891,True,True,0.0,500,500.0869,10178.8189,-4167.1626000000015,0,6675,6675,6675,12.298941,C:\Users\cta10\OneDrive\Desktop\part4\704\704GP1\Integration\Zhiyuan\experiment_runs_event_v4\safety_table_aligned_03_rep15.result.txt,
DECOMPOSED_3CD,SAFETY,TABLE_ALIGNED,3,after_third_confirmed_rotation,16,FAULT,FAULT,TABLE_ALIGNMENT_TIMEOUT,True,6685.461,True,True,0.0,500,501.7556,21780.1828,,0,14545,14545,14545,24.533242,C:\Users\cta10\OneDrive\Desktop\part4\704\704GP1\Integration\Zhiyuan\experiment_runs_event_v4\safety_table_aligned_03_rep16.result.txt,
DECOMPOSED_3CD,SAFETY,TABLE_ALIGNED,3,after_third_confirmed_rotation,17,DRAINED,DRAINED,NONE,True,6681.2344,True,True,0.0,500,501.9242,10174.4563,-4171.525200000002,0,6724,6724,6724,12.280213,C:\Users\cta10\OneDrive\Desktop\part4\704\704GP1\Integration\Zhiyuan\experiment_runs_event_v4\safety_table_aligned_03_rep17.result.txt,
DECOMPOSED_3CD,SAFETY,TABLE_ALIGNED,3,after_third_confirmed_rotation,18,DRAINED,DRAINED,NONE,True,6681.2433,True,True,0.0,500,500.653,10187.2839,-4158.697600000001,0,6720,6720,6720,11.69226,C:\Users\cta10\OneDrive\Desktop\part4\704\704GP1\Integration\Zhiyuan\experiment_runs_event_v4\safety_table_aligned_03_rep18.result.txt,
DECOMPOSED_3CD,SAFETY,TABLE_ALIGNED,3,after_third_confirmed_rotation,19,DRAINED,DRAINED,NONE,True,6685.2631,True,True,0.0,500,500.0546,10207.0633,-4138.918200000002,0,6645,6645,6645,12.300115,C:\Users\cta10\OneDrive\Desktop\part4\704\704GP1\Integration\Zhiyuan\experiment_runs_event_v4\safety_table_aligned_03_rep19.result.txt,
DECOMPOSED_3CD,SAFETY,TABLE_ALIGNED,3,after_third_confirmed_rotation,20,DRAINED,DRAINED,NONE,True,6685.1726,True,True,0.0,500,500.4905,10191.2582,-4154.7233000000015,0,6667,6667,6667,11.728733,C:\Users\cta10\OneDrive\Desktop\part4\704\704GP1\Integration\Zhiyuan\experiment_runs_event_v4\safety_table_aligned_03_rep20.result.txt,
DECOMPOSED_3CD,SAFETY,TABLE_ALIGNED,5,after_fifth_confirmed_rotation,1,DRAINED,DRAINED,NONE,True,8912.3063,True,True,0.0,500,501.0833,10182.9368,-4163.044700000002,0,6759,6759,6759,12.289783,C:\Users\cta10\OneDrive\Desktop\part4\704\704GP1\Integration\Zhiyuan\experiment_runs_event_v4\safety_table_aligned_05_rep01.result.txt,
DECOMPOSED_3CD,SAFETY,TABLE_ALIGNED,5,after_fifth_confirmed_rotation,2,DRAINED,DRAINED,NONE,True,8909.844,True,True,0.0,500,500.8773,10182.1301,-4163.851400000001,0,6803,6803,6803,11.707118,C:\Users\cta10\OneDrive\Desktop\part4\704\704GP1\Integration\Zhiyuan\experiment_runs_event_v4\safety_table_aligned_05_rep02.result.txt,
DECOMPOSED_3CD,SAFETY,TABLE_ALIGNED,5,after_fifth_confirmed_rotation,3,DRAINED,DRAINED,NONE,True,8917.5143,True,True,0.0,500,500.7623,10188.5408,-4157.440700000001,0,6653,6653,6653,12.298103,C:\Users\cta10\OneDrive\Desktop\part4\704\704GP1\Integration\Zhiyuan\experiment_runs_event_v4\safety_table_aligned_05_rep03.result.txt,
DECOMPOSED_3CD,SAFETY,TABLE_ALIGNED,5,after_fifth_confirmed_rotation,4,DRAINED,DRAINED,NONE,True,8907.1022,True,True,0.0,500,500.7302,10170.8078,-4175.173700000001,0,6743,6743,6743,11.669442,C:\Users\cta10\OneDrive\Desktop\part4\704\704GP1\Integration\Zhiyuan\experiment_runs_event_v4\safety_table_aligned_05_rep04.result.txt,
DECOMPOSED_3CD,SAFETY,TABLE_ALIGNED,5,after_fifth_confirmed_rotation,5,DRAINED,DRAINED,NONE,True,8919.2762,True,True,0.0,500,500.8271,10201.2628,-4144.718700000001,0,6642,6642,6642,12.326231,C:\Users\cta10\OneDrive\Desktop\part4\704\704GP1\Integration\Zhiyuan\experiment_runs_event_v4\safety_table_aligned_05_rep05.result.txt,
DECOMPOSED_3CD,SAFETY,TABLE_ALIGNED,5,after_fifth_confirmed_rotation,6,DRAINED,DRAINED,NONE,True,8926.1699,True,True,0.0,500,500.5597,10204.4929,-4141.488600000002,0,6608,6608,6608,11.68217,C:\Users\cta10\OneDrive\Desktop\part4\704\704GP1\Integration\Zhiyuan\experiment_runs_event_v4\safety_table_aligned_05_rep06.result.txt,
DECOMPOSED_3CD,SAFETY,TABLE_ALIGNED,5,after_fifth_confirmed_rotation,7,DRAINED,DRAINED,NONE,True,8908.9158,True,True,0.0,500,500.505,10179.4582,-4166.523300000003,0,6656,6656,6656,12.283436,C:\Users\cta10\OneDrive\Desktop\part4\704\704GP1\Integration\Zhiyuan\experiment_runs_event_v4\safety_table_aligned_05_rep07.result.txt,
DECOMPOSED_3CD,SAFETY,TABLE_ALIGNED,5,after_fifth_confirmed_rotation,8,DRAINED,DRAINED,NONE,True,8910.4188,True,True,0.0,500,500.2969,10188.9256,-4157.055900000001,0,6730,6730,6730,11.666645,C:\Users\cta10\OneDrive\Desktop\part4\704\704GP1\Integration\Zhiyuan\experiment_runs_event_v4\safety_table_aligned_05_rep08.result.txt,
DECOMPOSED_3CD,SAFETY,TABLE_ALIGNED,5,after_fifth_confirmed_rotation,9,DRAINED,DRAINED,NONE,True,8904.2219,True,True,0.0,500,500.1793,10171.4524,-4174.529100000002,0,6770,6770,6770,12.299532,C:\Users\cta10\OneDrive\Desktop\part4\704\704GP1\Integration\Zhiyuan\experiment_runs_event_v4\safety_table_aligned_05_rep09.result.txt,
DECOMPOSED_3CD,SAFETY,TABLE_ALIGNED,5,after_fifth_confirmed_rotation,10,DRAINED,DRAINED,NONE,True,8907.6384,True,True,0.0,500,501.6422,10185.1834,-4160.798100000002,0,6671,6671,6671,11.700993,C:\Users\cta10\OneDrive\Desktop\part4\704\704GP1\Integration\Zhiyuan\experiment_runs_event_v4\safety_table_aligned_05_rep10.result.txt,
DECOMPOSED_3CD,SAFETY,TABLE_ALIGNED,5,after_fifth_confirmed_rotation,11,EVENT_NOT_REACHED,FAULT,TABLE_ALIGNMENT_TIMEOUT,False,-1.0,False,False,-1.0,500,0.0,17072.4691,,0,11483,11483,11483,21.156648,C:\Users\cta10\OneDrive\Desktop\part4\704\704GP1\Integration\Zhiyuan\experiment_runs_event_v4\safety_table_aligned_05_rep11.result.txt,
DECOMPOSED_3CD,SAFETY,TABLE_ALIGNED,5,after_fifth_confirmed_rotation,12,DRAINED,DRAINED,NONE,True,8910.7861,True,True,0.0,500,501.0233,10187.2292,-4158.752300000002,0,6811,6811,6811,11.696929,C:\Users\cta10\OneDrive\Desktop\part4\704\704GP1\Integration\Zhiyuan\experiment_runs_event_v4\safety_table_aligned_05_rep12.result.txt,
DECOMPOSED_3CD,SAFETY,TABLE_ALIGNED,5,after_fifth_confirmed_rotation,13,DRAINED,DRAINED,NONE,True,8924.9908,True,True,0.0,500,501.3732,10198.8484,-4147.133100000001,0,6700,6700,6700,12.333775,C:\Users\cta10\OneDrive\Desktop\part4\704\704GP1\Integration\Zhiyuan\experiment_runs_event_v4\safety_table_aligned_05_rep13.result.txt,
DECOMPOSED_3CD,SAFETY,TABLE_ALIGNED,5,after_fifth_confirmed_rotation,14,DRAINED,DRAINED,NONE,True,8898.6092,True,True,0.0,500,500.2002,10173.3329,-4172.648600000002,0,6785,6785,6785,11.711445,C:\Users\cta10\OneDrive\Desktop\part4\704\704GP1\Integration\Zhiyuan\experiment_runs_event_v4\safety_table_aligned_05_rep14.result.txt,
DECOMPOSED_3CD,SAFETY,TABLE_ALIGNED,5,after_fifth_confirmed_rotation,15,DRAINED,DRAINED,NONE,True,8911.989,True,True,0.0,500,500.1381,10182.1014,-4163.880100000002,0,6746,6746,6746,12.30477,C:\Users\cta10\OneDrive\Desktop\part4\704\704GP1\Integration\Zhiyuan\experiment_runs_event_v4\safety_table_aligned_05_rep15.result.txt,
DECOMPOSED_3CD,SAFETY,TABLE_ALIGNED,5,after_fifth_confirmed_rotation,16,EVENT_NOT_REACHED,FAULT,TABLE_ALIGNMENT_TIMEOUT,False,-1.0,False,False,-1.0,500,0.0,23422.0902,,0,15709,15709,15709,26.576092,C:\Users\cta10\OneDrive\Desktop\part4\704\704GP1\Integration\Zhiyuan\experiment_runs_event_v4\safety_table_aligned_05_rep16.result.txt,
DECOMPOSED_3CD,SAFETY,TABLE_ALIGNED,5,after_fifth_confirmed_rotation,17,DRAINED,DRAINED,NONE,True,8908.0013,True,True,0.0,500,500.9013,10185.7284,-4160.253100000002,0,6724,6724,6724,12.317512,C:\Users\cta10\OneDrive\Desktop\part4\704\704GP1\Integration\Zhiyuan\experiment_runs_event_v4\safety_table_aligned_05_rep17.result.txt,
DECOMPOSED_3CD,SAFETY,TABLE_ALIGNED,5,after_fifth_confirmed_rotation,18,DRAINED,DRAINED,NONE,True,8896.6393,True,True,0.0,500,500.3724,10169.0587,-4176.922800000002,0,6757,6757,6757,11.729313,C:\Users\cta10\OneDrive\Desktop\part4\704\704GP1\Integration\Zhiyuan\experiment_runs_event_v4\safety_table_aligned_05_rep18.result.txt,
DECOMPOSED_3CD,SAFETY,TABLE_ALIGNED,5,after_fifth_confirmed_rotation,19,EVENT_NOT_REACHED,FAULT,TABLE_ALIGNMENT_TIMEOUT,False,-1.0,False,False,-1.0,500,0.0,23402.265,,0,15604,15604,15604,27.654738,C:\Users\cta10\OneDrive\Desktop\part4\704\704GP1\Integration\Zhiyuan\experiment_runs_event_v4\safety_table_aligned_05_rep19.result.txt,
DECOMPOSED_3CD,SAFETY,TABLE_ALIGNED,5,after_fifth_confirmed_rotation,20,DRAINED,DRAINED,NONE,True,8909.9263,True,True,0.0,500,500.2373,10175.974,-4170.0075000000015,0,6798,6798,6798,11.702579,C:\Users\cta10\OneDrive\Desktop\part4\704\704GP1\Integration\Zhiyuan\experiment_runs_event_v4\safety_table_aligned_05_rep20.result.txt,
